{
  "type": "FeatureCollection",
  "features": [
    {
      "type": "Feature",
      "properties": {
        "bicycle": "no",
        "change": "no",
        "foot": "no",
        "hazmat:HK:1": "no",
        "hazmat:HK:2": "no",
        "hazmat:HK:3": "no",
        "hazmat:HK:3A": "no",
        "hazmat:HK:5": "no",
        "headlight:high": "prohibited",
        "headlight:low": "required",
        "highway": "trunk",
        "lanes": "2",
        "lanes:reversible": "1",
        "layer": "-1",
        "loc_name:zh": "機隧",
        "maxheight": "4.6",
        "maxspeed": "70",
        "maxspeed:variable": "obstruction",
        "minspeed": "25",
        "motor_vehicle:conditional": "no @ (hazmat:HK:1; hazmat:HK:2; hazmat:HK:3; hazmat:HK:3A; hazmat:HK:5); no @ (learner)",
        "motorroad": "yes",
        "motorway": "no",
        "name": "啟德隧道 Kai Tak Tunnel",
        "name:en": "Kai Tak Tunnel",
        "name:zh": "啟德隧道",
        "network": "HK",
        "network:area": "national",
        "network:guid": "HK",
        "network:name": "香港主要幹線 Hong Kong Strategic Routes",
        "network:name:en": "Hong Kong Strategic Routes",
        "network:name:zh": "香港主要幹線",
        "network:wikidata": "Q115916223",
        "old_name": "機場隧道 Airport Tunnel",
        "old_name:en": "Airport Tunnel",
        "old_name:zh": "機場隧道",
        "oneway": "yes",
        "ref": "5",
        "short_name:zh": "啟隧",
        "shoulder": "no",
        "supervised": "yes",
        "surface": "asphalt",
        "surveillance": "yes",
        "traffic_signals": "lane",
        "tunnel": "yes",
        "was:name": "機場隧道 Airport Tunnel",
        "was:name:en": "Airport Tunnel",
        "was:name:zh": "機場隧道"
      },
      "geometry": {
        "type": "LineString",
        "coordinates": [
          [
            114.200467,
            22.3240461
          ],
          [
            114.1931654,
            22.3242012
          ],
          [
            114.1930007,
            22.324196
          ],
          [
            114.1927992,
            22.324179
          ],
          [
            114.1925698,
            22.3241315
          ],
          [
            114.1923371,
            22.3240602
          ],
          [
            114.1921129,
            22.3239622
          ],
          [
            114.1919297,
            22.3238468
          ],
          [
            114.1917664,
            22.3236988
          ],
          [
            114.1916415,
            22.3235357
          ],
          [
            114.1914654,
            22.3232641
          ],
          [
            114.1907076,
            22.3216677
          ],
          [
            114.1906319,
            22.3214535
          ]
        ]
      }
    },
    {
      "type": "Feature",
      "properties": {
        "carriageway": "dual",
        "highway": "primary",
        "lanes": "3",
        "maxspeed": "50",
        "name": "馬頭圍道 Ma Tau Wai Road",
        "name:en": "Ma Tau Wai Road",
        "name:zh": "馬頭圍道",
        "oneway": "yes",
        "sidewalk": "left",
        "surface": "asphalt"
      },
      "geometry": {
        "type": "LineString",
        "coordinates": [
          [
            114.1877537,
            22.3157369
          ],
          [
            114.1877616,
            22.3154698
          ],
          [
            114.1877581,
            22.3153813
          ],
          [
            114.1877433,
            22.3152466
          ],
          [
            114.1877302,
            22.3151802
          ],
          [
            114.1876987,
            22.3150477
          ],
          [
            114.1876527,
            22.3148538
          ],
          [
            114.1876194,
            22.3147183
          ],
          [
            114.187576,
            22.3145424
          ],
          [
            114.187521,
            22.314343
          ],
          [
            114.1874867,
            22.314222
          ]
        ]
      }
    },
    {
      "type": "Feature",
      "properties": {
        "alt_name": "東九龍高架公路 East Kowloon Way",
        "alt_name:en": "East Kowloon Way",
        "alt_name:zh": "東九龍高架公路",
        "bicycle": "no",
        "cutting": "yes",
        "foot": "no",
        "hazmat:HK:1": "no",
        "hazmat:HK:2": "no",
        "hazmat:HK:3": "no",
        "hazmat:HK:3A": "no",
        "hazmat:HK:5": "no",
        "highway": "trunk",
        "lanes": "2",
        "maxheight": "4.6",
        "maxspeed": "70",
        "motor_vehicle:conditional": "no @ (hazmat:HK:1; hazmat:HK:2; hazmat:HK:3; hazmat:HK:3A; hazmat:HK:5); no @ (learner)",
        "motorroad": "yes",
        "motorway": "no",
        "name": "東九龍走廊 East Kowloon Corridor",
        "name:en": "East Kowloon Corridor",
        "name:zh": "東九龍走廊",
        "network": "HK",
        "network:area": "national",
        "network:guid": "HK",
        "network:name": "香港主要幹線 Hong Kong Strategic Routes",
        "network:name:en": "Hong Kong Strategic Routes",
        "network:name:zh": "香港主要幹線",
        "network:wikidata": "Q115916223",
        "noaddress": "yes",
        "oneway": "yes",
        "ref": "5",
        "shoulder": "no",
        "street:noname": "yes",
        "supervised": "yes",
        "surface": "asphalt",
        "surveillance": "yes",
        "traffic_signals": "lane"
      },
      "geometry": {
        "type": "LineString",
        "coordinates": [
          [
            114.1905304,
            22.3210452
          ],
          [
            114.1904543,
            22.3208052
          ]
        ]
      }
    },
    {
      "type": "Feature",
      "properties": {
        "carriageway": "single",
        "highway": "unclassified",
        "maxlength": "10",
        "motor_vehicle:conditional": "no @ (learner AND Mo-Sa 07:30 - 19:30)",
        "name": "嘉齡道 Gullane Road",
        "name:en": "Gullane Road",
        "name:zh": "嘉齡道",
        "oneway": "no",
        "sidewalk": "both",
        "surface": "paved"
      },
      "geometry": {
        "type": "LineString",
        "coordinates": [
          [
            114.1802732,
            22.3224345
          ],
          [
            114.1803136,
            22.3223588
          ],
          [
            114.1803314,
            22.3223221
          ],
          [
            114.1803581,
            22.3222642
          ],
          [
            114.1804921,
            22.3219957
          ],
          [
            114.1805234,
            22.3219329
          ]
        ]
      }
    },
    {
      "type": "Feature",
      "properties": {
        "carriageway": "single",
        "highway": "residential",
        "lanes": "1",
        "motor_vehicle:conditional": "no @ (learner AND Mo-Sa 07:30 - 19:30)",
        "name": "陶域道 Tweed Road",
        "name:en": "Tweed Road",
        "name:zh": "陶域道",
        "oneway": "yes",
        "sidewalk": "both"
      },
      "geometry": {
        "type": "LineString",
        "coordinates": [
          [
            114.1805234,
            22.3219329
          ],
          [
            114.1805942,
            22.321965
          ],
          [
            114.180805,
            22.3220607
          ],
          [
            114.1815983,
            22.3224208
          ],
          [
            114.1817379,
            22.3224842
          ],
          [
            114.1817888,
            22.3225007
          ]
        ]
      }
    },
    {
      "type": "Feature",
      "properties": {
        "highway": "service"
      },
      "geometry": {
        "type": "LineString",
        "coordinates": [
          [
            114.1811571,
            22.3180012
          ],
          [
            114.1813578,
            22.3178817
          ],
          [
            114.1815734,
            22.318202
          ]
        ]
      }
    },
    {
      "type": "Feature",
      "properties": {
        "alt_name": "東九龍高架公路 East Kowloon Way",
        "alt_name:en": "East Kowloon Way",
        "alt_name:zh": "東九龍高架公路",
        "bicycle": "no",
        "foot": "no",
        "hazmat:HK:1": "no",
        "hazmat:HK:2": "no",
        "hazmat:HK:3": "no",
        "hazmat:HK:3A": "no",
        "hazmat:HK:5": "no",
        "highway": "trunk",
        "lanes": "2",
        "maxheight": "4.6",
        "maxspeed": "70",
        "motor_vehicle:conditional": "no @ (hazmat:HK:1; hazmat:HK:2; hazmat:HK:3; hazmat:HK:3A; hazmat:HK:5); no @ (learner)",
        "motorroad": "yes",
        "motorway": "no",
        "name": "東九龍走廊 East Kowloon Corridor",
        "name:en": "East Kowloon Corridor",
        "name:zh": "東九龍走廊",
        "network": "HK",
        "network:area": "national",
        "network:guid": "HK",
        "network:name": "香港主要幹線 Hong Kong Strategic Routes",
        "network:name:en": "Hong Kong Strategic Routes",
        "network:name:zh": "香港主要幹線",
        "network:wikidata": "Q115916223",
        "noaddress": "yes",
        "oneway": "yes",
        "ref": "5",
        "shoulder": "no",
        "street:noname": "yes",
        "supervised": "yes",
        "surface": "asphalt",
        "surveillance": "yes",
        "traffic_signals": "lane"
      },
      "geometry": {
        "type": "LineString",
        "coordinates": [
          [
            114.1898263,
            22.3197666
          ],
          [
            114.1898887,
            22.3198539
          ],
          [
            114.1899459,
            22.3199382
          ],
          [
            114.1900008,
            22.3200253
          ],
          [
            114.1900632,
            22.320128
          ],
          [
            114.1901147,
            22.3202201
          ],
          [
            114.1901616,
            22.3203119
          ],
          [
            114.1902109,
            22.3204189
          ],
          [
            114.190256,
            22.3205246
          ],
          [
            114.1902914,
            22.3206207
          ],
          [
            114.1903234,
            22.3207134
          ],
          [
            114.1903568,
            22.3208314
          ]
        ]
      }
    },
    {
      "type": "Feature",
      "properties": {
        "carriageway": "single",
        "highway": "secondary",
        "lanes": "3",
        "name": "九龍城道 Kowloon City Road",
        "name:en": "Kowloon City Road",
        "name:zh": "九龍城道",
        "oneway": "yes",
        "sidewalk": "both",
        "surface": "asphalt",
        "turn:lanes": "through|through|right"
      },
      "geometry": {
        "type": "LineString",
        "coordinates": [
          [
            114.190591,
            22.321603
          ],
          [
            114.1906285,
            22.3216781
          ],
          [
            114.1906601,
            22.3217499
          ],
          [
            114.1909438,
            22.3223395
          ],
          [
            114.1909678,
            22.3223894
          ],
          [
            114.1909825,
            22.3224197
          ],
          [
            114.1910275,
            22.3224981
          ]
        ]
      }
    },
    {
      "type": "Feature",
      "properties": {
        "carriageway": "single",
        "highway": "unclassified",
        "lanes": "1",
        "maxspeed": "50",
        "name": "九龍城道 Kowloon City Road",
        "name:en": "Kowloon City Road",
        "name:zh": "九龍城道",
        "oneway": "yes",
        "sidewalk": "left"
      },
      "geometry": {
        "type": "LineString",
        "coordinates": [
          [
            114.1893469,
            22.3191908
          ],
          [
            114.1893981,
            22.3192836
          ],
          [
            114.1895074,
            22.3194902
          ],
          [
            114.1897742,
            22.3200745
          ],
          [
            114.1900167,
            22.3205896
          ],
          [
            114.1900897,
            22.3207086
          ],
          [
            114.1902578,
            22.3210416
          ],
          [
            114.190385,
            22.3212644
          ]
        ]
      }
    },
    {
      "type": "Feature",
      "properties": {
        "carriageway": "single",
        "highway": "tertiary",
        "lanes": "2",
        "motor_vehicle:conditional": "no @ (learner)",
        "name": "農圃道 Farm Road",
        "name:en": "Farm Road",
        "name:zh": "農圃道",
        "note:highway:criteria": "restriction",
        "oneway": "yes",
        "oneway:start_date": "2021-08-08",
        "share_taxi": "no",
        "sidewalk": "both",
        "surface": "asphalt",
        "was:oneway": "-1",
        "was:oneway:end_date": "2021-08-08"
      },
      "geometry": {
        "type": "LineString",
        "coordinates": [
          [
            114.1875031,
            22.3210304
          ],
          [
            114.1874052,
            22.3210284
          ],
          [
            114.1873851,
            22.3210279
          ],
          [
            114.1863881,
            22.3210217
          ],
          [
            114.1863146,
            22.3210212
          ],
          [
            114.1862589,
            22.3210209
          ],
          [
            114.1861378,
            22.3210201
          ],
          [
            114.1858618,
            22.3210211
          ],
          [
            114.1852523,
            22.3210136
          ],
          [
            114.1851555,
            22.3210124
          ]
        ]
      }
    },
    {
      "type": "Feature",
      "properties": {
        "from:motorroad": "yes",
        "highway": "trunk_link",
        "lanes": "1",
        "maxspeed": "70",
        "name": "啟德隧道 Kai Tak Tunnel",
        "name:en": "Kai Tak Tunnel",
        "name:zh": "啟德隧道",
        "oneway": "yes",
        "surface": "concrete"
      },
      "geometry": {
        "type": "LineString",
        "coordinates": [
          [
            114.1913106,
            22.3237618
          ],
          [
            114.1912241,
            22.3238296
          ],
          [
            114.1911215,
            22.3238775
          ],
          [
            114.1910052,
            22.3239001
          ],
          [
            114.1908814,
            22.323901
          ],
          [
            114.1906785,
            22.3238931
          ]
        ]
      }
    },
    {
      "type": "Feature",
      "properties": {
        "bicycle": "no",
        "foot": "no",
        "hazmat:HK:1": "no",
        "hazmat:HK:2": "no",
        "hazmat:HK:3": "no",
        "hazmat:HK:3A": "no",
        "hazmat:HK:5": "no",
        "highway": "trunk_link",
        "lanes": "1",
        "maxheight": "4.6",
        "maxspeed": "70",
        "motor_vehicle:conditional": "no @ (hazmat:HK:1; hazmat:HK:2; hazmat:HK:3; hazmat:HK:3A; hazmat:HK:5); no @ (learner)",
        "motorroad": "yes",
        "motorway": "no",
        "oneway": "yes",
        "shoulder": "no",
        "surface": "asphalt"
      },
      "geometry": {
        "type": "LineString",
        "coordinates": [
          [
            114.1898263,
            22.3197666
          ],
          [
            114.1900695,
            22.3202506
          ],
          [
            114.1901209,
            22.3203746
          ],
          [
            114.1901552,
            22.3204905
          ],
          [
            114.1901885,
            22.3206115
          ],
          [
            114.1902214,
            22.3207355
          ],
          [
            114.190252,
            22.3208359
          ],
          [
            114.1902955,
            22.3209621
          ],
          [
            114.1903529,
            22.3211151
          ],
          [
            114.190385,
            22.3212644
          ]
        ]
      }
    },
    {
      "type": "Feature",
      "properties": {
        "alt_name": "東九龍高架公路 East Kowloon Way",
        "alt_name:en": "East Kowloon Way",
        "alt_name:zh": "東九龍高架公路",
        "bicycle": "no",
        "bridge": "yes",
        "foot": "no",
        "hazmat:HK:1": "no",
        "hazmat:HK:2": "no",
        "hazmat:HK:3": "no",
        "hazmat:HK:3A": "no",
        "hazmat:HK:5": "no",
        "highway": "trunk",
        "lanes": "2",
        "layer": "1",
        "maxheight": "4.6",
        "maxspeed": "70",
        "motor_vehicle:conditional": "no @ (hazmat:HK:1; hazmat:HK:2; hazmat:HK:3; hazmat:HK:3A; hazmat:HK:5); no @ (learner)",
        "motorroad": "yes",
        "name": "東九龍走廊 East Kowloon Corridor",
        "name:en": "East Kowloon Corridor",
        "name:zh": "東九龍走廊",
        "network": "HK",
        "network:area": "national",
        "network:guid": "HK",
        "network:name": "香港主要幹線 Hong Kong Strategic Routes",
        "network:name:en": "Hong Kong Strategic Routes",
        "network:name:zh": "香港主要幹線",
        "network:wikidata": "Q115916223",
        "noaddress": "yes",
        "oneway": "yes",
        "ref": "5",
        "street:noname": "yes",
        "surface": "asphalt"
      },
      "geometry": {
        "type": "LineString",
        "coordinates": [
          [
            114.1896395,
            22.3193568
          ],
          [
            114.189521,
            22.3191928
          ]
        ]
      }
    },
    {
      "type": "Feature",
      "properties": {
        "alt_name": "東九龍高架公路 East Kowloon Way",
        "alt_name:en": "East Kowloon Way",
        "alt_name:zh": "東九龍高架公路",
        "bicycle": "no",
        "bridge": "yes",
        "foot": "no",
        "hazmat:HK:1": "no",
        "hazmat:HK:2": "no",
        "hazmat:HK:3": "no",
        "hazmat:HK:3A": "no",
        "hazmat:HK:5": "no",
        "highway": "trunk",
        "lanes": "2",
        "layer": "2",
        "maxheight": "4.6",
        "maxspeed": "70",
        "motor_vehicle:conditional": "no @ (hazmat:HK:1; hazmat:HK:2; hazmat:HK:3; hazmat:HK:3A; hazmat:HK:5); no @ (learner)",
        "motorroad": "yes",
        "motorway": "no",
        "name": "東九龍走廊 East Kowloon Corridor",
        "name:en": "East Kowloon Corridor",
        "name:zh": "東九龍走廊",
        "network": "HK",
        "network:area": "national",
        "network:guid": "HK",
        "network:name": "香港主要幹線 Hong Kong Strategic Routes",
        "network:name:en": "Hong Kong Strategic Routes",
        "network:name:zh": "香港主要幹線",
        "network:wikidata": "Q115916223",
        "noaddress": "yes",
        "oneway": "yes",
        "ref": "5",
        "shoulder": "no",
        "street:noname": "yes",
        "supervised": "yes",
        "surface": "asphalt",
        "surveillance": "yes",
        "traffic_signals": "lane"
      },
      "geometry": {
        "type": "LineString",
        "coordinates": [
          [
            114.1854103,
            22.310874
          ],
          [
            114.1855036,
            22.3110532
          ],
          [
            114.185576,
            22.3111869
          ],
          [
            114.1856389,
            22.3112993
          ],
          [
            114.1857099,
            22.3114187
          ],
          [
            114.1858089,
            22.3115798
          ],
          [
            114.1869733,
            22.3133851
          ],
          [
            114.187047,
            22.3135047
          ],
          [
            114.1871118,
            22.3136189
          ],
          [
            114.1871656,
            22.3137201
          ],
          [
            114.1872188,
            22.3138299
          ],
          [
            114.1872637,
            22.3139303
          ],
          [
            114.1873044,
            22.3140337
          ],
          [
            114.1873413,
            22.3141374
          ],
          [
            114.1873678,
            22.3142205
          ],
          [
            114.1874009,
            22.314329
          ],
          [
            114.1874329,
            22.3144551
          ],
          [
            114.1874613,
            22.3145849
          ],
          [
            114.1874986,
            22.3148101
          ],
          [
            114.1875366,
            22.3150831
          ],
          [
            114.1875537,
            22.3151946
          ],
          [
            114.1875716,
            22.3153007
          ],
          [
            114.1875913,
            22.3154
          ],
          [
            114.1876203,
            22.3155214
          ],
          [
            114.1876514,
            22.3156391
          ],
          [
            114.1876874,
            22.3157541
          ],
          [
            114.1877314,
            22.3158828
          ],
          [
            114.1877815,
            22.31601
          ],
          [
            114.1878292,
            22.3161176
          ],
          [
            114.1878937,
            22.3162512
          ],
          [
            114.1891156,
            22.318693
          ],
          [
            114.1891926,
            22.318838
          ],
          [
            114.1892558,
            22.3189519
          ],
          [
            114.1893125,
            22.3190468
          ],
          [
            114.1893644,
            22.3191283
          ],
          [
            114.1894137,
            22.319199
          ],
          [
            114.1894787,
            22.3192889
          ]
        ]
      }
    },
    {
      "type": "Feature",
      "properties": {
        "highway": "residential",
        "lanes": "2",
        "name": "牧愛街 Good Shepherd Street",
        "name:en": "Good Shepherd Street",
        "name:zh": "牧愛街",
        "oneway": "yes",
        "surface": "asphalt"
      },
      "geometry": {
        "type": "LineString",
        "coordinates": [
          [
            114.1810483,
            22.3144314
          ],
          [
            114.1810013,
            22.3145144
          ],
          [
            114.1808982,
            22.3149508
          ],
          [
            114.1808887,
            22.3149909
          ],
          [
            114.1808486,
            22.3150683
          ],
          [
            114.1807623,
            22.3154012
          ],
          [
            114.1807009,
            22.3156379
          ],
          [
            114.1806299,
            22.3157466
          ],
          [
            114.1806113,
            22.3157719
          ],
          [
            114.1805893,
            22.315802
          ],
          [
            114.1805341,
            22.3158509
          ],
          [
            114.1804846,
            22.3158864
          ],
          [
            114.180282,
            22.3159787
          ],
          [
            114.1796533,
            22.3162174
          ],
          [
            114.1795528,
            22.3162555
          ]
        ]
      }
    },
    {
      "type": "Feature",
      "properties": {
        "highway": "secondary",
        "lanes": "2",
        "maxspeed": "50",
        "name": "培正道 Pui Ching Road",
        "name:en": "Pui Ching Road",
        "name:zh": "培正道",
        "oneway": "yes",
        "sidewalk": "no",
        "surface": "asphalt"
      },
      "geometry": {
        "type": "LineString",
        "coordinates": [
          [
            114.178835,
            22.3173908
          ],
          [
            114.1789543,
            22.3173395
          ]
        ]
      }
    },
    {
      "type": "Feature",
      "properties": {
        "bridge": "yes",
        "carriageway": "dual",
        "highway": "secondary",
        "lanes": "2",
        "layer": "1",
        "maxspeed": "50",
        "name": "培正道 Pui Ching Road",
        "name:en": "Pui Ching Road",
        "name:zh": "培正道",
        "oneway": "yes",
        "sidewalk": "no",
        "surface": "asphalt"
      },
      "geometry": {
        "type": "LineString",
        "coordinates": [
          [
            114.1782426,
            22.3176243
          ],
          [
            114.178835,
            22.3173908
          ]
        ]
      }
    },
    {
      "type": "Feature",
      "properties": {
        "bridge": "yes",
        "carriageway": "dual",
        "highway": "secondary",
        "lanes": "3",
        "layer": "1",
        "maxspeed": "50",
        "name": "培正道 Pui Ching Road",
        "name:en": "Pui Ching Road",
        "name:zh": "培正道",
        "oneway": "yes",
        "surface": "asphalt"
      },
      "geometry": {
        "type": "LineString",
        "coordinates": [
          [
            114.1787982,
            22.3173033
          ],
          [
            114.1782008,
            22.3175461
          ]
        ]
      }
    },
    {
      "type": "Feature",
      "properties": {
        "highway": "residential",
        "name": "美光街 Mei Kwong Street",
        "name:en": "Mei Kwong Street",
        "name:zh": "美光街",
        "oneway": "yes"
      },
      "geometry": {
        "type": "LineString",
        "coordinates": [
          [
            114.1907389,
            22.3166356
          ],
          [
            114.1907782,
            22.3166001
          ],
          [
            114.1909425,
            22.3164674
          ],
          [
            114.1909724,
            22.3164591
          ],
          [
            114.1910016,
            22.3164673
          ],
          [
            114.1917758,
            22.317256
          ],
          [
            114.1918295,
            22.3173107
          ]
        ]
      }
    },
    {
      "type": "Feature",
      "properties": {
        "highway": "residential",
        "name": "龍德街 Lung Tak Street",
        "name:en": "Lung Tak Street",
        "name:zh": "龍德街",
        "oneway": "yes",
        "sidewalk": "both"
      },
      "geometry": {
        "type": "LineString",
        "coordinates": [
          [
            114.1889858,
            22.3145563
          ],
          [
            114.1889966,
            22.3146159
          ],
          [
            114.1892038,
            22.3149706
          ],
          [
            114.1892583,
            22.3150268
          ]
        ]
      }
    },
    {
      "type": "Feature",
      "properties": {
        "highway": "tertiary",
        "name": "旭日街 Yuk Yat Street",
        "name:en": "Yuk Yat Street",
        "name:zh": "旭日街"
      },
      "geometry": {
        "type": "LineString",
        "coordinates": [
          [
            114.1903204,
            22.3144907
          ],
          [
            114.1903975,
            22.3146464
          ],
          [
            114.190422,
            22.3146957
          ],
          [
            114.1905212,
            22.3148402
          ],
          [
            114.190658,
            22.3149866
          ],
          [
            114.190928,
            22.3152643
          ],
          [
            114.1909464,
            22.3152832
          ]
        ]
      }
    },
    {
      "type": "Feature",
      "properties": {
        "highway": "residential",
        "motor_vehicle:conditional": "no @ (learner)",
        "name": "敬德街 King Tak Street",
        "name:en": "King Tak Street",
        "name:zh": "敬德街"
      },
      "geometry": {
        "type": "LineString",
        "coordinates": [
          [
            114.1797701,
            22.3195288
          ],
          [
            114.1799356,
            22.319869
          ],
          [
            114.1799545,
            22.3198939
          ],
          [
            114.1799899,
            22.31992
          ],
          [
            114.1801083,
            22.3199832
          ],
          [
            114.1802142,
            22.3200247
          ],
          [
            114.1802987,
            22.3200578
          ]
        ]
      }
    },
    {
      "type": "Feature",
      "properties": {
        "access": "private",
        "highway": "service",
        "name": "Glory Avenue"
      },
      "geometry": {
        "type": "LineString",
        "coordinates": [
          [
            114.1824948,
            22.3213597
          ],
          [
            114.1824952,
            22.3206323
          ],
          [
            114.1828754,
            22.3206387
          ],
          [
            114.1832966,
            22.3207541
          ]
        ]
      }
    },
    {
      "type": "Feature",
      "properties": {
        "carriageway": "dual",
        "highway": "primary",
        "lanes": "1",
        "maxspeed": "50",
        "name": "公主道 Princess Margaret Road",
        "name:en": "Princess Margaret Road",
        "name:zh": "公主道",
        "oneway": "yes",
        "sidewalk": "left"
      },
      "geometry": {
        "type": "LineString",
        "coordinates": [
          [
            114.179148,
            22.3190851
          ],
          [
            114.1791487,
            22.3193569
          ],
          [
            114.179145,
            22.3194045
          ],
          [
            114.1791412,
            22.3194521
          ],
          [
            114.179136,
            22.3195187
          ],
          [
            114.1790774,
            22.3197474
          ],
          [
            114.1790666,
            22.3197818
          ],
          [
            114.1790634,
            22.3197921
          ],
          [
            114.1790115,
            22.3199631
          ]
        ]
      }
    },
    {
      "type": "Feature",
      "properties": {
        "bicycle": "no",
        "bridge": "yes",
        "foot": "no",
        "highway": "trunk",
        "lanes": "2",
        "layer": "1",
        "maxspeed": "50",
        "name": "公主道 Princess Margaret Road",
        "name:en": "Princess Margaret Road",
        "name:zh": "公主道",
        "network": "HK",
        "network:area": "national",
        "network:guid": "HK",
        "network:name": "香港主要幹線 Hong Kong Strategic Routes",
        "network:name:en": "Hong Kong Strategic Routes",
        "network:name:zh": "香港主要幹線",
        "network:wikidata": "Q115916223",
        "oneway": "yes",
        "ref": "1",
        "surface": "asphalt"
      },
      "geometry": {
        "type": "LineString",
        "coordinates": [
          [
            114.1781654,
            22.3225069
          ],
          [
            114.1780771,
            22.3221917
          ],
          [
            114.1780555,
            22.3220964
          ],
          [
            114.1780443,
            22.3220208
          ],
          [
            114.178039,
            22.3219444
          ],
          [
            114.1780417,
            22.3218713
          ],
          [
            114.1780508,
            22.3217943
          ],
          [
            114.1780647,
            22.3217308
          ],
          [
            114.1780809,
            22.3216778
          ],
          [
            114.178113,
            22.3216005
          ],
          [
            114.1781426,
            22.321546
          ],
          [
            114.1781793,
            22.3214851
          ]
        ]
      }
    },
    {
      "type": "Feature",
      "properties": {
        "bicycle": "no",
        "change": "no",
        "foot": "no",
        "highway": "trunk",
        "lanes": "2",
        "maxspeed": "50",
        "name": "窩打老道 Waterloo Road",
        "name:en": "Waterloo Road",
        "name:zh": "窩打老道",
        "network": "HK",
        "network:area": "national",
        "network:guid": "HK",
        "network:name": "香港主要幹線 Hong Kong Strategic Routes",
        "network:name:en": "Hong Kong Strategic Routes",
        "network:name:zh": "香港主要幹線",
        "network:wikidata": "Q115916223",
        "oneway": "yes",
        "ref": "1",
        "surface": "asphalt"
      },
      "geometry": {
        "type": "LineString",
        "coordinates": [
          [
            114.1781074,
            22.3225277
          ],
          [
            114.1781641,
            22.322776
          ],
          [
            114.1781963,
            22.3230219
          ],
          [
            114.1782077,
            22.3232028
          ],
          [
            114.1781862,
            22.3234115
          ]
        ]
      }
    },
    {
      "type": "Feature",
      "properties": {
        "bicycle": "no",
        "bridge": "yes",
        "change": "no",
        "foot": "no",
        "highway": "trunk",
        "lanes": "2",
        "layer": "1",
        "maxspeed": "50",
        "name": "公主道 Princess Margaret Road",
        "name:en": "Princess Margaret Road",
        "name:zh": "公主道",
        "network": "HK",
        "network:area": "national",
        "network:guid": "HK",
        "network:name": "香港主要幹線 Hong Kong Strategic Routes",
        "network:name:en": "Hong Kong Strategic Routes",
        "network:name:zh": "香港主要幹線",
        "network:wikidata": "Q115916223",
        "oneway": "yes",
        "ref": "1"
      },
      "geometry": {
        "type": "LineString",
        "coordinates": [
          [
            114.1792195,
            22.3190708
          ],
          [
            114.1792296,
            22.3191618
          ],
          [
            114.1792319,
            22.3192985
          ],
          [
            114.179225,
            22.3194219
          ],
          [
            114.1792085,
            22.3195413
          ],
          [
            114.1791812,
            22.3196783
          ],
          [
            114.1791529,
            22.3197849
          ],
          [
            114.1791194,
            22.3198882
          ],
          [
            114.1790612,
            22.3200238
          ],
          [
            114.1789505,
            22.3202421
          ],
          [
            114.1787435,
            22.3205918
          ],
          [
            114.1782227,
            22.3212957
          ],
          [
            114.178048,
            22.32155
          ]
        ]
      }
    },
    {
      "type": "Feature",
      "properties": {
        "highway": "residential",
        "name": "長寧街 Cheung Ning Street",
        "name:en": "Cheung Ning Street",
        "name:zh": "長寧街",
        "oneway": "yes"
      },
      "geometry": {
        "type": "LineString",
        "coordinates": [
          [
            114.1894149,
            22.3165802
          ],
          [
            114.1894423,
            22.3166362
          ],
          [
            114.189456,
            22.3166643
          ],
          [
            114.1900989,
            22.317962
          ],
          [
            114.1901267,
            22.3180178
          ]
        ]
      }
    },
    {
      "type": "Feature",
      "properties": {
        "highway": "unclassified",
        "name": "高山道 Ko Shan Road",
        "name:en": "Ko Shan Road",
        "name:zh": "高山道"
      },
      "geometry": {
        "type": "LineString",
        "coordinates": [
          [
            114.1869798,
            22.3154851
          ],
          [
            114.1869671,
            22.315392
          ],
          [
            114.1869268,
            22.3150954
          ],
          [
            114.1869159,
            22.3150222
          ],
          [
            114.186841,
            22.3144632
          ],
          [
            114.1868081,
            22.3143839
          ],
          [
            114.1867889,
            22.3143375
          ],
          [
            114.1867365,
            22.3142199
          ],
          [
            114.1864711,
            22.313662
          ],
          [
            114.186441,
            22.3135988
          ],
          [
            114.1864201,
            22.3135475
          ],
          [
            114.1860181,
            22.3129171
          ],
          [
            114.185967,
            22.3128369
          ],
          [
            114.1857219,
            22.3124526
          ],
          [
            114.1855054,
            22.3121132
          ],
          [
            114.1854763,
            22.3120835
          ],
          [
            114.1854509,
            22.3120637
          ]
        ]
      }
    },
    {
      "type": "Feature",
      "properties": {
        "carriageway": "single",
        "highway": "tertiary",
        "lanes": "1",
        "name": "浙江街 Chi Kiang Street",
        "name:en": "Chi Kiang Street",
        "name:zh": "浙江街",
        "oneway": "yes",
        "parking:both": "lane",
        "sidewalk": "both",
        "surface": "asphalt"
      },
      "geometry": {
        "type": "LineString",
        "coordinates": [
          [
            114.1874143,
            22.3154818
          ],
          [
            114.1869798,
            22.3154851
          ]
        ]
      }
    },
    {
      "type": "Feature",
      "properties": {
        "carriageway": "single",
        "highway": "tertiary",
        "lanes": "2",
        "name": "譚公道 Tam Kung Road",
        "name:en": "Tam Kung Road",
        "name:zh": "譚公道",
        "note:highway:criteria": "restriction",
        "oneway": "yes",
        "sidewalk": "left",
        "surface": "asphalt"
      },
      "geometry": {
        "type": "LineString",
        "coordinates": [
          [
            114.187964,
            22.3215889
          ],
          [
            114.1879234,
            22.3214533
          ],
          [
            114.1877369,
            22.3210795
          ],
          [
            114.1876331,
            22.3208712
          ]
        ]
      }
    },
    {
      "type": "Feature",
      "properties": {
        "carriageway": "dual",
        "highway": "primary",
        "lanes": "3",
        "maxspeed": "50",
        "name": "馬頭圍道 Ma Tau Wai Road",
        "name:en": "Ma Tau Wai Road",
        "name:zh": "馬頭圍道",
        "oneway": "yes",
        "sidewalk": "left",
        "surface": "concrete"
      },
      "geometry": {
        "type": "LineString",
        "coordinates": [
          [
            114.1873533,
            22.3142534
          ],
          [
            114.1873738,
            22.3143558
          ],
          [
            114.1874507,
            22.3146827
          ],
          [
            114.1874649,
            22.3147432
          ]
        ]
      }
    },
    {
      "type": "Feature",
      "properties": {
        "carriageway": "dual",
        "highway": "primary",
        "lanes": "3",
        "name": "馬頭涌道 Ma Tau Chung Road",
        "name:en": "Ma Tau Chung Road",
        "name:zh": "馬頭涌道",
        "oneway": "yes",
        "sidewalk:left": "separate",
        "sidewalk:right": "no",
        "surface": "asphalt"
      },
      "geometry": {
        "type": "LineString",
        "coordinates": [
          [
            114.1875029,
            22.3221047
          ],
          [
            114.1875122,
            22.3221475
          ],
          [
            114.1875282,
            22.3221993
          ],
          [
            114.187554,
            22.3222611
          ],
          [
            114.1876106,
            22.3223734
          ],
          [
            114.1876357,
            22.3224231
          ],
          [
            114.1877359,
            22.3226218
          ],
          [
            114.1877576,
            22.3226649
          ],
          [
            114.1878267,
            22.322802
          ]
        ]
      }
    },
    {
      "type": "Feature",
      "properties": {
        "highway": "residential",
        "name": "長寧街 Cheung Ning Street",
        "name:en": "Cheung Ning Street",
        "name:zh": "長寧街"
      },
      "geometry": {
        "type": "LineString",
        "coordinates": [
          [
            114.1901267,
            22.3180178
          ],
          [
            114.1901453,
            22.3180541
          ],
          [
            114.1902908,
            22.3183353
          ]
        ]
      }
    },
    {
      "type": "Feature",
      "properties": {
        "abutters": "industrial",
        "carriageway": "dual",
        "highway": "unclassified",
        "name": "九龍城道 Kowloon City Road",
        "name:en": "Kowloon City Road",
        "name:zh": "九龍城道",
        "oneway": "yes",
        "sidewalk": "left",
        "usage": "local"
      },
      "geometry": {
        "type": "LineString",
        "coordinates": [
          [
            114.1894752,
            22.3190845
          ],
          [
            114.1894557,
            22.3190756
          ],
          [
            114.1894395,
            22.319062
          ],
          [
            114.189428,
            22.319045
          ],
          [
            114.1892683,
            22.3187257
          ],
          [
            114.1891466,
            22.3184822
          ],
          [
            114.1891283,
            22.3184456
          ]
        ]
      }
    },
    {
      "type": "Feature",
      "properties": {
        "highway": "unclassified",
        "lane_markings": "no",
        "name": "榮光街 Wing Kwong Street",
        "name:en": "Wing Kwong Street",
        "name:zh": "榮光街",
        "oneway": "yes",
        "surface": "concrete"
      },
      "geometry": {
        "type": "LineString",
        "coordinates": [
          [
            114.1896063,
            22.3142946
          ],
          [
            114.1895877,
            22.3142592
          ],
          [
            114.1894979,
            22.3140764
          ],
          [
            114.1894286,
            22.3139309
          ],
          [
            114.1893994,
            22.3138697
          ],
          [
            114.1893903,
            22.3138498
          ],
          [
            114.1892295,
            22.313516
          ],
          [
            114.1892133,
            22.3134823
          ],
          [
            114.1891933,
            22.3134408
          ],
          [
            114.1885521,
            22.3134394
          ],
          [
            114.1877666,
            22.3134376
          ],
          [
            114.187668,
            22.3134374
          ]
        ]
      }
    },
    {
      "type": "Feature",
      "properties": {
        "highway": "unclassified",
        "name": "馬坑涌道 Ma Hang Chung Road",
        "name:en": "Ma Hang Chung Road",
        "name:zh": "馬坑涌道",
        "oneway": "yes"
      },
      "geometry": {
        "type": "LineString",
        "coordinates": [
          [
            114.1895074,
            22.3194902
          ],
          [
            114.1894287,
            22.3195257
          ],
          [
            114.1890611,
            22.3196917
          ],
          [
            114.1890018,
            22.3197185
          ]
        ]
      }
    },
    {
      "type": "Feature",
      "properties": {
        "highway": "residential",
        "name": "啓明街 Kai Ming Street",
        "name:en": "Kai Ming Street",
        "name:zh": "啓明街"
      },
      "geometry": {
        "type": "LineString",
        "coordinates": [
          [
            114.1881496,
            22.3138851
          ],
          [
            114.188133,
            22.3138923
          ],
          [
            114.1877784,
            22.3140427
          ]
        ]
      }
    },
    {
      "type": "Feature",
      "properties": {
        "highway": "residential",
        "lanes": "2",
        "name": "四川街 Sze Chuen Street",
        "name:en": "Sze Chuen Street",
        "name:zh": "四川街",
        "sidewalk": "both",
        "surface": "asphalt"
      },
      "geometry": {
        "type": "LineString",
        "coordinates": [
          [
            114.1886998,
            22.3164011
          ],
          [
            114.188272,
            22.3165901
          ]
        ]
      }
    },
    {
      "type": "Feature",
      "properties": {
        "carriageway": "single",
        "highway": "residential",
        "lanes": "2",
        "name": "新山道 San Shan Road",
        "name:en": "San Shan Road",
        "name:zh": "新山道",
        "oneway": "yes",
        "sidewalk": "both"
      },
      "geometry": {
        "type": "LineString",
        "coordinates": [
          [
            114.1879234,
            22.3214533
          ],
          [
            114.1883496,
            22.3212778
          ],
          [
            114.1884218,
            22.3212481
          ],
          [
            114.1884955,
            22.3212169
          ],
          [
            114.1887081,
            22.3211269
          ],
          [
            114.189207,
            22.3209157
          ],
          [
            114.1894622,
            22.3208113
          ],
          [
            114.1895436,
            22.320778
          ]
        ]
      }
    },
    {
      "type": "Feature",
      "properties": {
        "bicycle:backward": "yes",
        "bus:backward": "designated",
        "carriageway": "single",
        "highway": "unclassified",
        "lanes": "3",
        "lanes:backward": "1",
        "lanes:forward": "2",
        "name": "馬頭角道 Ma Tau Kok Road",
        "name:en": "Ma Tau Kok Road",
        "name:zh": "馬頭角道",
        "oneway": "yes",
        "oneway:bicycle": "no",
        "oneway:bus": "no",
        "sidewalk": "both",
        "surface": "concrete"
      },
      "geometry": {
        "type": "LineString",
        "coordinates": [
          [
            114.1872896,
            22.3230285
          ],
          [
            114.1875484,
            22.3229224
          ],
          [
            114.1876878,
            22.3228622
          ],
          [
            114.1877299,
            22.3228429
          ],
          [
            114.1878267,
            22.322802
          ]
        ]
      }
    },
    {
      "type": "Feature",
      "properties": {
        "highway": "unclassified",
        "name": "銀漢街 Ngan Hon Street",
        "name:en": "Ngan Hon Street",
        "name:zh": "銀漢街",
        "oneway": "yes",
        "sidewalk": "both",
        "source": "Yahoo",
        "surface": "asphalt"
      },
      "geometry": {
        "type": "LineString",
        "coordinates": [
          [
            114.1883319,
            22.3148614
          ],
          [
            114.1883874,
            22.3148095
          ],
          [
            114.1889858,
            22.3145563
          ],
          [
            114.1896063,
            22.3142946
          ]
        ]
      }
    },
    {
      "type": "Feature",
      "properties": {
        "carriageway": "single",
        "highway": "tertiary",
        "lanes": "2",
        "name": "上鄉道 Sheung Heung Road",
        "name:en": "Sheung Heung Road",
        "name:zh": "上鄉道",
        "note:highway:criteria": "restriction",
        "oneway": "yes",
        "sidewalk": "both",
        "surface": "asphalt"
      },
      "geometry": {
        "type": "LineString",
        "coordinates": [
          [
            114.1896162,
            22.3182366
          ],
          [
            114.1896873,
            22.3182061
          ],
          [
            114.1900779,
            22.3180387
          ],
          [
            114.1901267,
            22.3180178
          ],
          [
            114.1901742,
            22.3179974
          ],
          [
            114.1907698,
            22.3177421
          ],
          [
            114.1908058,
            22.3177267
          ],
          [
            114.1908856,
            22.3176925
          ]
        ]
      }
    },
    {
      "type": "Feature",
      "properties": {
        "highway": "tertiary",
        "name": "浙江街 Chi Kiang Street",
        "name:en": "Chi Kiang Street",
        "name:zh": "浙江街",
        "parking:both": "lane"
      },
      "geometry": {
        "type": "LineString",
        "coordinates": [
          [
            114.1869798,
            22.3154851
          ],
          [
            114.1864221,
            22.3154891
          ]
        ]
      }
    },
    {
      "type": "Feature",
      "properties": {
        "highway": "residential",
        "name": "美景街 Mei King Street",
        "name:en": "Mei King Street",
        "name:zh": "美景街",
        "oneway": "yes"
      },
      "geometry": {
        "type": "LineString",
        "coordinates": [
          [
            114.1915865,
            22.3175119
          ],
          [
            114.1915307,
            22.3174514
          ],
          [
            114.1907389,
            22.3166356
          ],
          [
            114.1901981,
            22.31608
          ],
          [
            114.1901732,
            22.3160506
          ],
          [
            114.1901535,
            22.3160371
          ],
          [
            114.1901223,
            22.3160325
          ],
          [
            114.1901035,
            22.3160328
          ],
          [
            114.1900656,
            22.3160327
          ]
        ]
      }
    },
    {
      "type": "Feature",
      "properties": {
        "footway:left": "separate",
        "footway:right": "no",
        "highway": "residential",
        "intersection": "normal",
        "junction": "intersection",
        "name": "四川街 Sze Chuen Street",
        "name:en": "Sze Chuen Street",
        "name:zh": "四川街",
        "oneway": "yes",
        "sidewalk": "no",
        "surface": "asphalt"
      },
      "geometry": {
        "type": "LineString",
        "coordinates": [
          [
            114.1882138,
            22.3166163
          ],
          [
            114.1880676,
            22.316681
          ]
        ]
      }
    },
    {
      "type": "Feature",
      "properties": {
        "carriageway": "dual",
        "highway": "primary",
        "lanes": "3",
        "maxspeed": "50",
        "name": "漆咸道北 Chatham Road North",
        "name:en": "Chatham Road North",
        "name:zh": "漆咸道北",
        "oneway": "yes",
        "sidewalk": "left",
        "surface": "asphalt"
      },
      "geometry": {
        "type": "LineString",
        "coordinates": [
          [
            114.1874867,
            22.314222
          ],
          [
            114.187443,
            22.3140918
          ],
          [
            114.1874324,
            22.3140603
          ],
          [
            114.1874219,
            22.3140304
          ],
          [
            114.1873892,
            22.3139475
          ],
          [
            114.187344,
            22.3138403
          ],
          [
            114.1872855,
            22.3137066
          ],
          [
            114.1872357,
            22.3136055
          ],
          [
            114.1872216,
            22.3135806
          ],
          [
            114.1871706,
            22.3134904
          ],
          [
            114.1868137,
            22.3129314
          ],
          [
            114.1866077,
            22.3125838
          ],
          [
            114.186565,
            22.3125202
          ]
        ]
      }
    },
    {
      "type": "Feature",
      "properties": {
        "highway": "residential",
        "name": "鴻福街 Hung Fook Street",
        "name:en": "Hung Fook Street",
        "name:zh": "鴻福街",
        "oneway": "yes"
      },
      "geometry": {
        "type": "LineString",
        "coordinates": [
          [
            114.1884763,
            22.314265
          ],
          [
            114.1893392,
            22.3139008
          ],
          [
            114.1893994,
            22.3138697
          ]
        ]
      }
    },
    {
      "type": "Feature",
      "properties": {
        "carriageway": "dual",
        "highway": "primary",
        "lanes": "3",
        "maxspeed": "50",
        "name": "馬頭圍道 Ma Tau Wai Road",
        "name:en": "Ma Tau Wai Road",
        "name:zh": "馬頭圍道",
        "oneway": "yes",
        "sidewalk": "left",
        "surface": "concrete"
      },
      "geometry": {
        "type": "LineString",
        "coordinates": [
          [
            114.1875198,
            22.3163333
          ],
          [
            114.1875198,
            22.3163463
          ],
          [
            114.1875198,
            22.3163675
          ],
          [
            114.1875198,
            22.316769
          ],
          [
            114.1875198,
            22.3171664
          ],
          [
            114.1875197,
            22.3179845
          ]
        ]
      }
    },
    {
      "type": "Feature",
      "properties": {
        "highway": "residential",
        "name": "玉成街 Yuk Shing Street",
        "name:en": "Yuk Shing Street",
        "name:zh": "玉成街",
        "oneway": "yes"
      },
      "geometry": {
        "type": "LineString",
        "coordinates": [
          [
            114.1881496,
            22.3138851
          ],
          [
            114.1881703,
            22.3139243
          ],
          [
            114.1884452,
            22.3142245
          ],
          [
            114.1884763,
            22.314265
          ]
        ]
      }
    },
    {
      "type": "Feature",
      "properties": {
        "highway": "residential",
        "motor_vehicle": "permit",
        "name": "鴻福街 Hung Fook Street",
        "name:en": "Hung Fook Street",
        "name:zh": "鴻福街"
      },
      "geometry": {
        "type": "LineString",
        "coordinates": [
          [
            114.1881019,
            22.3144249
          ],
          [
            114.1884763,
            22.314265
          ]
        ]
      }
    },
    {
      "type": "Feature",
      "properties": {
        "highway": "tertiary",
        "intersection": "normal",
        "junction": "intersection",
        "lanes": "2",
        "name": "馬頭角道 Ma Tau Kok Road",
        "name:en": "Ma Tau Kok Road",
        "name:zh": "馬頭角道",
        "sidewalk": "no",
        "surface": "asphalt",
        "traffic_signals": "signal"
      },
      "geometry": {
        "type": "LineString",
        "coordinates": [
          [
            114.1879289,
            22.322758
          ],
          [
            114.1878267,
            22.322802
          ]
        ]
      }
    },
    {
      "type": "Feature",
      "properties": {
        "highway": "service",
        "service": "parking_access"
      },
      "geometry": {
        "type": "LineString",
        "coordinates": [
          [
            114.1859488,
            22.3150934
          ],
          [
            114.1864409,
            22.3150947
          ],
          [
            114.1865639,
            22.3151119
          ],
          [
            114.1866882,
            22.3151176
          ],
          [
            114.1868125,
            22.3151117
          ],
          [
            114.186877,
            22.3151025
          ],
          [
            114.1869268,
            22.3150954
          ]
        ]
      }
    },
    {
      "type": "Feature",
      "properties": {
        "bridge": "yes",
        "highway": "footway",
        "layer": "1",
        "surface": "paved"
      },
      "geometry": {
        "type": "LineString",
        "coordinates": [
          [
            114.1908733,
            22.3203249
          ],
          [
            114.1908568,
            22.320311
          ],
          [
            114.1907166,
            22.3202042
          ],
          [
            114.1907052,
            22.3200377
          ],
          [
            114.1907042,
            22.3200252
          ],
          [
            114.1907295,
            22.3200244
          ],
          [
            114.190726,
            22.3199978
          ]
        ]
      }
    },
    {
      "type": "Feature",
      "properties": {
        "carriageway": "single",
        "highway": "unclassified",
        "lanes": "2",
        "name": "江西街 Kiang Hsi Street",
        "name:en": "Kiang Hsi Street",
        "name:zh": "江西街",
        "oneway": "yes",
        "sidewalk": "both",
        "surface": "asphalt"
      },
      "geometry": {
        "type": "LineString",
        "coordinates": [
          [
            114.186841,
            22.3144632
          ],
          [
            114.1869053,
            22.3144502
          ],
          [
            114.187282,
            22.3143727
          ],
          [
            114.1873738,
            22.3143558
          ]
        ]
      }
    },
    {
      "type": "Feature",
      "properties": {
        "highway": "service"
      },
      "geometry": {
        "type": "LineString",
        "coordinates": [
          [
            114.1851724,
            22.3145497
          ],
          [
            114.1850968,
            22.3142032
          ],
          [
            114.1851978,
            22.3139608
          ],
          [
            114.1852456,
            22.3136719
          ],
          [
            114.1854029,
            22.3132797
          ],
          [
            114.1854829,
            22.3131554
          ],
          [
            114.1855288,
            22.3131172
          ],
          [
            114.1855894,
            22.3130862
          ],
          [
            114.1856603,
            22.3130684
          ],
          [
            114.1857388,
            22.3130638
          ],
          [
            114.1858761,
            22.3130991
          ],
          [
            114.1859533,
            22.3131538
          ],
          [
            114.1860498,
            22.3132775
          ],
          [
            114.1862263,
            22.3135267
          ],
          [
            114.1862946,
            22.3135605
          ],
          [
            114.1863717,
            22.3135558
          ],
          [
            114.1864201,
            22.3135475
          ]
        ]
      }
    },
    {
      "type": "Feature",
      "properties": {
        "bridge": "yes",
        "highway": "footway",
        "layer": "1",
        "surface": "paved"
      },
      "geometry": {
        "type": "LineString",
        "coordinates": [
          [
            114.1907166,
            22.3202042
          ],
          [
            114.1903335,
            22.3203781
          ],
          [
            114.1901653,
            22.3204544
          ],
          [
            114.1900423,
            22.3205102
          ],
          [
            114.190036,
            22.3205131
          ],
          [
            114.1899951,
            22.3206472
          ]
        ]
      }
    },
    {
      "type": "Feature",
      "properties": {
        "highway": "unclassified",
        "name": "銀漢街 Ngan Hon Street",
        "name:en": "Ngan Hon Street",
        "name:zh": "銀漢街",
        "source": "Yahoo"
      },
      "geometry": {
        "type": "LineString",
        "coordinates": [
          [
            114.1896063,
            22.3142946
          ],
          [
            114.1900277,
            22.314117
          ]
        ]
      }
    },
    {
      "type": "Feature",
      "properties": {
        "highway": "tertiary",
        "lanes": "3",
        "name": "譚公道 Tam Kung Road",
        "name:en": "Tam Kung Road",
        "name:zh": "譚公道",
        "note:highway:criteria": "restriction",
        "surface": "asphalt"
      },
      "geometry": {
        "type": "LineString",
        "coordinates": [
          [
            114.1884324,
            22.3225292
          ],
          [
            114.1884073,
            22.3224788
          ],
          [
            114.1881137,
            22.3218894
          ],
          [
            114.1880859,
            22.3218336
          ],
          [
            114.1879884,
            22.321638
          ],
          [
            114.187964,
            22.3215889
          ]
        ]
      }
    },
    {
      "type": "Feature",
      "properties": {
        "abutters": "retail",
        "carriageway": "single",
        "highway": "pedestrian",
        "kerb:both": "raised",
        "lane_markings": "no",
        "lanes": "1",
        "lanes:marked": "1",
        "lanes:unmarked": "2",
        "motor_vehicle": "yes",
        "name": "炮仗街 Pau Chung Street",
        "name:en": "Pau Chung Street",
        "name:zh": "炮仗街",
        "oneway": "yes",
        "sidewalk": "both",
        "surface": "concrete:plates"
      },
      "geometry": {
        "type": "LineString",
        "coordinates": [
          [
            114.190481,
            22.3227394
          ],
          [
            114.1904533,
            22.3226837
          ],
          [
            114.1903469,
            22.3224702
          ]
        ]
      }
    },
    {
      "type": "Feature",
      "properties": {
        "foot": "use_sidepath",
        "foot:reason": "crossing",
        "footway:both": "separate",
        "highway": "unclassified",
        "intersection": "normal",
        "junction": "intersection",
        "lanes": "2",
        "name": "落山道 Lok Shan Road",
        "name:en": "Lok Shan Road",
        "name:zh": "落山道",
        "sidewalk": "no",
        "surface": "asphalt"
      },
      "geometry": {
        "type": "LineString",
        "coordinates": [
          [
            114.1885578,
            22.3173045
          ],
          [
            114.1884967,
            22.317356
          ],
          [
            114.1884301,
            22.3174061
          ]
        ]
      }
    },
    {
      "type": "Feature",
      "properties": {
        "carriageway": "single",
        "highway": "residential",
        "lanes": "1",
        "name": "新山道 San Shan Road",
        "name:en": "San Shan Road",
        "name:zh": "新山道",
        "oneway": "yes",
        "sidewalk": "both"
      },
      "geometry": {
        "type": "LineString",
        "coordinates": [
          [
            114.1900167,
            22.3205896
          ],
          [
            114.1899572,
            22.3206146
          ],
          [
            114.1899405,
            22.3206216
          ],
          [
            114.1896014,
            22.3207552
          ],
          [
            114.1895436,
            22.320778
          ]
        ]
      }
    },
    {
      "type": "Feature",
      "properties": {
        "highway": "residential",
        "name": "安徽街 Anhui Street",
        "name:en": "Anhui Street",
        "name:zh": "安徽街",
        "oneway": "yes",
        "surface": "asphalt"
      },
      "geometry": {
        "type": "LineString",
        "coordinates": [
          [
            114.1874943,
            22.314955
          ],
          [
            114.1873987,
            22.3149655
          ],
          [
            114.1870004,
            22.315011
          ],
          [
            114.1869159,
            22.3150222
          ]
        ]
      }
    },
    {
      "type": "Feature",
      "properties": {
        "carriageway": "dual",
        "highway": "primary",
        "lanes": "3",
        "name": "馬頭涌道 Ma Tau Chung Road",
        "name:en": "Ma Tau Chung Road",
        "name:zh": "馬頭涌道",
        "oneway": "yes",
        "sidewalk": "left",
        "surface": "asphalt"
      },
      "geometry": {
        "type": "LineString",
        "coordinates": [
          [
            114.1879289,
            22.322758
          ],
          [
            114.1878619,
            22.3226199
          ],
          [
            114.1877381,
            22.3223649
          ],
          [
            114.1877268,
            22.3223416
          ],
          [
            114.1876459,
            22.3221749
          ],
          [
            114.1876258,
            22.3220409
          ]
        ]
      }
    },
    {
      "type": "Feature",
      "properties": {
        "carriageway": "dual",
        "highway": "primary",
        "lanes": "3",
        "name": "馬頭涌道 Ma Tau Chung Road",
        "name:en": "Ma Tau Chung Road",
        "name:zh": "馬頭涌道",
        "oneway": "yes",
        "sidewalk": "left",
        "surface": "asphalt"
      },
      "geometry": {
        "type": "LineString",
        "coordinates": [
          [
            114.1888063,
            22.3245307
          ],
          [
            114.1887473,
            22.3243805
          ],
          [
            114.1887279,
            22.3243417
          ],
          [
            114.1886201,
            22.3241262
          ],
          [
            114.1885936,
            22.3240732
          ],
          [
            114.1885284,
            22.3239427
          ],
          [
            114.1883767,
            22.3236409
          ]
        ]
      }
    },
    {
      "type": "Feature",
      "properties": {
        "access": "private",
        "highway": "service",
        "name": "Back Drive"
      },
      "geometry": {
        "type": "LineString",
        "coordinates": [
          [
            114.1832885,
            22.3227143
          ],
          [
            114.1827406,
            22.3224469
          ],
          [
            114.1827266,
            22.3224389
          ],
          [
            114.1827149,
            22.3224282
          ],
          [
            114.1827061,
            22.3224153
          ],
          [
            114.1827006,
            22.3224009
          ],
          [
            114.1826987,
            22.3223858
          ],
          [
            114.1826977,
            22.3221848
          ],
          [
            114.1826963,
            22.3218631
          ]
        ]
      }
    },
    {
      "type": "Feature",
      "properties": {
        "access": "private",
        "highway": "service",
        "name": "Glory Avenue"
      },
      "geometry": {
        "type": "LineString",
        "coordinates": [
          [
            114.1832885,
            22.3227143
          ],
          [
            114.1832891,
            22.3225666
          ],
          [
            114.1832907,
            22.3221866
          ],
          [
            114.1832946,
            22.3212428
          ],
          [
            114.1832966,
            22.3207541
          ],
          [
            114.1832969,
            22.3206796
          ]
        ]
      }
    },
    {
      "type": "Feature",
      "properties": {
        "highway": "residential",
        "lanes": "2",
        "name": "常康街 Sheung Hong Street",
        "name:en": "Sheung Hong Street",
        "name:zh": "常康街",
        "surface": "asphalt"
      },
      "geometry": {
        "type": "LineString",
        "coordinates": [
          [
            114.1832969,
            22.3206796
          ],
          [
            114.1832312,
            22.3201621
          ],
          [
            114.1832233,
            22.3200999
          ]
        ]
      }
    },
    {
      "type": "Feature",
      "properties": {
        "highway": "primary",
        "lanes": "3",
        "name": "亞皆老街 Argyle Street",
        "name:en": "Argyle Street",
        "name:zh": "亞皆老街",
        "oneway": "yes",
        "sidewalk": "no",
        "surface": "concrete"
      },
      "geometry": {
        "type": "LineString",
        "coordinates": [
          [
            114.178171,
            22.3214439
          ],
          [
            114.1781334,
            22.3214173
          ],
          [
            114.1781036,
            22.3214026
          ]
        ]
      }
    },
    {
      "type": "Feature",
      "properties": {
        "destination": "Mong Kok;Hong Kong (W)",
        "highway": "primary_link",
        "lanes": "1",
        "maxspeed": "50",
        "oneway": "yes",
        "surface": "concrete",
        "turn": "right"
      },
      "geometry": {
        "type": "LineString",
        "coordinates": [
          [
            114.1781269,
            22.3219098
          ],
          [
            114.1781512,
            22.3217251
          ],
          [
            114.178161,
            22.3216632
          ]
        ]
      }
    },
    {
      "type": "Feature",
      "properties": {
        "bicycle": "no",
        "bridge": "yes",
        "carriageway": "transition",
        "foot": "no",
        "highway": "trunk",
        "lanes": "2",
        "layer": "1",
        "maxspeed": "50",
        "name": "公主道 Princess Margaret Road",
        "name:en": "Princess Margaret Road",
        "name:zh": "公主道",
        "network": "HK",
        "network:area": "national",
        "network:guid": "HK",
        "network:name": "香港主要幹線 Hong Kong Strategic Routes",
        "network:name:en": "Hong Kong Strategic Routes",
        "network:name:zh": "香港主要幹線",
        "network:wikidata": "Q115916223",
        "oneway": "yes",
        "placement": "transition",
        "ref": "1",
        "surface": "concrete"
      },
      "geometry": {
        "type": "LineString",
        "coordinates": [
          [
            114.1791874,
            22.3199118
          ],
          [
            114.1792217,
            22.3198031
          ],
          [
            114.1792495,
            22.3196892
          ],
          [
            114.1792766,
            22.3195542
          ],
          [
            114.1792943,
            22.3194244
          ],
          [
            114.1793021,
            22.3192996
          ],
          [
            114.1793021,
            22.3191599
          ],
          [
            114.1792942,
            22.319057
          ]
        ]
      }
    },
    {
      "type": "Feature",
      "properties": {
        "carriageway": "dual",
        "highway": "secondary",
        "lanes": "2",
        "name": "亞皆老街 Argyle Street",
        "name:en": "Argyle Street",
        "name:zh": "亞皆老街",
        "oneway": "yes",
        "sidewalk": "left",
        "surface": "concrete"
      },
      "geometry": {
        "type": "LineString",
        "coordinates": [
          [
            114.1803503,
            22.3226705
          ],
          [
            114.1804276,
            22.3226948
          ],
          [
            114.1804845,
            22.3227056
          ]
        ]
      }
    },
    {
      "type": "Feature",
      "properties": {
        "bicycle": "no",
        "bridge": "yes",
        "change": "no",
        "foot": "no",
        "highway": "trunk",
        "lanes": "2",
        "layer": "1",
        "maxspeed": "50",
        "name": "公主道 Princess Margaret Road",
        "name:en": "Princess Margaret Road",
        "name:zh": "公主道",
        "network": "HK",
        "network:area": "national",
        "network:guid": "HK",
        "network:name": "香港主要幹線 Hong Kong Strategic Routes",
        "network:name:en": "Hong Kong Strategic Routes",
        "network:name:zh": "香港主要幹線",
        "network:wikidata": "Q115916223",
        "oneway": "yes",
        "ref": "1",
        "surface": "asphalt"
      },
      "geometry": {
        "type": "LineString",
        "coordinates": [
          [
            114.178048,
            22.32155
          ],
          [
            114.1779891,
            22.32176
          ],
          [
            114.1779756,
            22.3218786
          ],
          [
            114.177985,
            22.3220007
          ],
          [
            114.1780054,
            22.3221222
          ],
          [
            114.1780306,
            22.3222348
          ],
          [
            114.1781074,
            22.3225277
          ]
        ]
      }
    },
    {
      "type": "Feature",
      "properties": {
        "highway": "primary_link",
        "lanes": "1",
        "maxlength": "12",
        "maxspeed": "50",
        "oneway": "yes",
        "surface": "concrete"
      },
      "geometry": {
        "type": "LineString",
        "coordinates": [
          [
            114.1791897,
            22.3200401
          ],
          [
            114.1791856,
            22.3199995
          ],
          [
            114.1791809,
            22.3199843
          ],
          [
            114.1791749,
            22.3199722
          ],
          [
            114.179148,
            22.3199449
          ],
          [
            114.1791141,
            22.3199363
          ],
          [
            114.1790893,
            22.3199381
          ],
          [
            114.1790642,
            22.3199436
          ],
          [
            114.1790115,
            22.3199631
          ]
        ]
      }
    },
    {
      "type": "Feature",
      "properties": {
        "bicycle": "no",
        "bridge": "yes",
        "foot": "no",
        "highway": "trunk",
        "lanes": "2",
        "layer": "1",
        "maxspeed": "50",
        "name": "公主道 Princess Margaret Road",
        "name:en": "Princess Margaret Road",
        "name:zh": "公主道",
        "network": "HK",
        "network:area": "national",
        "network:guid": "HK",
        "network:name": "香港主要幹線 Hong Kong Strategic Routes",
        "network:name:en": "Hong Kong Strategic Routes",
        "network:name:zh": "香港主要幹線",
        "network:wikidata": "Q115916223",
        "oneway": "yes",
        "ref": "1"
      },
      "geometry": {
        "type": "LineString",
        "coordinates": [
          [
            114.1781793,
            22.3214851
          ],
          [
            114.1782274,
            22.3214134
          ],
          [
            114.1782848,
            22.3213332
          ],
          [
            114.1786989,
            22.3207781
          ],
          [
            114.1788145,
            22.3206124
          ],
          [
            114.1789192,
            22.3204467
          ],
          [
            114.1790094,
            22.3202885
          ],
          [
            114.1791353,
            22.3200424
          ],
          [
            114.1791874,
            22.3199118
          ]
        ]
      }
    },
    {
      "type": "Feature",
      "properties": {
        "carriageway": "dual",
        "highway": "primary",
        "lanes": "2",
        "maxspeed": "50",
        "name": "公主道 Princess Margaret Road",
        "name:en": "Princess Margaret Road",
        "name:zh": "公主道",
        "oneway": "yes",
        "sidewalk": "left",
        "surface": "concrete"
      },
      "geometry": {
        "type": "LineString",
        "coordinates": [
          [
            114.1786709,
            22.3206172
          ],
          [
            114.1786401,
            22.3206693
          ],
          [
            114.178559,
            22.3207805
          ],
          [
            114.1784261,
            22.3209626
          ],
          [
            114.1784038,
            22.3209932
          ],
          [
            114.1783388,
            22.3210829
          ],
          [
            114.1781672,
            22.3213198
          ],
          [
            114.178155,
            22.3213359
          ],
          [
            114.1781431,
            22.3213518
          ],
          [
            114.1781036,
            22.3214026
          ]
        ]
      }
    },
    {
      "type": "Feature",
      "properties": {
        "carriageway": "dual",
        "highway": "primary",
        "lanes": "2",
        "maxspeed": "50",
        "name": "公主道 Princess Margaret Road",
        "name:en": "Princess Margaret Road",
        "name:zh": "公主道",
        "oneway": "yes",
        "sidewalk": "left",
        "surface": "concrete"
      },
      "geometry": {
        "type": "LineString",
        "coordinates": [
          [
            114.1783125,
            22.3215158
          ],
          [
            114.1783212,
            22.3214448
          ],
          [
            114.1783266,
            22.3213902
          ],
          [
            114.1783579,
            22.321336
          ],
          [
            114.1783869,
            22.32128
          ],
          [
            114.1784375,
            22.3212135
          ],
          [
            114.1785766,
            22.3210267
          ],
          [
            114.1788447,
            22.3206468
          ]
        ]
      }
    },
    {
      "type": "Feature",
      "properties": {
        "highway": "primary_link",
        "lanes": "1",
        "maxheight": "4.6",
        "maxspeed": "50",
        "oneway": "yes",
        "surface": "concrete",
        "turn": "reverse"
      },
      "geometry": {
        "type": "LineString",
        "coordinates": [
          [
            114.1781269,
            22.3219098
          ],
          [
            114.1780905,
            22.321848
          ],
          [
            114.1780664,
            22.3218126
          ],
          [
            114.1780436,
            22.3217922
          ],
          [
            114.178,
            22.3217878
          ],
          [
            114.1779517,
            22.321799
          ],
          [
            114.1778936,
            22.3218221
          ],
          [
            114.1778587,
            22.3218495
          ]
        ]
      }
    },
    {
      "type": "Feature",
      "properties": {
        "bicycle": "no",
        "destination": "何文田 Ho Man Tin;香港(中) Hong Kong (C)",
        "destination:lang:en": "Ho Man Tin;Hong Kong(C)",
        "destination:lang:zh": "何文田;香港(中)",
        "destination:ref": "1",
        "foot": "no",
        "highway": "trunk",
        "lanes": "2",
        "maxspeed": "50",
        "name": "窩打老道 Waterloo Road",
        "name:en": "Waterloo Road",
        "name:zh": "窩打老道",
        "network": "HK",
        "network:area": "national",
        "network:guid": "HK",
        "network:name": "香港主要幹線 Hong Kong Strategic Routes",
        "network:name:en": "Hong Kong Strategic Routes",
        "network:name:zh": "香港主要幹線",
        "network:wikidata": "Q115916223",
        "oneway": "yes",
        "ref": "1",
        "surface": "concrete",
        "turn": "through"
      },
      "geometry": {
        "type": "LineString",
        "coordinates": [
          [
            114.1783376,
            22.3234652
          ],
          [
            114.178277,
            22.3233037
          ],
          [
            114.178256,
            22.3229984
          ],
          [
            114.1782417,
            22.3228656
          ],
          [
            114.1782214,
            22.3227497
          ],
          [
            114.1781954,
            22.3226277
          ],
          [
            114.1781654,
            22.3225069
          ]
        ]
      }
    },
    {
      "type": "Feature",
      "properties": {
        "highway": "unclassified",
        "lanes": "2",
        "name": "常富街 Sheung Foo Street",
        "name:en": "Sheung Foo Street",
        "name:zh": "常富街",
        "oneway": "yes",
        "surface": "asphalt"
      },
      "geometry": {
        "type": "LineString",
        "coordinates": [
          [
            114.182013,
            22.3169766
          ],
          [
            114.1818861,
            22.3168258
          ],
          [
            114.1818778,
            22.3168173
          ],
          [
            114.1815936,
            22.3165242
          ],
          [
            114.1813399,
            22.3162626
          ],
          [
            114.1813261,
            22.3162487
          ],
          [
            114.1812214,
            22.3161404
          ]
        ]
      }
    },
    {
      "type": "Feature",
      "properties": {
        "fixme": "Check legal restriction",
        "fixme:access": "private",
        "highway": "pedestrian"
      },
      "geometry": {
        "type": "LineString",
        "coordinates": [
          [
            114.1822977,
            22.3171444
          ],
          [
            114.1820592,
            22.317015
          ]
        ]
      }
    },
    {
      "type": "Feature",
      "properties": {
        "highway": "residential",
        "lanes": "2",
        "name": "常富街 Sheung Foo Street",
        "name:en": "Sheung Foo Street",
        "name:zh": "常富街"
      },
      "geometry": {
        "type": "LineString",
        "coordinates": [
          [
            114.1813531,
            22.3175611
          ],
          [
            114.1815358,
            22.3174063
          ],
          [
            114.1816934,
            22.3172728
          ]
        ]
      }
    },
    {
      "type": "Feature",
      "properties": {
        "highway": "service",
        "name": "常富街 Sheung Foo Street",
        "name:en": "Sheung Foo Street",
        "name:zh": "常富街",
        "oneway": "yes",
        "share_taxi": "yes",
        "vehicle": "no"
      },
      "geometry": {
        "type": "LineString",
        "coordinates": [
          [
            114.1813277,
            22.3175826
          ],
          [
            114.1813647,
            22.3176003
          ],
          [
            114.1814136,
            22.3176104
          ],
          [
            114.1814501,
            22.3176064
          ],
          [
            114.1814869,
            22.3175811
          ],
          [
            114.1815165,
            22.317556
          ],
          [
            114.1816737,
            22.31742
          ],
          [
            114.1816975,
            22.3173886
          ],
          [
            114.1817087,
            22.3173323
          ],
          [
            114.1816934,
            22.3172728
          ]
        ]
      }
    },
    {
      "type": "Feature",
      "properties": {
        "highway": "service",
        "motor_vehicle": "private"
      },
      "geometry": {
        "type": "LineString",
        "coordinates": [
          [
            114.1821394,
            22.3166828
          ],
          [
            114.1820946,
            22.3168382
          ],
          [
            114.1820797,
            22.3168899
          ],
          [
            114.1820357,
            22.3169473
          ],
          [
            114.182013,
            22.3169766
          ]
        ]
      }
    },
    {
      "type": "Feature",
      "properties": {
        "highway": "unclassified",
        "junction": "traffic_signals",
        "lanes": "2",
        "name": "常富街 Sheung Foo Street",
        "name:en": "Sheung Foo Street",
        "name:zh": "常富街",
        "oneway": "yes",
        "surface": "asphalt",
        "traffic_signals:ref": "K609"
      },
      "geometry": {
        "type": "LineString",
        "coordinates": [
          [
            114.1810592,
            22.3161402
          ],
          [
            114.1811343,
            22.3162095
          ]
        ]
      }
    },
    {
      "type": "Feature",
      "properties": {
        "bicycle": "no",
        "bridge:name": "亞皆老街天橋 Argyle Street Flyover",
        "bridge:name:en": "Argyle Street Flyover",
        "bridge:name:zh": "亞皆老街天橋",
        "foot": "no",
        "highway": "primary",
        "highway:name": "亞皆老街 Argyle Street",
        "highway:name:en": "Argyle Street",
        "highway:name:zh": "亞皆老街",
        "lanes": "1",
        "name": "亞皆老街天橋 Argyle Street Flyover",
        "name:en": "Argyle Street Flyover",
        "name:zh": "亞皆老街天橋",
        "not:bridge": "yes",
        "oneway": "yes",
        "street:name": "亞皆老街 Argyle Street",
        "street:name:en": "Argyle Street",
        "street:name:zh": "亞皆老街",
        "surface": "concrete"
      },
      "geometry": {
        "type": "LineString",
        "coordinates": [
          [
            114.1805246,
            22.3225762
          ],
          [
            114.1804068,
            22.32257
          ]
        ]
      }
    },
    {
      "type": "Feature",
      "properties": {
        "highway": "footway"
      },
      "geometry": {
        "type": "LineString",
        "coordinates": [
          [
            114.1814385,
            22.3228947
          ],
          [
            114.1816274,
            22.3225221
          ]
        ]
      }
    },
    {
      "type": "Feature",
      "properties": {
        "highway": "steps"
      },
      "geometry": {
        "type": "LineString",
        "coordinates": [
          [
            114.1816274,
            22.3225221
          ],
          [
            114.1817043,
            22.3225555
          ],
          [
            114.1817188,
            22.3225269
          ]
        ]
      }
    },
    {
      "type": "Feature",
      "properties": {
        "bicycle": "no",
        "bridge": "yes",
        "bridge:name": "亞皆老街天橋 Argyle Street Flyover",
        "bridge:name:en": "Argyle Street Flyover",
        "bridge:name:zh": "亞皆老街天橋",
        "foot": "no",
        "highway": "primary",
        "highway:name": "亞皆老街 Argyle Street",
        "highway:name:en": "Argyle Street",
        "highway:name:zh": "亞皆老街",
        "lanes": "2",
        "layer": "1",
        "name": "亞皆老街天橋 Argyle Street Flyover",
        "name:en": "Argyle Street Flyover",
        "name:zh": "亞皆老街天橋",
        "oneway": "yes",
        "street:name": "亞皆老街 Argyle Street",
        "street:name:en": "Argyle Street",
        "street:name:zh": "亞皆老街"
      },
      "geometry": {
        "type": "LineString",
        "coordinates": [
          [
            114.1804068,
            22.32257
          ],
          [
            114.1793022,
            22.3220412
          ]
        ]
      }
    },
    {
      "type": "Feature",
      "properties": {
        "highway": "footway"
      },
      "geometry": {
        "type": "LineString",
        "coordinates": [
          [
            114.1817188,
            22.3225269
          ],
          [
            114.1817842,
            22.3225454
          ],
          [
            114.1818473,
            22.3225509
          ],
          [
            114.1819158,
            22.3225414
          ],
          [
            114.1819799,
            22.3225171
          ],
          [
            114.1820358,
            22.3224793
          ],
          [
            114.1820803,
            22.3224302
          ],
          [
            114.1821999,
            22.322257
          ]
        ]
      }
    },
    {
      "type": "Feature",
      "properties": {
        "foot": "no",
        "highway": "service",
        "oneway": "yes",
        "surface": "concrete"
      },
      "geometry": {
        "type": "LineString",
        "coordinates": [
          [
            114.1789701,
            22.3221236
          ],
          [
            114.1793097,
            22.3222792
          ],
          [
            114.1797316,
            22.322494
          ]
        ]
      }
    },
    {
      "type": "Feature",
      "properties": {
        "bicycle": "no",
        "bridge:name": "亞皆老街天橋 Argyle Street Flyover",
        "bridge:name:en": "Argyle Street Flyover",
        "bridge:name:zh": "亞皆老街天橋",
        "foot": "no",
        "highway": "primary",
        "highway:name": "亞皆老街 Argyle Street",
        "highway:name:en": "Argyle Street",
        "highway:name:zh": "亞皆老街",
        "lanes": "1",
        "name": "亞皆老街天橋 Argyle Street Flyover",
        "name:en": "Argyle Street Flyover",
        "name:zh": "亞皆老街天橋",
        "not:bridge": "yes",
        "oneway": "yes",
        "street:name": "亞皆老街 Argyle Street",
        "street:name:en": "Argyle Street",
        "street:name:zh": "亞皆老街",
        "surface": "concrete"
      },
      "geometry": {
        "type": "LineString",
        "coordinates": [
          [
            114.1803727,
            22.3226188
          ],
          [
            114.1804845,
            22.3227056
          ]
        ]
      }
    },
    {
      "type": "Feature",
      "properties": {
        "covered": "yes",
        "highway": "footway"
      },
      "geometry": {
        "type": "LineString",
        "coordinates": [
          [
            114.1831167,
            22.3220712
          ],
          [
            114.1827797,
            22.32207
          ],
          [
            114.1827805,
            22.3218647
          ],
          [
            114.1827815,
            22.3216152
          ],
          [
            114.1827823,
            22.3214229
          ],
          [
            114.1827824,
            22.3214044
          ],
          [
            114.1831195,
            22.3214056
          ]
        ]
      }
    },
    {
      "type": "Feature",
      "properties": {
        "highway": "footway",
        "surface": "paving_stones"
      },
      "geometry": {
        "type": "LineString",
        "coordinates": [
          [
            114.1831204,
            22.3212125
          ],
          [
            114.1831202,
            22.3212422
          ],
          [
            114.183121,
            22.3213034
          ]
        ]
      }
    },
    {
      "type": "Feature",
      "properties": {
        "highway": "footway",
        "surface": "concrete"
      },
      "geometry": {
        "type": "LineString",
        "coordinates": [
          [
            114.1827151,
            22.3214227
          ],
          [
            114.1824946,
            22.3214219
          ],
          [
            114.1824948,
            22.3213597
          ]
        ]
      }
    },
    {
      "type": "Feature",
      "properties": {
        "highway": "footway",
        "surface": "concrete"
      },
      "geometry": {
        "type": "LineString",
        "coordinates": [
          [
            114.1827823,
            22.3214229
          ],
          [
            114.1827581,
            22.3214228
          ],
          [
            114.1827151,
            22.3214227
          ],
          [
            114.1827144,
            22.3215878
          ],
          [
            114.1826039,
            22.3215874
          ],
          [
            114.1826035,
            22.3216879
          ],
          [
            114.1826031,
            22.3217908
          ],
          [
            114.1826966,
            22.3217912
          ],
          [
            114.1826963,
            22.3218631
          ]
        ]
      }
    },
    {
      "type": "Feature",
      "properties": {
        "highway": "footway"
      },
      "geometry": {
        "type": "LineString",
        "coordinates": [
          [
            114.182804,
            22.3212411
          ],
          [
            114.1831202,
            22.3212422
          ],
          [
            114.1832946,
            22.3212428
          ]
        ]
      }
    },
    {
      "type": "Feature",
      "properties": {
        "highway": "footway"
      },
      "geometry": {
        "type": "LineString",
        "coordinates": [
          [
            114.1827581,
            22.3214228
          ],
          [
            114.1827588,
            22.3212409
          ],
          [
            114.182804,
            22.3212411
          ],
          [
            114.1828041,
            22.3212065
          ],
          [
            114.1828053,
            22.3209206
          ],
          [
            114.1830989,
            22.320922
          ]
        ]
      }
    },
    {
      "type": "Feature",
      "properties": {
        "highway": "footway",
        "surface": "concrete"
      },
      "geometry": {
        "type": "LineString",
        "coordinates": [
          [
            114.1832907,
            22.3221866
          ],
          [
            114.1831163,
            22.3221861
          ],
          [
            114.1826977,
            22.3221848
          ]
        ]
      }
    },
    {
      "type": "Feature",
      "properties": {
        "highway": "service"
      },
      "geometry": {
        "type": "LineString",
        "coordinates": [
          [
            114.1858816,
            22.3139033
          ],
          [
            114.1858947,
            22.3140392
          ],
          [
            114.1860479,
            22.3142697
          ],
          [
            114.186212,
            22.314277
          ]
        ]
      }
    },
    {
      "type": "Feature",
      "properties": {
        "highway": "service",
        "oneway": "yes"
      },
      "geometry": {
        "type": "LineString",
        "coordinates": [
          [
            114.1864223,
            22.3155349
          ],
          [
            114.1863664,
            22.3155354
          ],
          [
            114.1863223,
            22.3155361
          ],
          [
            114.1862889,
            22.3155378
          ],
          [
            114.1862375,
            22.3155423
          ],
          [
            114.1862132,
            22.3155611
          ],
          [
            114.1862033,
            22.3155821
          ],
          [
            114.1861976,
            22.3156066
          ],
          [
            114.186198,
            22.3156336
          ],
          [
            114.1862084,
            22.3156718
          ],
          [
            114.1862154,
            22.3157136
          ],
          [
            114.1861908,
            22.3168265
          ],
          [
            114.1861868,
            22.3168513
          ],
          [
            114.1861801,
            22.3168749
          ],
          [
            114.1861506,
            22.3169035
          ],
          [
            114.1858627,
            22.3169968
          ],
          [
            114.1855298,
            22.3171014
          ],
          [
            114.1855229,
            22.3178997
          ],
          [
            114.185531,
            22.3180275
          ],
          [
            114.1855739,
            22.3181317
          ],
          [
            114.1856343,
            22.3181999
          ],
          [
            114.1857107,
            22.3182533
          ],
          [
            114.1858207,
            22.3182942
          ],
          [
            114.1859367,
            22.3183178
          ],
          [
            114.1862199,
            22.3183214
          ],
          [
            114.1863655,
            22.3183233
          ],
          [
            114.1864205,
            22.318324
          ]
        ]
      }
    },
    {
      "type": "Feature",
      "properties": {
        "highway": "service",
        "lanes": "2",
        "name": "半山徑 Celestial Avenue",
        "name:en": "Celestial Avenue",
        "name:zh": "半山徑",
        "surface": "concrete"
      },
      "geometry": {
        "type": "LineString",
        "coordinates": [
          [
            114.1849633,
            22.3190924
          ],
          [
            114.1849895,
            22.3191084
          ],
          [
            114.1850546,
            22.3191567
          ],
          [
            114.1850732,
            22.3191688
          ],
          [
            114.1850933,
            22.3191777
          ],
          [
            114.1851161,
            22.3191823
          ],
          [
            114.1851449,
            22.3191831
          ],
          [
            114.185211,
            22.3191783
          ],
          [
            114.1852375,
            22.3191729
          ],
          [
            114.1852627,
            22.3191644
          ],
          [
            114.1853264,
            22.3191362
          ]
        ]
      }
    },
    {
      "type": "Feature",
      "properties": {
        "highway": "residential",
        "name": "美善同里 Maidstone Lane",
        "name:en": "Maidstone Lane",
        "name:zh": "美善同里"
      },
      "geometry": {
        "type": "LineString",
        "coordinates": [
          [
            114.1869571,
            22.3195208
          ],
          [
            114.1871777,
            22.319522
          ]
        ]
      }
    },
    {
      "type": "Feature",
      "properties": {
        "highway": "unclassified",
        "name": "落山道 Lok Shan Road",
        "name:en": "Lok Shan Road",
        "name:zh": "落山道",
        "oneway": "yes",
        "source": "Yahoo",
        "surface": "asphalt"
      },
      "geometry": {
        "type": "LineString",
        "coordinates": [
          [
            114.1875197,
            22.3179845
          ],
          [
            114.187643,
            22.3179874
          ]
        ]
      }
    },
    {
      "type": "Feature",
      "properties": {
        "carriageway": "dual",
        "highway": "primary",
        "lanes": "3",
        "name": "馬頭圍道 Ma Tau Wai Road",
        "name:en": "Ma Tau Wai Road",
        "name:zh": "馬頭圍道",
        "oneway": "yes",
        "sidewalk": "left",
        "surface": "concrete"
      },
      "geometry": {
        "type": "LineString",
        "coordinates": [
          [
            114.1875197,
            22.3179845
          ],
          [
            114.187515,
            22.3180126
          ],
          [
            114.187511,
            22.3180369
          ],
          [
            114.1875073,
            22.3186946
          ],
          [
            114.1875061,
            22.3188978
          ],
          [
            114.1875059,
            22.3189325
          ],
          [
            114.1875051,
            22.3190746
          ]
        ]
      }
    },
    {
      "type": "Feature",
      "properties": {
        "highway": "footway"
      },
      "geometry": {
        "type": "LineString",
        "coordinates": [
          [
            114.1864883,
            22.3157513
          ],
          [
            114.1869265,
            22.315746
          ],
          [
            114.1869807,
            22.3157453
          ]
        ]
      }
    },
    {
      "type": "Feature",
      "properties": {
        "highway": "residential",
        "lanes": "2",
        "name": "美善同道 Maidstone Road",
        "name:en": "Maidstone Road",
        "name:zh": "美善同道",
        "sidewalk": "both"
      },
      "geometry": {
        "type": "LineString",
        "coordinates": [
          [
            114.1869819,
            22.3163167
          ],
          [
            114.1869817,
            22.3162384
          ],
          [
            114.1869828,
            22.3157623
          ]
        ]
      }
    },
    {
      "type": "Feature",
      "properties": {
        "carriageway": "single",
        "highway": "residential",
        "lanes": "1",
        "name": "美善同道 Maidstone Road",
        "name:en": "Maidstone Road",
        "name:zh": "美善同道",
        "oneway": "yes",
        "sidewalk": "both"
      },
      "geometry": {
        "type": "LineString",
        "coordinates": [
          [
            114.186966,
            22.3180351
          ],
          [
            114.1869664,
            22.3179594
          ],
          [
            114.1869669,
            22.3179237
          ],
          [
            114.1869778,
            22.3172105
          ],
          [
            114.1869878,
            22.3165598
          ],
          [
            114.1869836,
            22.3163859
          ],
          [
            114.1869819,
            22.3163167
          ]
        ]
      }
    },
    {
      "type": "Feature",
      "properties": {
        "carriageway": "single",
        "highway": "unclassified",
        "name": "落山道 Lok Shan Road",
        "name:en": "Lok Shan Road",
        "name:zh": "落山道",
        "oneway": "yes",
        "sidewalk": "both",
        "surface": "asphalt"
      },
      "geometry": {
        "type": "LineString",
        "coordinates": [
          [
            114.1896496,
            22.3163872
          ],
          [
            114.1895782,
            22.3164459
          ],
          [
            114.1894149,
            22.3165802
          ],
          [
            114.1893549,
            22.316631
          ],
          [
            114.1890533,
            22.3168878
          ],
          [
            114.1890192,
            22.3169151
          ],
          [
            114.1889751,
            22.3169525
          ],
          [
            114.1888804,
            22.3170323
          ],
          [
            114.1886087,
            22.3172596
          ],
          [
            114.1885578,
            22.3173045
          ]
        ]
      }
    },
    {
      "type": "Feature",
      "properties": {
        "carriageway": "single",
        "highway": "secondary",
        "lanes": "2",
        "name": "浙江街 Chi Kiang Street",
        "name:en": "Chi Kiang Street",
        "name:zh": "浙江街",
        "oneway": "yes",
        "sidewalk": "both",
        "source": "Yahoo",
        "surface": "asphalt",
        "turn:lanes": "left;through|right"
      },
      "geometry": {
        "type": "LineString",
        "coordinates": [
          [
            114.1892583,
            22.3150268
          ],
          [
            114.1901886,
            22.3145585
          ],
          [
            114.1903204,
            22.3144907
          ]
        ]
      }
    },
    {
      "type": "Feature",
      "properties": {
        "highway": "service"
      },
      "geometry": {
        "type": "LineString",
        "coordinates": [
          [
            114.1902634,
            22.3158619
          ],
          [
            114.1902414,
            22.3158411
          ],
          [
            114.1898641,
            22.3154844
          ]
        ]
      }
    },
    {
      "type": "Feature",
      "properties": {
        "carriageway": "dual",
        "highway": "secondary",
        "lanes": "3",
        "name": "土瓜灣道 To Kwa Wan Road",
        "name:en": "To Kwa Wan Road",
        "name:zh": "土瓜灣道",
        "oneway": "yes",
        "sidewalk": "left",
        "surface": "asphalt"
      },
      "geometry": {
        "type": "LineString",
        "coordinates": [
          [
            114.1887434,
            22.3152904
          ],
          [
            114.1886625,
            22.3152051
          ],
          [
            114.1884863,
            22.3150219
          ],
          [
            114.1883319,
            22.3148614
          ],
          [
            114.1881758,
            22.3146942
          ],
          [
            114.1881073,
            22.3146208
          ],
          [
            114.1879854,
            22.3144903
          ],
          [
            114.1879127,
            22.3144205
          ],
          [
            114.1878133,
            22.314325
          ],
          [
            114.187782,
            22.3142949
          ],
          [
            114.1877598,
            22.3142736
          ],
          [
            114.1877177,
            22.3142112
          ],
          [
            114.1876982,
            22.3141603
          ],
          [
            114.1876788,
            22.3140965
          ]
        ]
      }
    },
    {
      "type": "Feature",
      "properties": {
        "bus:lanes:conditional": "designated|yes|yes @ (08:00-10:00;17:00-19:00)",
        "busway:left": "lane",
        "carriageway": "dual",
        "highway": "secondary",
        "lanes": "3",
        "lanes:bus:conditional": "1 @ (08:00-10:00;17:00-19:00)",
        "motor_vehicle:lanes:conditional": "no|yes|yes @ (08:00-10:00;17:00-19:00)",
        "name": "土瓜灣道 To Kwa Wan Road",
        "name:en": "To Kwa Wan Road",
        "name:zh": "土瓜灣道",
        "oneway": "yes",
        "surface": "concrete"
      },
      "geometry": {
        "type": "LineString",
        "coordinates": [
          [
            114.1898568,
            22.3166029
          ],
          [
            114.1901435,
            22.3169012
          ],
          [
            114.1903189,
            22.3170878
          ],
          [
            114.1905338,
            22.3173163
          ],
          [
            114.1906059,
            22.3173929
          ],
          [
            114.1906425,
            22.3174318
          ],
          [
            114.1907318,
            22.3175268
          ]
        ]
      }
    },
    {
      "type": "Feature",
      "properties": {
        "bus:HK:franchised:lanes:conditional": "designated|yes|yes @ (08:00-10:00;17:00-19:00)",
        "bus:lanes:conditional": "private|yes|yes @ (08:00-10:00;17:00-19:00)",
        "carriageway": "dual",
        "highway": "secondary",
        "lanes": "3",
        "motor_vehicle:lanes:conditional": "no|yes|yes @ (08:00-10:00;17:00-19:00)",
        "name": "馬頭圍道 Ma Tau Wai Road",
        "name:en": "Ma Tau Wai Road",
        "name:zh": "馬頭圍道",
        "oneway": "yes",
        "sidewalk": "left",
        "surface": "asphalt"
      },
      "geometry": {
        "type": "LineString",
        "coordinates": [
          [
            114.1875754,
            22.3129073
          ],
          [
            114.1875762,
            22.3134132
          ],
          [
            114.1875762,
            22.3134252
          ],
          [
            114.1875779,
            22.3135436
          ],
          [
            114.1875812,
            22.313773
          ],
          [
            114.1875848,
            22.3140268
          ],
          [
            114.1875877,
            22.3140514
          ],
          [
            114.1875978,
            22.314122
          ],
          [
            114.1876003,
            22.3141398
          ]
        ]
      }
    },
    {
      "type": "Feature",
      "properties": {
        "bus:lanes:conditional": "designated|yes|yes @ (08:00-10:00;17:00-19:00)",
        "carriageway": "dual",
        "highway": "secondary",
        "lanes": "3",
        "lanes:bus:conditional": "1 @ (08:00-10:00;17:00-19:00)",
        "motor_vehicle:lanes:conditional": "no|yes|yes @ (08:00-10:00;17:00-19:00)",
        "name": "土瓜灣道 To Kwa Wan Road",
        "name:en": "To Kwa Wan Road",
        "name:zh": "土瓜灣道",
        "oneway": "yes",
        "surface": "asphalt"
      },
      "geometry": {
        "type": "LineString",
        "coordinates": [
          [
            114.19058,
            22.3172347
          ],
          [
            114.1904584,
            22.317104
          ],
          [
            114.1901975,
            22.3168262
          ],
          [
            114.1900832,
            22.3167039
          ],
          [
            114.1900012,
            22.3166161
          ]
        ]
      }
    },
    {
      "type": "Feature",
      "properties": {
        "highway": "tertiary",
        "lanes": "2",
        "name": "天光道 Tin Kwong Road",
        "name:en": "Tin Kwong Road",
        "name:zh": "天光道",
        "oneway": "yes",
        "surface": "asphalt",
        "turn:lanes": "left|through;right"
      },
      "geometry": {
        "type": "LineString",
        "coordinates": [
          [
            114.1874386,
            22.3200316
          ],
          [
            114.1875121,
            22.3200669
          ]
        ]
      }
    },
    {
      "type": "Feature",
      "properties": {
        "highway": "footway"
      },
      "geometry": {
        "type": "LineString",
        "coordinates": [
          [
            114.1903101,
            22.3183753
          ],
          [
            114.1906001,
            22.3189831
          ],
          [
            114.1906453,
            22.319082
          ],
          [
            114.1906918,
            22.319173
          ]
        ]
      }
    },
    {
      "type": "Feature",
      "properties": {
        "highway": "unclassified",
        "lanes": "2",
        "name": "馬坑涌道 Ma Hang Chung Road",
        "name:en": "Ma Hang Chung Road",
        "name:zh": "馬坑涌道",
        "oneway": "yes",
        "sidewalk": "left",
        "surface": "asphalt",
        "turn:lanes": "through|right"
      },
      "geometry": {
        "type": "LineString",
        "coordinates": [
          [
            114.1878887,
            22.3201862
          ],
          [
            114.1878238,
            22.3201493
          ],
          [
            114.1877946,
            22.3201328
          ],
          [
            114.187641,
            22.3200504
          ]
        ]
      }
    },
    {
      "type": "Feature",
      "properties": {
        "carriageway": "dual",
        "highway": "primary",
        "lanes": "3",
        "name": "馬頭圍道 Ma Tau Wai Road",
        "name:en": "Ma Tau Wai Road",
        "name:zh": "馬頭圍道",
        "oneway": "yes",
        "sidewalk": "left",
        "surface": "concrete"
      },
      "geometry": {
        "type": "LineString",
        "coordinates": [
          [
            114.1875121,
            22.3200669
          ],
          [
            114.1875059,
            22.320735
          ],
          [
            114.1875042,
            22.3209169
          ],
          [
            114.1875031,
            22.3210304
          ]
        ]
      }
    },
    {
      "type": "Feature",
      "properties": {
        "highway": "service"
      },
      "geometry": {
        "type": "LineString",
        "coordinates": [
          [
            114.1890738,
            22.3225467
          ],
          [
            114.1891244,
            22.3225239
          ]
        ]
      }
    },
    {
      "type": "Feature",
      "properties": {
        "carriageway": "single",
        "highway": "residential",
        "lanes": "1",
        "motor_vehicle:conditional": "no @ (learner)",
        "name": "合一道 Hop Yat Road",
        "name:en": "Hop Yat Road",
        "name:zh": "合一道",
        "oneway": "yes",
        "sidewalk": "both"
      },
      "geometry": {
        "type": "LineString",
        "coordinates": [
          [
            114.1864104,
            22.3200185
          ],
          [
            114.1863666,
            22.3200748
          ],
          [
            114.1863519,
            22.3200938
          ],
          [
            114.186348,
            22.3204312
          ],
          [
            114.1868691,
            22.3204309
          ],
          [
            114.1868745,
            22.3200752
          ],
          [
            114.1868754,
            22.3200162
          ]
        ]
      }
    },
    {
      "type": "Feature",
      "properties": {
        "carriageway": "single",
        "highway": "secondary",
        "lanes": "2",
        "maxspeed": "50",
        "name": "九龍城道 Kowloon City Road",
        "name:en": "Kowloon City Road",
        "name:zh": "九龍城道",
        "oneway": "yes",
        "sidewalk": "left",
        "surface": "asphalt",
        "turn:lanes": "left;through|through"
      },
      "geometry": {
        "type": "LineString",
        "coordinates": [
          [
            114.190385,
            22.3212644
          ],
          [
            114.1905309,
            22.3215042
          ],
          [
            114.1905497,
            22.3215338
          ],
          [
            114.190591,
            22.321603
          ]
        ]
      }
    },
    {
      "type": "Feature",
      "properties": {
        "highway": "service",
        "lanes": "1",
        "lanes:unmarked": "1",
        "motor_vehicle": "private",
        "oneway": "yes"
      },
      "geometry": {
        "type": "LineString",
        "coordinates": [
          [
            114.1902535,
            22.3200127
          ],
          [
            114.1902,
            22.3198568
          ],
          [
            114.1901815,
            22.3198121
          ],
          [
            114.1901571,
            22.31977
          ],
          [
            114.1901242,
            22.3197274
          ],
          [
            114.1900854,
            22.3196893
          ],
          [
            114.1895843,
            22.3191883
          ],
          [
            114.1895589,
            22.3191723
          ],
          [
            114.1895307,
            22.3191607
          ],
          [
            114.1895008,
            22.3191541
          ],
          [
            114.1894701,
            22.3191526
          ],
          [
            114.1894395,
            22.3191563
          ],
          [
            114.1894102,
            22.319165
          ],
          [
            114.1893469,
            22.3191908
          ]
        ]
      }
    },
    {
      "type": "Feature",
      "properties": {
        "highway": "footway"
      },
      "geometry": {
        "type": "LineString",
        "coordinates": [
          [
            114.1910338,
            22.3188064
          ],
          [
            114.1906001,
            22.3189831
          ]
        ]
      }
    },
    {
      "type": "Feature",
      "properties": {
        "highway": "residential",
        "name": "英才徑 Ying Choi Path",
        "name:en": "Ying Choi Path",
        "name:zh": "英才徑",
        "share_taxi": "no"
      },
      "geometry": {
        "type": "LineString",
        "coordinates": [
          [
            114.1858618,
            22.3210211
          ],
          [
            114.1858624,
            22.3209641
          ],
          [
            114.1858677,
            22.3204366
          ]
        ]
      }
    },
    {
      "type": "Feature",
      "properties": {
        "highway": "service"
      },
      "geometry": {
        "type": "LineString",
        "coordinates": [
          [
            114.1899405,
            22.3206216
          ],
          [
            114.1899621,
            22.3206708
          ],
          [
            114.1899809,
            22.3207137
          ]
        ]
      }
    },
    {
      "type": "Feature",
      "properties": {
        "carriageway": "dual",
        "highway": "primary",
        "lanes": "3",
        "name": "馬頭涌道 Ma Tau Chung Road",
        "name:en": "Ma Tau Chung Road",
        "name:zh": "馬頭涌道",
        "oneway": "yes",
        "sidewalk": "left",
        "surface": "asphalt",
        "turn:lanes": "left;through|through|through"
      },
      "geometry": {
        "type": "LineString",
        "coordinates": [
          [
            114.1878267,
            22.322802
          ],
          [
            114.1880415,
            22.3232282
          ],
          [
            114.1880772,
            22.3232988
          ],
          [
            114.1881157,
            22.323375
          ],
          [
            114.1881465,
            22.323436
          ],
          [
            114.1883231,
            22.3237857
          ],
          [
            114.1884699,
            22.3240763
          ],
          [
            114.1886246,
            22.3243826
          ],
          [
            114.1886443,
            22.3244235
          ],
          [
            114.1886795,
            22.3245045
          ],
          [
            114.1887079,
            22.3245742
          ],
          [
            114.1887281,
            22.324622
          ]
        ]
      }
    },
    {
      "type": "Feature",
      "properties": {
        "highway": "service",
        "oneway": "yes"
      },
      "geometry": {
        "type": "LineString",
        "coordinates": [
          [
            114.1893047,
            22.3203089
          ],
          [
            114.1893492,
            22.3202887
          ],
          [
            114.1893625,
            22.3202827
          ]
        ]
      }
    },
    {
      "type": "Feature",
      "properties": {
        "carriageway": "dual",
        "dual_carriageway": "no",
        "highway": "residential",
        "lanes": "1",
        "name": "九龍城道 Kowloon City Road",
        "name:en": "Kowloon City Road",
        "name:zh": "九龍城道",
        "oneway": "yes",
        "parking:both": "street_side",
        "sidewalk": "right",
        "surface": "asphalt",
        "usage": "frontage"
      },
      "geometry": {
        "type": "LineString",
        "coordinates": [
          [
            114.1906601,
            22.3217499
          ],
          [
            114.1907398,
            22.3217196
          ],
          [
            114.1910279,
            22.3223048
          ],
          [
            114.1909438,
            22.3223395
          ]
        ]
      }
    },
    {
      "type": "Feature",
      "properties": {
        "access": "private",
        "bicycle": "no",
        "foot": "no",
        "hazmat:HK:1": "no",
        "hazmat:HK:2": "no",
        "hazmat:HK:3": "no",
        "hazmat:HK:3A": "no",
        "hazmat:HK:5": "no",
        "highway": "service",
        "lanes": "1",
        "lanes:unmarked": "1",
        "maxheight": "4.6",
        "motor_vehicle:conditional": "no @ (hazmat:HK:1; hazmat:HK:2; hazmat:HK:3; hazmat:HK:3A; hazmat:HK:5); no @ (learner)",
        "motorroad": "yes",
        "oneway": "yes"
      },
      "geometry": {
        "type": "LineString",
        "coordinates": [
          [
            114.190562,
            22.3207053
          ],
          [
            114.1905482,
            22.3205762
          ],
          [
            114.190458,
            22.3202913
          ],
          [
            114.1904439,
            22.3202686
          ],
          [
            114.1904317,
            22.3202544
          ],
          [
            114.1904232,
            22.320246
          ],
          [
            114.1904152,
            22.32024
          ],
          [
            114.1903966,
            22.3202289
          ],
          [
            114.1903829,
            22.3202239
          ],
          [
            114.1903634,
            22.3202163
          ],
          [
            114.1903439,
            22.3202066
          ],
          [
            114.1903263,
            22.3201896
          ]
        ]
      }
    },
    {
      "type": "Feature",
      "properties": {
        "highway": "footway"
      },
      "geometry": {
        "type": "LineString",
        "coordinates": [
          [
            114.1906453,
            22.319082
          ],
          [
            114.1902199,
            22.3192624
          ],
          [
            114.1900592,
            22.3189294
          ],
          [
            114.1900339,
            22.3189143
          ],
          [
            114.1900187,
            22.3189052
          ]
        ]
      }
    },
    {
      "type": "Feature",
      "properties": {
        "carriageway": "dual",
        "highway": "primary",
        "lanes": "3",
        "maxspeed": "50",
        "name": "馬頭圍道 Ma Tau Wai Road",
        "name:en": "Ma Tau Wai Road",
        "name:zh": "馬頭圍道",
        "oneway": "yes",
        "sidewalk": "left",
        "surface": "asphalt"
      },
      "geometry": {
        "type": "LineString",
        "coordinates": [
          [
            114.1876219,
            22.3190944
          ],
          [
            114.1876181,
            22.3184294
          ],
          [
            114.1876161,
            22.3180885
          ],
          [
            114.1876244,
            22.3180351
          ],
          [
            114.187643,
            22.3179874
          ],
          [
            114.187646,
            22.3177554
          ],
          [
            114.1876477,
            22.3176207
          ],
          [
            114.1876492,
            22.3174994
          ],
          [
            114.1876501,
            22.3174276
          ],
          [
            114.1876414,
            22.3164014
          ],
          [
            114.1876433,
            22.3163453
          ],
          [
            114.187669,
            22.3161279
          ]
        ]
      }
    },
    {
      "type": "Feature",
      "properties": {
        "highway": "service"
      },
      "geometry": {
        "type": "LineString",
        "coordinates": [
          [
            114.1881137,
            22.3218894
          ],
          [
            114.1880614,
            22.3219117
          ],
          [
            114.1880343,
            22.3219233
          ]
        ]
      }
    },
    {
      "type": "Feature",
      "properties": {
        "access": "private",
        "covered": "yes",
        "highway": "service"
      },
      "geometry": {
        "type": "LineString",
        "coordinates": [
          [
            114.1887081,
            22.3211269
          ],
          [
            114.188686,
            22.3210825
          ],
          [
            114.1886398,
            22.32099
          ],
          [
            114.1884053,
            22.3205194
          ],
          [
            114.188852,
            22.3203289
          ]
        ]
      }
    },
    {
      "type": "Feature",
      "properties": {
        "highway": "service"
      },
      "geometry": {
        "type": "LineString",
        "coordinates": [
          [
            114.189207,
            22.3209157
          ],
          [
            114.189229,
            22.3209692
          ]
        ]
      }
    },
    {
      "type": "Feature",
      "properties": {
        "highway": "service"
      },
      "geometry": {
        "type": "LineString",
        "coordinates": [
          [
            114.186824,
            22.3232174
          ],
          [
            114.1869715,
            22.3235281
          ],
          [
            114.186931,
            22.323545
          ],
          [
            114.1871637,
            22.3240249
          ],
          [
            114.1869044,
            22.3241337
          ],
          [
            114.1867103,
            22.3242176
          ]
        ]
      }
    },
    {
      "type": "Feature",
      "properties": {
        "highway": "service"
      },
      "geometry": {
        "type": "LineString",
        "coordinates": [
          [
            114.1868931,
            22.3231897
          ],
          [
            114.186824,
            22.3232174
          ],
          [
            114.1867734,
            22.3232385
          ],
          [
            114.1866892,
            22.3230659
          ],
          [
            114.1864659,
            22.3226078
          ],
          [
            114.186451,
            22.3225715
          ],
          [
            114.1864509,
            22.3225328
          ],
          [
            114.1864657,
            22.3224965
          ],
          [
            114.1864935,
            22.3224675
          ],
          [
            114.1865306,
            22.3224494
          ],
          [
            114.1868462,
            22.3223177
          ]
        ]
      }
    },
    {
      "type": "Feature",
      "properties": {
        "highway": "service"
      },
      "geometry": {
        "type": "LineString",
        "coordinates": [
          [
            114.1829771,
            22.3185617
          ],
          [
            114.1830166,
            22.3183371
          ],
          [
            114.1830047,
            22.318192
          ],
          [
            114.1831135,
            22.317978
          ],
          [
            114.1831492,
            22.3179077
          ],
          [
            114.1833235,
            22.3178674
          ],
          [
            114.1834956,
            22.3178801
          ],
          [
            114.1836309,
            22.3178335
          ],
          [
            114.1836424,
            22.3177104
          ],
          [
            114.183561,
            22.3176428
          ],
          [
            114.1834772,
            22.3175428
          ],
          [
            114.1834745,
            22.317445
          ],
          [
            114.1835208,
            22.3173752
          ],
          [
            114.1836223,
            22.3173619
          ],
          [
            114.1839084,
            22.3175626
          ],
          [
            114.1839411,
            22.3175564
          ],
          [
            114.1839552,
            22.3175409
          ],
          [
            114.1839627,
            22.3175191
          ],
          [
            114.1839663,
            22.3174685
          ],
          [
            114.183927,
            22.317312
          ],
          [
            114.1838378,
            22.3167005
          ],
          [
            114.1839349,
            22.3166283
          ],
          [
            114.1840208,
            22.3165891
          ],
          [
            114.1845495,
            22.3164802
          ]
        ]
      }
    },
    {
      "type": "Feature",
      "properties": {
        "highway": "service"
      },
      "geometry": {
        "type": "LineString",
        "coordinates": [
          [
            114.1797295,
            22.314762
          ],
          [
            114.1797076,
            22.3147906
          ],
          [
            114.1796922,
            22.3148108
          ],
          [
            114.1796616,
            22.3148445
          ],
          [
            114.1796333,
            22.314856
          ],
          [
            114.1796019,
            22.3148765
          ],
          [
            114.179575,
            22.3149208
          ],
          [
            114.1795653,
            22.3149561
          ],
          [
            114.179563,
            22.3149883
          ],
          [
            114.1794755,
            22.3151325
          ],
          [
            114.1794258,
            22.315196
          ],
          [
            114.1793805,
            22.3152508
          ],
          [
            114.179344,
            22.3152914
          ],
          [
            114.1793042,
            22.3153281
          ],
          [
            114.1792727,
            22.3153456
          ],
          [
            114.1792412,
            22.3153585
          ],
          [
            114.1792091,
            22.3153637
          ],
          [
            114.1791754,
            22.3153627
          ],
          [
            114.1791392,
            22.3153564
          ],
          [
            114.179103,
            22.3153456
          ],
          [
            114.1789886,
            22.3153047
          ],
          [
            114.1789286,
            22.3152807
          ],
          [
            114.1788755,
            22.3152557
          ],
          [
            114.1788248,
            22.3152253
          ],
          [
            114.1787752,
            22.3151907
          ],
          [
            114.1787364,
            22.3151603
          ],
          [
            114.178698,
            22.3151299
          ],
          [
            114.1786648,
            22.3151002
          ],
          [
            114.1786333,
            22.3150693
          ],
          [
            114.178596,
            22.3150307
          ],
          [
            114.1785656,
            22.3149952
          ],
          [
            114.1785265,
            22.3149469
          ],
          [
            114.1784995,
            22.3148991
          ],
          [
            114.1784799,
            22.3148589
          ],
          [
            114.1784591,
            22.3148088
          ],
          [
            114.1784534,
            22.3147949
          ],
          [
            114.1784388,
            22.3147437
          ],
          [
            114.1784318,
            22.3146889
          ],
          [
            114.1784244,
            22.3146312
          ],
          [
            114.1784146,
            22.3145371
          ],
          [
            114.1783894,
            22.3145252
          ],
          [
            114.1783176,
            22.3144721
          ],
          [
            114.1782098,
            22.3143896
          ],
          [
            114.1782968,
            22.3142836
          ],
          [
            114.1782976,
            22.3142375
          ],
          [
            114.1782753,
            22.3142207
          ]
        ]
      }
    },
    {
      "type": "Feature",
      "properties": {
        "bridge": "yes",
        "highway": "service",
        "layer": "1",
        "maxlength": "11"
      },
      "geometry": {
        "type": "LineString",
        "coordinates": [
          [
            114.1826042,
            22.3138713
          ],
          [
            114.1825797,
            22.3139249
          ],
          [
            114.1825429,
            22.3139587
          ],
          [
            114.1824919,
            22.3140024
          ],
          [
            114.1822591,
            22.3141032
          ]
        ]
      }
    },
    {
      "type": "Feature",
      "properties": {
        "highway": "unclassified",
        "lanes": "2",
        "motor_vehicle:conditional": "no @ (learner AND Mo-Sa 07:30-19:30)",
        "name": "石鼓街 Shek Ku Street",
        "name:en": "Shek Ku Street",
        "name:zh": "石鼓街",
        "sidewalk": "both"
      },
      "geometry": {
        "type": "LineString",
        "coordinates": [
          [
            114.181207,
            22.3193819
          ],
          [
            114.181049,
            22.3194826
          ],
          [
            114.180438,
            22.3198718
          ],
          [
            114.1802987,
            22.3200578
          ],
          [
            114.1802257,
            22.3201646
          ],
          [
            114.1798356,
            22.3209413
          ],
          [
            114.1797594,
            22.321093
          ]
        ]
      }
    },
    {
      "type": "Feature",
      "properties": {
        "highway": "service",
        "lanes": "1",
        "name": "常富街 Sheung Foo Street",
        "name:en": "Sheung Foo Street",
        "name:zh": "常富街",
        "oneway": "yes",
        "turning_loop": "yes"
      },
      "geometry": {
        "type": "LineString",
        "coordinates": [
          [
            114.1810333,
            22.3176724
          ],
          [
            114.1810368,
            22.3176575
          ],
          [
            114.1810374,
            22.3176423
          ],
          [
            114.1810326,
            22.317619
          ],
          [
            114.1810215,
            22.3175985
          ],
          [
            114.1809996,
            22.3175775
          ],
          [
            114.1809751,
            22.3175655
          ],
          [
            114.1809481,
            22.3175607
          ],
          [
            114.1809247,
            22.3175626
          ],
          [
            114.1809027,
            22.3175698
          ],
          [
            114.1808835,
            22.3175817
          ],
          [
            114.1808682,
            22.3175974
          ],
          [
            114.1808576,
            22.3176158
          ],
          [
            114.1808514,
            22.3176438
          ],
          [
            114.1808555,
            22.3176723
          ]
        ]
      }
    },
    {
      "type": "Feature",
      "properties": {
        "highway": "service"
      },
      "geometry": {
        "type": "LineString",
        "coordinates": [
          [
            114.1796023,
            22.3146738
          ],
          [
            114.179582,
            22.314698
          ],
          [
            114.1795611,
            22.3147229
          ],
          [
            114.179549,
            22.3147429
          ],
          [
            114.1795422,
            22.3147629
          ],
          [
            114.1795449,
            22.3147974
          ],
          [
            114.1795591,
            22.3148232
          ],
          [
            114.1795713,
            22.314844
          ],
          [
            114.179575,
            22.3148727
          ],
          [
            114.179575,
            22.3149208
          ]
        ]
      }
    },
    {
      "type": "Feature",
      "properties": {
        "highway": "residential",
        "lanes": "2",
        "name": "牧愛街 Good Shepherd Street",
        "name:en": "Good Shepherd Street",
        "name:zh": "牧愛街",
        "surface": "asphalt"
      },
      "geometry": {
        "type": "LineString",
        "coordinates": [
          [
            114.1793744,
            22.3158609
          ],
          [
            114.1794243,
            22.3159797
          ],
          [
            114.1795528,
            22.3162555
          ],
          [
            114.1796057,
            22.31641
          ],
          [
            114.1795993,
            22.3164553
          ],
          [
            114.1795671,
            22.3165027
          ],
          [
            114.1795356,
            22.3165412
          ],
          [
            114.1793323,
            22.3166174
          ],
          [
            114.1791806,
            22.3166156
          ]
        ]
      }
    },
    {
      "type": "Feature",
      "properties": {
        "bicycle": "no",
        "highway": "service",
        "horse": "no",
        "motor_vehicle": "private"
      },
      "geometry": {
        "type": "LineString",
        "coordinates": [
          [
            114.182954,
            22.319097
          ],
          [
            114.1829619,
            22.3190721
          ],
          [
            114.1829705,
            22.3190449
          ],
          [
            114.1830091,
            22.3189231
          ],
          [
            114.1830073,
            22.318855
          ],
          [
            114.182976,
            22.318796
          ],
          [
            114.1827596,
            22.3186114
          ],
          [
            114.182757,
            22.3185867
          ],
          [
            114.1828308,
            22.3185511
          ],
          [
            114.1829302,
            22.3185501
          ],
          [
            114.1829771,
            22.3185617
          ],
          [
            114.1831839,
            22.3186118
          ],
          [
            114.1832695,
            22.3186734
          ],
          [
            114.1833077,
            22.3187445
          ],
          [
            114.1833495,
            22.3188521
          ],
          [
            114.1834582,
            22.318937
          ],
          [
            114.1834868,
            22.3189372
          ],
          [
            114.1836576,
            22.318938
          ],
          [
            114.1838165,
            22.3188855
          ],
          [
            114.1839214,
            22.3187816
          ],
          [
            114.1840096,
            22.3186896
          ],
          [
            114.1840208,
            22.3186779
          ]
        ]
      }
    },
    {
      "type": "Feature",
      "properties": {
        "change": "no",
        "highway": "unclassified",
        "lanes": "2",
        "motor_vehicle:conditional": "no @ ((learner) AND (Mo-Sa 07:30 - 19:30))",
        "name": "常樂街 Sheung Lok Street",
        "name:en": "Sheung Lok Street",
        "name:zh": "常樂街",
        "surface": "asphalt"
      },
      "geometry": {
        "type": "LineString",
        "coordinates": [
          [
            114.1832726,
            22.313911
          ],
          [
            114.183378,
            22.3139314
          ],
          [
            114.1834459,
            22.3139423
          ],
          [
            114.1839221,
            22.3140194
          ],
          [
            114.1839651,
            22.31403
          ],
          [
            114.1840109,
            22.3140486
          ],
          [
            114.1840618,
            22.3140732
          ],
          [
            114.1841225,
            22.3141133
          ],
          [
            114.1841683,
            22.3141545
          ],
          [
            114.1842126,
            22.3142064
          ],
          [
            114.1842505,
            22.3142658
          ],
          [
            114.1842818,
            22.3143298
          ],
          [
            114.1843049,
            22.3144024
          ],
          [
            114.1843121,
            22.3144677
          ],
          [
            114.1843106,
            22.3145202
          ],
          [
            114.1843037,
            22.3145704
          ],
          [
            114.1842919,
            22.3146208
          ],
          [
            114.1842752,
            22.3146669
          ],
          [
            114.1842508,
            22.3147141
          ],
          [
            114.1842142,
            22.3147699
          ],
          [
            114.1841694,
            22.3148206
          ],
          [
            114.1841199,
            22.3148625
          ],
          [
            114.183757,
            22.3151267
          ],
          [
            114.1837096,
            22.3151662
          ],
          [
            114.183663,
            22.3152092
          ],
          [
            114.183607,
            22.3152684
          ]
        ]
      }
    },
    {
      "type": "Feature",
      "properties": {
        "highway": "service"
      },
      "geometry": {
        "type": "LineString",
        "coordinates": [
          [
            114.1784146,
            22.3145371
          ],
          [
            114.1786644,
            22.3142552
          ],
          [
            114.1786885,
            22.3142406
          ],
          [
            114.1787144,
            22.3142371
          ],
          [
            114.1787421,
            22.314243
          ],
          [
            114.178771,
            22.3142514
          ],
          [
            114.1787947,
            22.3142495
          ],
          [
            114.1788174,
            22.3142379
          ],
          [
            114.1788358,
            22.314221
          ]
        ]
      }
    },
    {
      "type": "Feature",
      "properties": {
        "highway": "tertiary",
        "lanes": "2",
        "name": "常盛街 Sheung Shing Street",
        "name:en": "Sheung Shing Street",
        "name:zh": "常盛街",
        "sidewalk": "both",
        "surface": "concrete"
      },
      "geometry": {
        "type": "LineString",
        "coordinates": [
          [
            114.1798073,
            22.3170084
          ],
          [
            114.1798769,
            22.3171467
          ],
          [
            114.1801704,
            22.3177298
          ],
          [
            114.1804973,
            22.3182984
          ],
          [
            114.1806554,
            22.3185398
          ],
          [
            114.1811553,
            22.3193029
          ],
          [
            114.181207,
            22.3193819
          ],
          [
            114.181295,
            22.3194984
          ],
          [
            114.1813898,
            22.3195862
          ],
          [
            114.1814976,
            22.31967
          ],
          [
            114.1815866,
            22.3197288
          ],
          [
            114.1816768,
            22.319772
          ],
          [
            114.1817623,
            22.3198025
          ],
          [
            114.1818519,
            22.3198265
          ],
          [
            114.1821534,
            22.3198993
          ]
        ]
      }
    },
    {
      "type": "Feature",
      "properties": {
        "highway": "service"
      },
      "geometry": {
        "type": "LineString",
        "coordinates": [
          [
            114.1838378,
            22.3167005
          ],
          [
            114.1838292,
            22.3166433
          ],
          [
            114.1837731,
            22.3163027
          ],
          [
            114.1837749,
            22.3162859
          ],
          [
            114.1838262,
            22.3162229
          ]
        ]
      }
    },
    {
      "type": "Feature",
      "properties": {
        "highway": "secondary",
        "junction": "traffic_signals",
        "lanes": "2",
        "maxspeed": "50",
        "name": "佛光街 Fat Kwong Street",
        "name:en": "Fat Kwong Street",
        "name:zh": "佛光街",
        "oneway": "yes",
        "surface": "asphalt",
        "traffic_signals:ref": "K609"
      },
      "geometry": {
        "type": "LineString",
        "coordinates": [
          [
            114.1811243,
            22.3160611
          ],
          [
            114.1811045,
            22.3160834
          ],
          [
            114.1810915,
            22.3161014
          ],
          [
            114.1810753,
            22.3161201
          ],
          [
            114.1810592,
            22.3161402
          ]
        ]
      }
    },
    {
      "type": "Feature",
      "properties": {
        "highway": "secondary",
        "lanes": "2",
        "maxspeed": "50",
        "name": "佛光街 Fat Kwong Street",
        "name:en": "Fat Kwong Street",
        "name:zh": "佛光街",
        "oneway": "yes",
        "surface": "asphalt"
      },
      "geometry": {
        "type": "LineString",
        "coordinates": [
          [
            114.1798073,
            22.3170084
          ],
          [
            114.1799582,
            22.3169356
          ],
          [
            114.1799949,
            22.3169217
          ]
        ]
      }
    },
    {
      "type": "Feature",
      "properties": {
        "carriageway": "dual",
        "highway": "secondary",
        "lanes": "3",
        "maxspeed": "50",
        "name": "佛光街 Fat Kwong Street",
        "name:en": "Fat Kwong Street",
        "name:zh": "佛光街",
        "oneway": "yes",
        "surface": "asphalt"
      },
      "geometry": {
        "type": "LineString",
        "coordinates": [
          [
            114.1812214,
            22.3161404
          ],
          [
            114.1813046,
            22.3160377
          ],
          [
            114.1813207,
            22.3160069
          ],
          [
            114.181383,
            22.3158673
          ],
          [
            114.1814376,
            22.3157276
          ],
          [
            114.1814756,
            22.3155998
          ],
          [
            114.1814984,
            22.3154988
          ],
          [
            114.1815172,
            22.3154122
          ],
          [
            114.1815329,
            22.3152686
          ],
          [
            114.1815667,
            22.3150327
          ],
          [
            114.181582,
            22.3149387
          ],
          [
            114.1816697,
            22.3146
          ],
          [
            114.181684,
            22.3145395
          ]
        ]
      }
    },
    {
      "type": "Feature",
      "properties": {
        "carriageway": "dual",
        "highway": "secondary",
        "lanes": "3",
        "maxspeed": "50",
        "motor_vehicle:conditional": "no @ (learner)",
        "name": "培正道 Pui Ching Road",
        "name:en": "Pui Ching Road",
        "name:zh": "培正道",
        "oneway": "yes",
        "surface": "asphalt"
      },
      "geometry": {
        "type": "LineString",
        "coordinates": [
          [
            114.1797755,
            22.3169238
          ],
          [
            114.1791654,
            22.3171588
          ],
          [
            114.1790631,
            22.3172019
          ],
          [
            114.1787982,
            22.3173033
          ]
        ]
      }
    },
    {
      "type": "Feature",
      "properties": {
        "highway": "unclassified",
        "lanes": "2",
        "name": "常富街 Sheung Foo Street",
        "name:en": "Sheung Foo Street",
        "name:zh": "常富街",
        "oneway": "yes",
        "surface": "asphalt"
      },
      "geometry": {
        "type": "LineString",
        "coordinates": [
          [
            114.1811343,
            22.3162095
          ],
          [
            114.1812649,
            22.316339
          ],
          [
            114.1816382,
            22.3167096
          ],
          [
            114.1817113,
            22.3167822
          ],
          [
            114.1818109,
            22.3168811
          ],
          [
            114.181965,
            22.317029
          ]
        ]
      }
    },
    {
      "type": "Feature",
      "properties": {
        "bridge": "yes",
        "highway": "service",
        "layer": "1"
      },
      "geometry": {
        "type": "LineString",
        "coordinates": [
          [
            114.1820705,
            22.3140625
          ],
          [
            114.1820556,
            22.3140325
          ],
          [
            114.1820494,
            22.314
          ],
          [
            114.1820525,
            22.3139673
          ],
          [
            114.1820644,
            22.3139364
          ],
          [
            114.1820845,
            22.3139093
          ],
          [
            114.1821115,
            22.3138878
          ],
          [
            114.1821435,
            22.3138735
          ],
          [
            114.1821785,
            22.3138672
          ],
          [
            114.1822141,
            22.3138694
          ],
          [
            114.1822481,
            22.3138801
          ],
          [
            114.1822779,
            22.3138985
          ]
        ]
      }
    },
    {
      "type": "Feature",
      "properties": {
        "highway": "tertiary",
        "lanes": "2",
        "maxspeed": "50",
        "name": "忠孝街 Chung Hau Street",
        "name:en": "Chung Hau Street",
        "name:zh": "忠孝街",
        "surface": "concrete"
      },
      "geometry": {
        "type": "LineString",
        "coordinates": [
          [
            114.1815619,
            22.3145251
          ],
          [
            114.181684,
            22.3145395
          ]
        ]
      }
    },
    {
      "type": "Feature",
      "properties": {
        "highway": "footway",
        "name": "永耀街 Wing Yiu Street",
        "name:en": "Wing Yiu Street",
        "name:zh": "永耀街"
      },
      "geometry": {
        "type": "LineString",
        "coordinates": [
          [
            114.1876894,
            22.3193235
          ],
          [
            114.188123,
            22.3191484
          ],
          [
            114.1885501,
            22.3189726
          ]
        ]
      }
    },
    {
      "type": "Feature",
      "properties": {
        "highway": "footway",
        "name": "鴻光街 Hung Kwong Street",
        "name:en": "Hung Kwong Street",
        "name:zh": "鴻光街"
      },
      "geometry": {
        "type": "LineString",
        "coordinates": [
          [
            114.1876899,
            22.3195586
          ],
          [
            114.1882127,
            22.3193414
          ],
          [
            114.1886475,
            22.3191639
          ]
        ]
      }
    },
    {
      "type": "Feature",
      "properties": {
        "highway": "footway"
      },
      "geometry": {
        "type": "LineString",
        "coordinates": [
          [
            114.1882618,
            22.3194415
          ],
          [
            114.1882127,
            22.3193414
          ],
          [
            114.188123,
            22.3191484
          ],
          [
            114.1880318,
            22.3189558
          ]
        ]
      }
    },
    {
      "type": "Feature",
      "properties": {
        "highway": "path",
        "lanes": "1",
        "oneway": "no"
      },
      "geometry": {
        "type": "LineString",
        "coordinates": [
          [
            114.1799383,
            22.3221664
          ],
          [
            114.1801401,
            22.3217829
          ],
          [
            114.1801564,
            22.3217534
          ]
        ]
      }
    },
    {
      "type": "Feature",
      "properties": {
        "highway": "tertiary",
        "lanes": "4",
        "name": "天光道 Tin Kwong Road",
        "name:en": "Tin Kwong Road",
        "name:zh": "天光道",
        "share_taxi": "no",
        "surface": "asphalt",
        "turn:lanes:backward": "left|right",
        "turn:lanes:forward": "|merge_to_left"
      },
      "geometry": {
        "type": "LineString",
        "coordinates": [
          [
            114.1837308,
            22.3239891
          ],
          [
            114.183801,
            22.3238762
          ],
          [
            114.1838226,
            22.3238404
          ],
          [
            114.183919,
            22.3236803
          ],
          [
            114.1841185,
            22.323349
          ]
        ]
      }
    },
    {
      "type": "Feature",
      "properties": {
        "carriageway": "dual",
        "highway": "secondary",
        "lanes": "2",
        "name": "亞皆老街 Argyle Street",
        "name:en": "Argyle Street",
        "name:zh": "亞皆老街",
        "oneway": "yes",
        "placement": "left_of:2",
        "sidewalk:left": "separate",
        "surface": "concrete",
        "turn:lanes": "left|through|through"
      },
      "geometry": {
        "type": "LineString",
        "coordinates": [
          [
            114.1792725,
            22.3219587
          ],
          [
            114.1791953,
            22.321924
          ],
          [
            114.1791641,
            22.3219099
          ],
          [
            114.1790216,
            22.3218458
          ],
          [
            114.1790038,
            22.3218378
          ],
          [
            114.1789249,
            22.3218023
          ],
          [
            114.1788308,
            22.3217599
          ]
        ]
      }
    },
    {
      "type": "Feature",
      "properties": {
        "access": "no",
        "highway": "service",
        "lanes": "1",
        "oneway": "yes",
        "service": "emergency_access"
      },
      "geometry": {
        "type": "LineString",
        "coordinates": [
          [
            114.1893981,
            22.3192836
          ],
          [
            114.1894931,
            22.3193626
          ]
        ]
      }
    },
    {
      "type": "Feature",
      "properties": {
        "bicycle": "no",
        "bridge": "yes",
        "bridge:name": "亞皆老街天橋 Argyle Street Flyover",
        "bridge:name:en": "Argyle Street Flyover",
        "bridge:name:zh": "亞皆老街天橋",
        "foot": "no",
        "highway": "primary",
        "highway:name": "亞皆老街 Argyle Street",
        "highway:name:en": "Argyle Street",
        "highway:name:zh": "亞皆老街",
        "lanes": "2",
        "layer": "1",
        "name": "亞皆老街天橋 Argyle Street Flyover",
        "name:en": "Argyle Street Flyover",
        "name:zh": "亞皆老街天橋",
        "oneway": "yes",
        "street:name": "亞皆老街 Argyle Street",
        "street:name:en": "Argyle Street",
        "street:name:zh": "亞皆老街"
      },
      "geometry": {
        "type": "LineString",
        "coordinates": [
          [
            114.1792838,
            22.3220877
          ],
          [
            114.1803727,
            22.3226188
          ]
        ]
      }
    },
    {
      "type": "Feature",
      "properties": {
        "bicycle": "no",
        "bridge": "yes",
        "bridge:name": "亞皆老街天橋 Argyle Street Flyover",
        "bridge:name:en": "Argyle Street Flyover",
        "bridge:name:zh": "亞皆老街天橋",
        "foot": "no",
        "highway": "primary",
        "highway:name": "亞皆老街 Argyle Street",
        "highway:name:en": "Argyle Street",
        "highway:name:zh": "亞皆老街",
        "lanes": "2",
        "layer": "2",
        "name": "亞皆老街天橋 Argyle Street Flyover",
        "name:en": "Argyle Street Flyover",
        "name:zh": "亞皆老街天橋",
        "oneway": "yes",
        "street:name": "亞皆老街 Argyle Street",
        "street:name:en": "Argyle Street",
        "street:name:zh": "亞皆老街"
      },
      "geometry": {
        "type": "LineString",
        "coordinates": [
          [
            114.1775457,
            22.3212627
          ],
          [
            114.1779824,
            22.3214726
          ],
          [
            114.1783983,
            22.3216739
          ],
          [
            114.1792838,
            22.3220877
          ]
        ]
      }
    },
    {
      "type": "Feature",
      "properties": {
        "bicycle": "no",
        "bridge": "yes",
        "bridge:name": "亞皆老街天橋 Argyle Street Flyover",
        "bridge:name:en": "Argyle Street Flyover",
        "bridge:name:zh": "亞皆老街天橋",
        "foot": "no",
        "highway": "primary",
        "highway:name": "亞皆老街 Argyle Street",
        "highway:name:en": "Argyle Street",
        "highway:name:zh": "亞皆老街",
        "lanes": "2",
        "layer": "2",
        "name": "亞皆老街天橋 Argyle Street Flyover",
        "name:en": "Argyle Street Flyover",
        "name:zh": "亞皆老街天橋",
        "oneway": "yes",
        "street:name": "亞皆老街 Argyle Street",
        "street:name:en": "Argyle Street",
        "street:name:zh": "亞皆老街"
      },
      "geometry": {
        "type": "LineString",
        "coordinates": [
          [
            114.1793022,
            22.3220412
          ],
          [
            114.1784131,
            22.3216234
          ],
          [
            114.1780102,
            22.3214312
          ],
          [
            114.1775635,
            22.3212171
          ]
        ]
      }
    },
    {
      "type": "Feature",
      "properties": {
        "crossing": "traffic_signals",
        "highway": "footway"
      },
      "geometry": {
        "type": "LineString",
        "coordinates": [
          [
            114.1815593,
            22.3229534
          ],
          [
            114.1815191,
            22.3230161
          ],
          [
            114.1814957,
            22.3230601
          ],
          [
            114.1814913,
            22.3230679
          ],
          [
            114.1814679,
            22.3231179
          ],
          [
            114.1814446,
            22.3231587
          ],
          [
            114.1814332,
            22.3231799
          ]
        ]
      }
    },
    {
      "type": "Feature",
      "properties": {
        "highway": "residential",
        "lanes": "2",
        "motor_vehicle:conditional": "no @ (learner)",
        "name": "常健街 Sheung Kin Street",
        "name:en": "Sheung Kin Street",
        "name:zh": "常健街",
        "share_taxi": "no",
        "surface": "asphalt"
      },
      "geometry": {
        "type": "LineString",
        "coordinates": [
          [
            114.1842335,
            22.3231581
          ],
          [
            114.1841078,
            22.3230994
          ],
          [
            114.1833374,
            22.3227398
          ]
        ]
      }
    },
    {
      "type": "Feature",
      "properties": {
        "carriageway": "single",
        "highway": "residential",
        "lanes": "1",
        "motor_vehicle:conditional": "no @ (learner)",
        "name": "登巴道 Dunbar Road",
        "name:en": "Dunbar Road",
        "name:zh": "登巴道",
        "oneway": "yes",
        "sidewalk": "both",
        "surface": "asphalt"
      },
      "geometry": {
        "type": "LineString",
        "coordinates": [
          [
            114.1785766,
            22.3210267
          ],
          [
            114.1786458,
            22.3210581
          ],
          [
            114.1801564,
            22.3217534
          ],
          [
            114.1804414,
            22.3218912
          ],
          [
            114.1805234,
            22.3219329
          ]
        ]
      }
    },
    {
      "type": "Feature",
      "properties": {
        "carriageway": "single",
        "highway": "unclassified",
        "lanes": "1",
        "name": "文福道 Man Fuk Road",
        "name:en": "Man Fuk Road",
        "name:zh": "文福道",
        "note": "I know the name sounds like a really bad joke, but it is genuine... also",
        "oneway": "yes",
        "sidewalk": "both"
      },
      "geometry": {
        "type": "LineString",
        "coordinates": [
          [
            114.1768212,
            22.3193118
          ],
          [
            114.1768932,
            22.3194091
          ],
          [
            114.177161,
            22.3197708
          ],
          [
            114.1772357,
            22.3198241
          ],
          [
            114.177322,
            22.3198536
          ],
          [
            114.1774074,
            22.3198532
          ],
          [
            114.1774567,
            22.3198413
          ],
          [
            114.1775201,
            22.3198159
          ],
          [
            114.1775915,
            22.319773
          ],
          [
            114.1776586,
            22.3197297
          ],
          [
            114.1780673,
            22.3194663
          ],
          [
            114.1783888,
            22.3192689
          ],
          [
            114.1784633,
            22.3192001
          ],
          [
            114.1785046,
            22.3191482
          ],
          [
            114.1785326,
            22.3190948
          ],
          [
            114.1785465,
            22.3190535
          ],
          [
            114.17855,
            22.3190303
          ],
          [
            114.178535,
            22.3189793
          ],
          [
            114.1784545,
            22.3187925
          ]
        ]
      }
    },
    {
      "type": "Feature",
      "properties": {
        "highway": "primary_link",
        "lanes": "1",
        "maxspeed": "50",
        "name": "民豐徑 Man Fung Path",
        "name:en": "Man Fung Path",
        "name:zh": "民豐徑",
        "not:highway": "trunk_link",
        "oneway": "yes",
        "street:name": "民豐徑 Man Fung Path",
        "street:name:en": "Man Fung Path",
        "street:name:zh": "民豐徑"
      },
      "geometry": {
        "type": "LineString",
        "coordinates": [
          [
            114.1778323,
            22.3177931
          ],
          [
            114.1778708,
            22.3178683
          ],
          [
            114.1779394,
            22.317932
          ],
          [
            114.1780253,
            22.3179966
          ],
          [
            114.1781233,
            22.3180322
          ],
          [
            114.1783063,
            22.3180642
          ],
          [
            114.1784576,
            22.3180848
          ],
          [
            114.1785389,
            22.3181004
          ],
          [
            114.1786598,
            22.318136
          ]
        ]
      }
    },
    {
      "type": "Feature",
      "properties": {
        "highway": "trunk_link",
        "lanes": "2",
        "maxspeed": "50",
        "name": "民豐徑 Man Fung Path",
        "name:en": "Man Fung Path",
        "name:zh": "民豐徑",
        "oneway": "yes",
        "street:name": "民豐徑 Man Fung Path",
        "street:name:en": "Man Fung Path",
        "street:name:zh": "民豐徑"
      },
      "geometry": {
        "type": "LineString",
        "coordinates": [
          [
            114.1785625,
            22.3178232
          ],
          [
            114.1785676,
            22.3178774
          ],
          [
            114.1785625,
            22.3179024
          ],
          [
            114.1785479,
            22.3179345
          ],
          [
            114.1785325,
            22.3179568
          ],
          [
            114.1785117,
            22.3179792
          ],
          [
            114.1784872,
            22.3179958
          ],
          [
            114.1784634,
            22.3180085
          ],
          [
            114.1784272,
            22.3180217
          ],
          [
            114.1783879,
            22.3180238
          ],
          [
            114.1783662,
            22.3180235
          ],
          [
            114.1783432,
            22.3180222
          ],
          [
            114.1783186,
            22.3180161
          ],
          [
            114.1781574,
            22.3179716
          ],
          [
            114.1781215,
            22.3179593
          ],
          [
            114.1780855,
            22.3179427
          ],
          [
            114.1780575,
            22.3179237
          ],
          [
            114.1780295,
            22.3179004
          ],
          [
            114.1779885,
            22.3178393
          ],
          [
            114.17793,
            22.3177521
          ]
        ]
      }
    },
    {
      "type": "Feature",
      "properties": {
        "carriageway": "single",
        "highway": "residential",
        "lanes": "1",
        "motor_vehicle:conditional": "no @ (learner AND Mo-Sa 07:30 - 19:30)",
        "name": "巴富街 Perth Street",
        "name:en": "Perth Street",
        "name:zh": "巴富街",
        "oneway": "yes",
        "sidewalk": "both",
        "surface": "asphalt"
      },
      "geometry": {
        "type": "LineString",
        "coordinates": [
          [
            114.1817888,
            22.3225007
          ],
          [
            114.181846,
            22.3225056
          ],
          [
            114.1819028,
            22.3224978
          ],
          [
            114.181956,
            22.3224776
          ],
          [
            114.1820024,
            22.3224462
          ],
          [
            114.1820393,
            22.3224055
          ],
          [
            114.1820646,
            22.3223578
          ],
          [
            114.1820768,
            22.3223059
          ],
          [
            114.1820753,
            22.3222527
          ],
          [
            114.18206,
            22.3222015
          ],
          [
            114.1820319,
            22.3221551
          ],
          [
            114.1819927,
            22.3221163
          ],
          [
            114.1819561,
            22.3220943
          ],
          [
            114.1819475,
            22.3220891
          ],
          [
            114.1807924,
            22.3215701
          ],
          [
            114.1807217,
            22.3215384
          ]
        ]
      }
    },
    {
      "type": "Feature",
      "properties": {
        "carriageway": "dual",
        "highway": "primary",
        "lanes": "2",
        "maxspeed": "50",
        "name": "公主道 Princess Margaret Road",
        "name:en": "Princess Margaret Road",
        "name:zh": "公主道",
        "oneway": "yes",
        "sidewalk": "left",
        "surface": "concrete"
      },
      "geometry": {
        "type": "LineString",
        "coordinates": [
          [
            114.1788447,
            22.3206468
          ],
          [
            114.179032,
            22.3203417
          ],
          [
            114.1791897,
            22.3200401
          ]
        ]
      }
    },
    {
      "type": "Feature",
      "properties": {
        "carriageway": "dual",
        "highway": "secondary",
        "lanes": "3",
        "maxspeed": "50",
        "name": "培正道 Pui Ching Road",
        "name:en": "Pui Ching Road",
        "name:zh": "培正道",
        "oneway": "yes",
        "sidewalk": "no",
        "surface": "concrete"
      },
      "geometry": {
        "type": "LineString",
        "coordinates": [
          [
            114.1791144,
            22.3172841
          ],
          [
            114.1793806,
            22.3171837
          ]
        ]
      }
    },
    {
      "type": "Feature",
      "properties": {
        "carriageway": "dual",
        "highway": "secondary",
        "lanes": "2",
        "maxspeed": "50",
        "name": "培正道 Pui Ching Road",
        "name:en": "Pui Ching Road",
        "name:zh": "培正道",
        "oneway": "yes",
        "sidewalk": "no",
        "surface": "asphalt"
      },
      "geometry": {
        "type": "LineString",
        "coordinates": [
          [
            114.17793,
            22.3177521
          ],
          [
            114.1780018,
            22.3177227
          ],
          [
            114.1780948,
            22.3176847
          ],
          [
            114.1782426,
            22.3176243
          ]
        ]
      }
    },
    {
      "type": "Feature",
      "properties": {
        "destination": "Ho Man Tin;Hung Hom;Yau Ma Tei;Hong Kong (W)",
        "hazard": "crossing",
        "highway": "trunk_link",
        "lanes": "2",
        "maxspeed": "50",
        "name": "常興街 Sheung Hing Street",
        "name:en": "Sheung Hing Street",
        "name:zh": "常興街",
        "oneway": "yes",
        "street:name": "常興街 Sheung Hing Street",
        "street:name:en": "Sheung Hing Street",
        "street:name:zh": "常興街",
        "surface": "concrete"
      },
      "geometry": {
        "type": "LineString",
        "coordinates": [
          [
            114.1789154,
            22.3181676
          ],
          [
            114.1789085,
            22.3180098
          ],
          [
            114.1789096,
            22.3179735
          ],
          [
            114.178915,
            22.317931
          ],
          [
            114.1789311,
            22.317893
          ],
          [
            114.1789592,
            22.3178458
          ],
          [
            114.1790838,
            22.3176661
          ]
        ]
      }
    },
    {
      "type": "Feature",
      "properties": {
        "highway": "trunk_link",
        "lanes": "1",
        "maxspeed": "50",
        "motor_vehicle:conditional": "no @ (learner AND Mo-Sa 07:30 - 19:30); yes @ (PH)",
        "name": "常興街 Sheung Hing Street",
        "name:en": "Sheung Hing Street",
        "name:zh": "常興街",
        "oneway": "yes",
        "share_taxi": "no",
        "street:name": "常興街 Sheung Hing Street",
        "street:name:en": "Sheung Hing Street",
        "street:name:zh": "常興街",
        "surface": "concrete"
      },
      "geometry": {
        "type": "LineString",
        "coordinates": [
          [
            114.1789543,
            22.3173395
          ],
          [
            114.1789835,
            22.3173367
          ],
          [
            114.1790044,
            22.3173387
          ],
          [
            114.1790234,
            22.3173433
          ],
          [
            114.179047,
            22.3173524
          ],
          [
            114.1790651,
            22.3173654
          ],
          [
            114.1790802,
            22.3173795
          ],
          [
            114.1790946,
            22.317398
          ],
          [
            114.1791073,
            22.31742
          ],
          [
            114.1791154,
            22.3174444
          ],
          [
            114.1791174,
            22.3174687
          ],
          [
            114.1791145,
            22.3174978
          ],
          [
            114.1791054,
            22.3175269
          ],
          [
            114.1790799,
            22.317578
          ],
          [
            114.1790677,
            22.3175979
          ],
          [
            114.1790361,
            22.3176363
          ]
        ]
      }
    },
    {
      "type": "Feature",
      "properties": {
        "highway": "tertiary",
        "lanes": "2",
        "name": "常盛街 Sheung Shing Street",
        "name:en": "Sheung Shing Street",
        "name:zh": "常盛街",
        "surface": "concrete"
      },
      "geometry": {
        "type": "LineString",
        "coordinates": [
          [
            114.1797755,
            22.3169238
          ],
          [
            114.1798073,
            22.3170084
          ]
        ]
      }
    },
    {
      "type": "Feature",
      "properties": {
        "carriageway": "dual",
        "destination": "旺角 Mong Kok;香港(東、西) Hong Kong (E)&(W)",
        "destination:lang:en": "Mong Kok;Hong Kong(E)&(W)",
        "destination:lang:zh": "旺角;香港(東);香港(西)",
        "highway": "primary",
        "junction:ref": "8A",
        "lanes": "2",
        "maxspeed": "50",
        "name": "窩打老道 Waterloo Road",
        "name:en": "Waterloo Road",
        "name:zh": "窩打老道",
        "oneway": "yes",
        "sidewalk": "left",
        "surface": "concrete",
        "turn": "slight_left"
      },
      "geometry": {
        "type": "LineString",
        "coordinates": [
          [
            114.1783376,
            22.3234652
          ],
          [
            114.1783514,
            22.3233245
          ],
          [
            114.1783295,
            22.3230007
          ]
        ]
      }
    },
    {
      "type": "Feature",
      "properties": {
        "highway": "residential",
        "lanes": "2",
        "name": "迦密村街 Carmel Village Street",
        "name:en": "Carmel Village Street",
        "name:zh": "迦密村街",
        "surface": "asphalt"
      },
      "geometry": {
        "type": "LineString",
        "coordinates": [
          [
            114.1790152,
            22.3136518
          ],
          [
            114.179054,
            22.3137697
          ],
          [
            114.1791329,
            22.3140094
          ],
          [
            114.1792177,
            22.3143005
          ],
          [
            114.1792726,
            22.3144029
          ],
          [
            114.1793521,
            22.3144925
          ],
          [
            114.1796023,
            22.3146738
          ],
          [
            114.1797295,
            22.314762
          ],
          [
            114.1800442,
            22.314971
          ],
          [
            114.1801558,
            22.3150449
          ]
        ]
      }
    },
    {
      "type": "Feature",
      "properties": {
        "highway": "tertiary",
        "lanes": "4",
        "maxspeed": "50",
        "name": "忠孝街 Chung Hau Street",
        "name:en": "Chung Hau Street",
        "name:zh": "忠孝街",
        "surface": "asphalt"
      },
      "geometry": {
        "type": "LineString",
        "coordinates": [
          [
            114.1810483,
            22.3144314
          ],
          [
            114.1814033,
            22.3145009
          ],
          [
            114.1815619,
            22.3145251
          ]
        ]
      }
    },
    {
      "type": "Feature",
      "properties": {
        "access": "no",
        "highway": "service",
        "lanes": "1",
        "layer": "-1",
        "oneway": "yes",
        "service": "emergency_access",
        "tunnel": "yes"
      },
      "geometry": {
        "type": "LineString",
        "coordinates": [
          [
            114.1897733,
            22.3198416
          ],
          [
            114.1901162,
            22.3205496
          ],
          [
            114.1901953,
            22.3207307
          ],
          [
            114.1902489,
            22.3208449
          ],
          [
            114.1903425,
            22.3210648
          ],
          [
            114.1904599,
            22.3213812
          ],
          [
            114.1905524,
            22.3216599
          ],
          [
            114.1906403,
            22.3217906
          ]
        ]
      }
    },
    {
      "type": "Feature",
      "properties": {
        "highway": "tertiary",
        "name": "靠背壟道 Kau Pui Lung Road",
        "name:en": "Kau Pui Lung Road",
        "name:zh": "靠背壟道",
        "note:highway:criteria": "restriction"
      },
      "geometry": {
        "type": "LineString",
        "coordinates": [
          [
            114.1864133,
            22.319518
          ],
          [
            114.1864195,
            22.3184903
          ],
          [
            114.1864205,
            22.318324
          ],
          [
            114.1864227,
            22.3179589
          ],
          [
            114.1864228,
            22.3178454
          ],
          [
            114.1864232,
            22.3174535
          ],
          [
            114.1864211,
            22.3164499
          ],
          [
            114.1864208,
            22.3163032
          ]
        ]
      }
    },
    {
      "type": "Feature",
      "properties": {
        "highway": "residential",
        "lanes": "1",
        "name": "江蘇街 Kiang Su Street",
        "name:en": "Kiang Su Street",
        "name:zh": "江蘇街",
        "oneway": "yes",
        "source": "Yahoo",
        "surface": "asphalt"
      },
      "geometry": {
        "type": "LineString",
        "coordinates": [
          [
            114.1869819,
            22.3163167
          ],
          [
            114.1870369,
            22.3163299
          ],
          [
            114.1870657,
            22.3163368
          ],
          [
            114.1874627,
            22.3163337
          ],
          [
            114.1874795,
            22.3163336
          ],
          [
            114.1875198,
            22.3163333
          ]
        ]
      }
    },
    {
      "type": "Feature",
      "properties": {
        "carriageway": "single",
        "highway": "unclassified",
        "lanes": "1",
        "name": "落山道 Lok Shan Road",
        "name:en": "Lok Shan Road",
        "name:zh": "落山道",
        "oneway": "yes",
        "sidewalk": "both",
        "source": "Yahoo"
      },
      "geometry": {
        "type": "LineString",
        "coordinates": [
          [
            114.1864227,
            22.3179589
          ],
          [
            114.186506,
            22.317959
          ],
          [
            114.1869066,
            22.3179593
          ],
          [
            114.1869664,
            22.3179594
          ]
        ]
      }
    },
    {
      "type": "Feature",
      "properties": {
        "highway": "tertiary",
        "name": "落山道 Lok Shan Road",
        "name:en": "Lok Shan Road",
        "name:zh": "落山道",
        "oneway": "yes",
        "surface": "asphalt"
      },
      "geometry": {
        "type": "LineString",
        "coordinates": [
          [
            114.1909464,
            22.3152832
          ],
          [
            114.190897,
            22.3153274
          ],
          [
            114.19085,
            22.315367
          ],
          [
            114.1905467,
            22.3156229
          ],
          [
            114.1905348,
            22.315633
          ],
          [
            114.1902634,
            22.3158619
          ],
          [
            114.1901673,
            22.315943
          ],
          [
            114.1901215,
            22.3159818
          ],
          [
            114.1900656,
            22.3160327
          ]
        ]
      }
    },
    {
      "type": "Feature",
      "properties": {
        "abutters": "commercial",
        "carriageway": "single",
        "highway": "residential",
        "lanes": "1",
        "name": "龍圖街 Lung To Street",
        "name:en": "Lung To Street",
        "name:zh": "龍圖街",
        "oneway": "yes",
        "sidewalk": "both",
        "surface": "concrete"
      },
      "geometry": {
        "type": "LineString",
        "coordinates": [
          [
            114.1909389,
            22.3214501
          ],
          [
            114.1909652,
            22.3215032
          ],
          [
            114.1913485,
            22.3222771
          ],
          [
            114.1913832,
            22.3223479
          ]
        ]
      }
    },
    {
      "type": "Feature",
      "properties": {
        "highway": "tertiary",
        "intersection": "normal",
        "junction": "intersection",
        "lane_markings": "no",
        "name": "馬坑涌道 Ma Hang Chung Road",
        "name:en": "Ma Hang Chung Road",
        "name:zh": "馬坑涌道",
        "oneway": "yes",
        "sidewalk": "no",
        "surface": "asphalt",
        "traffic_signals": "signal"
      },
      "geometry": {
        "type": "LineString",
        "coordinates": [
          [
            114.187641,
            22.3200504
          ],
          [
            114.1875128,
            22.3200248
          ]
        ]
      }
    },
    {
      "type": "Feature",
      "properties": {
        "highway": "residential",
        "name": "美善同里 Maidstone Lane",
        "name:en": "Maidstone Lane",
        "name:zh": "美善同里",
        "oneway": "yes"
      },
      "geometry": {
        "type": "LineString",
        "coordinates": [
          [
            114.1864133,
            22.319518
          ],
          [
            114.1864744,
            22.3195183
          ],
          [
            114.1869571,
            22.3195208
          ]
        ]
      }
    },
    {
      "type": "Feature",
      "properties": {
        "carriageway": "single",
        "highway": "tertiary",
        "lanes": "3",
        "maxspeed": "50",
        "name": "木廠街 Mok Cheong Street",
        "name:en": "Mok Cheong Street",
        "name:zh": "木廠街",
        "oneway": "yes",
        "sidewalk": "both",
        "surface": "concrete",
        "turn:lanes": "through|through;right|right",
        "wikidata": "Q28003876",
        "wikipedia": "zh:木廠街"
      },
      "geometry": {
        "type": "LineString",
        "coordinates": [
          [
            114.1885177,
            22.3235808
          ],
          [
            114.1887638,
            22.3234759
          ],
          [
            114.1887904,
            22.3234645
          ],
          [
            114.1888795,
            22.3234266
          ]
        ]
      }
    },
    {
      "type": "Feature",
      "properties": {
        "carriageway": "single",
        "highway": "tertiary",
        "lanes": "2",
        "name": "北帝街 Pak Tai Street",
        "name:en": "Pak Tai Street",
        "name:zh": "北帝街",
        "note:highway:criteria": "restriction",
        "oneway": "yes",
        "sidewalk": "both",
        "surface": "asphalt"
      },
      "geometry": {
        "type": "LineString",
        "coordinates": [
          [
            114.187927,
            22.320275
          ],
          [
            114.1883933,
            22.3211921
          ],
          [
            114.1884218,
            22.3212481
          ],
          [
            114.1884559,
            22.321316
          ],
          [
            114.1889272,
            22.3222548
          ],
          [
            114.1889584,
            22.322317
          ],
          [
            114.1889847,
            22.3223694
          ],
          [
            114.1890738,
            22.3225467
          ],
          [
            114.1893512,
            22.3230993
          ],
          [
            114.1893681,
            22.3231331
          ],
          [
            114.1894027,
            22.3232035
          ]
        ]
      }
    },
    {
      "type": "Feature",
      "properties": {
        "highway": "unclassified",
        "lanes": "2",
        "name": "炮仗街 Pau Chung Street",
        "name:en": "Pau Chung Street",
        "name:zh": "炮仗街",
        "sidewalk": "both"
      },
      "geometry": {
        "type": "LineString",
        "coordinates": [
          [
            114.1880241,
            22.3178079
          ],
          [
            114.1882929,
            22.3183332
          ],
          [
            114.1884484,
            22.3186318
          ],
          [
            114.1884701,
            22.3186736
          ],
          [
            114.1884931,
            22.3187178
          ],
          [
            114.1885123,
            22.3187573
          ],
          [
            114.1886055,
            22.3189487
          ],
          [
            114.1887071,
            22.3191425
          ],
          [
            114.1889714,
            22.3196592
          ],
          [
            114.1890018,
            22.3197185
          ]
        ]
      }
    },
    {
      "type": "Feature",
      "properties": {
        "highway": "residential",
        "lanes": "2",
        "name": "常富街 Sheung Foo Street",
        "name:en": "Sheung Foo Street",
        "name:zh": "常富街"
      },
      "geometry": {
        "type": "LineString",
        "coordinates": [
          [
            114.181965,
            22.317029
          ],
          [
            114.1819188,
            22.3170843
          ],
          [
            114.1819013,
            22.3171027
          ],
          [
            114.1818744,
            22.3171311
          ],
          [
            114.1816934,
            22.3172728
          ]
        ]
      }
    },
    {
      "type": "Feature",
      "properties": {
        "carriageway": "single",
        "highway": "tertiary",
        "lanes": "2",
        "name": "上鄉道 Sheung Heung Road",
        "name:en": "Sheung Heung Road",
        "name:zh": "上鄉道",
        "note:highway:criteria": "restriction",
        "sidewalk": "both"
      },
      "geometry": {
        "type": "LineString",
        "coordinates": [
          [
            114.1876219,
            22.3190944
          ],
          [
            114.1878077,
            22.3190108
          ],
          [
            114.1880158,
            22.3189221
          ],
          [
            114.1883963,
            22.3187592
          ],
          [
            114.1884931,
            22.3187178
          ],
          [
            114.1885719,
            22.318684
          ],
          [
            114.1889123,
            22.3185382
          ],
          [
            114.1889813,
            22.3185086
          ]
        ]
      }
    },
    {
      "type": "Feature",
      "properties": {
        "highway": "residential",
        "name": "常和街 Sheung Wo Street",
        "name:en": "Sheung Wo Street",
        "name:zh": "常和街"
      },
      "geometry": {
        "type": "LineString",
        "coordinates": [
          [
            114.1824153,
            22.3189799
          ],
          [
            114.1825131,
            22.3190012
          ],
          [
            114.182954,
            22.319097
          ],
          [
            114.183034,
            22.319116
          ],
          [
            114.1830475,
            22.3191388
          ],
          [
            114.183047,
            22.3191642
          ],
          [
            114.1829373,
            22.3195296
          ]
        ]
      }
    },
    {
      "type": "Feature",
      "properties": {
        "bus:backward": "designated",
        "carriageway": "single",
        "highway": "unclassified",
        "lanes": "2",
        "lanes:backward": "1",
        "lanes:forward": "1",
        "motor_vehicle:backward": "no",
        "name": "盛德街 Shing Tak Street",
        "name:en": "Shing Tak Street",
        "name:zh": "盛德街",
        "oneway": "yes",
        "oneway:bicycle": "no",
        "oneway:bus": "no",
        "sidewalk": "both"
      },
      "geometry": {
        "type": "LineString",
        "coordinates": [
          [
            114.1882543,
            22.3249117
          ],
          [
            114.188171,
            22.3247918
          ],
          [
            114.1880918,
            22.3246303
          ],
          [
            114.187836,
            22.324109
          ],
          [
            114.1878168,
            22.3240714
          ],
          [
            114.1876866,
            22.323816
          ]
        ]
      }
    },
    {
      "type": "Feature",
      "properties": {
        "carriageway": "single",
        "highway": "tertiary",
        "lanes": "2",
        "name": "譚公道 Tam Kung Road",
        "name:en": "Tam Kung Road",
        "name:zh": "譚公道",
        "note:highway:criteria": "restriction",
        "oneway": "yes",
        "parking:both:restriction:conditional": "no_stopping @ (07:00-19:00; PH off)",
        "parking:both:restriction:taxi:conditional": "no_standing @ (07:00-19:00; PH off)",
        "sidewalk": "both",
        "surface": "asphalt"
      },
      "geometry": {
        "type": "LineString",
        "coordinates": [
          [
            114.18934,
            22.324351
          ],
          [
            114.189261,
            22.3241923
          ],
          [
            114.1889886,
            22.3236456
          ],
          [
            114.1889494,
            22.323567
          ],
          [
            114.1889295,
            22.323527
          ],
          [
            114.1888795,
            22.3234266
          ]
        ]
      }
    },
    {
      "type": "Feature",
      "properties": {
        "carriageway": "single",
        "highway": "unclassified",
        "lanes": "1",
        "name": "新山道 San Shan Road",
        "name:en": "San Shan Road",
        "name:zh": "新山道",
        "noaddress": "no",
        "oneway": "yes",
        "sidewalk": "left",
        "surface": "asphalt"
      },
      "geometry": {
        "type": "LineString",
        "coordinates": [
          [
            114.1876277,
            22.3215992
          ],
          [
            114.1876613,
            22.3215285
          ],
          [
            114.1876792,
            22.3215143
          ],
          [
            114.1876886,
            22.3215068
          ],
          [
            114.1877203,
            22.3214909
          ],
          [
            114.1877549,
            22.3214815
          ],
          [
            114.1877908,
            22.3214791
          ],
          [
            114.1878265,
            22.3214838
          ],
          [
            114.1878603,
            22.3214954
          ],
          [
            114.1878907,
            22.3215133
          ],
          [
            114.187964,
            22.3215889
          ]
        ]
      }
    },
    {
      "type": "Feature",
      "properties": {
        "highway": "tertiary",
        "junction": "intersection",
        "lanes": "3",
        "lanes:backward": "1",
        "lanes:forward": "2",
        "name": "天光道 Tin Kwong Road",
        "name:en": "Tin Kwong Road",
        "name:zh": "天光道",
        "share_taxi": "no",
        "surface": "concrete"
      },
      "geometry": {
        "type": "LineString",
        "coordinates": [
          [
            114.1836701,
            22.3240913
          ],
          [
            114.1837308,
            22.3239891
          ]
        ]
      }
    },
    {
      "type": "Feature",
      "properties": {
        "bus:HK:franchised:lanes:conditional": "designated|yes|yes @ (08:00-10:00;17:00-19:00)",
        "bus:lanes:conditional": "private|yes|yes @ (08:00-10:00;17:00-19:00)",
        "carriageway": "dual",
        "highway": "secondary",
        "lanes": "3",
        "motor_vehicle:lanes:conditional": "no|yes|yes @ (08:00-10:00;17:00-19:00)",
        "name": "土瓜灣道 To Kwa Wan Road",
        "name:en": "To Kwa Wan Road",
        "name:zh": "土瓜灣道",
        "oneway": "yes",
        "sidewalk": "left",
        "surface": "asphalt"
      },
      "geometry": {
        "type": "LineString",
        "coordinates": [
          [
            114.1876003,
            22.3141398
          ],
          [
            114.1876245,
            22.3142329
          ],
          [
            114.1876767,
            22.3143124
          ],
          [
            114.1878866,
            22.3145282
          ],
          [
            114.1882407,
            22.3148979
          ],
          [
            114.188481,
            22.3151548
          ],
          [
            114.1885034,
            22.3151787
          ],
          [
            114.1885661,
            22.3152457
          ],
          [
            114.1886538,
            22.3153391
          ]
        ]
      }
    },
    {
      "type": "Feature",
      "properties": {
        "highway": "footway"
      },
      "geometry": {
        "type": "LineString",
        "coordinates": [
          [
            114.1899955,
            22.322881
          ],
          [
            114.1896111,
            22.3220952
          ]
        ]
      }
    },
    {
      "type": "Feature",
      "properties": {
        "highway": "service",
        "surface": "paved"
      },
      "geometry": {
        "type": "LineString",
        "coordinates": [
          [
            114.1898694,
            22.3230039
          ],
          [
            114.1898983,
            22.3230562
          ],
          [
            114.1899037,
            22.3230655
          ]
        ]
      }
    },
    {
      "type": "Feature",
      "properties": {
        "highway": "service"
      },
      "geometry": {
        "type": "LineString",
        "coordinates": [
          [
            114.1804383,
            22.3232872
          ],
          [
            114.1805431,
            22.323369
          ],
          [
            114.1805971,
            22.323414
          ],
          [
            114.1806743,
            22.3234748
          ],
          [
            114.1807575,
            22.3235048
          ],
          [
            114.1808352,
            22.32352
          ],
          [
            114.1810036,
            22.3235313
          ],
          [
            114.1810506,
            22.3235366
          ]
        ]
      }
    },
    {
      "type": "Feature",
      "properties": {
        "highway": "service",
        "oneway": "yes"
      },
      "geometry": {
        "type": "LineString",
        "coordinates": [
          [
            114.1799295,
            22.3228731
          ],
          [
            114.179827,
            22.3228331
          ],
          [
            114.1796616,
            22.3227513
          ],
          [
            114.179578,
            22.3227499
          ],
          [
            114.1790894,
            22.322789
          ],
          [
            114.179072,
            22.3228088
          ],
          [
            114.1790572,
            22.3228411
          ],
          [
            114.1790896,
            22.3232906
          ],
          [
            114.1791003,
            22.3233228
          ],
          [
            114.1791435,
            22.323479
          ],
          [
            114.1791565,
            22.3235865
          ],
          [
            114.1791741,
            22.3237313
          ],
          [
            114.1791909,
            22.3237766
          ],
          [
            114.1792204,
            22.3238113
          ],
          [
            114.1795958,
            22.3241279
          ],
          [
            114.1797546,
            22.3242619
          ],
          [
            114.179837,
            22.324314
          ],
          [
            114.1798635,
            22.3243137
          ],
          [
            114.1799758,
            22.3243162
          ],
          [
            114.180016,
            22.3243028
          ],
          [
            114.1800415,
            22.324278
          ],
          [
            114.1801183,
            22.3241859
          ],
          [
            114.1801564,
            22.3241276
          ],
          [
            114.180158,
            22.3240949
          ],
          [
            114.1801582,
            22.3240417
          ],
          [
            114.1801599,
            22.3239917
          ],
          [
            114.1801389,
            22.3239383
          ]
        ]
      }
    },
    {
      "type": "Feature",
      "properties": {
        "highway": "service",
        "oneway": "yes",
        "surface": "concrete"
      },
      "geometry": {
        "type": "LineString",
        "coordinates": [
          [
            114.1798626,
            22.3232506
          ],
          [
            114.1801326,
            22.3234696
          ]
        ]
      }
    },
    {
      "type": "Feature",
      "properties": {
        "highway": "service",
        "oneway": "yes"
      },
      "geometry": {
        "type": "LineString",
        "coordinates": [
          [
            114.181107,
            22.3232276
          ],
          [
            114.181139,
            22.3233385
          ],
          [
            114.1811294,
            22.3234105
          ]
        ]
      }
    },
    {
      "type": "Feature",
      "properties": {
        "highway": "service",
        "oneway": "yes",
        "surface": "concrete"
      },
      "geometry": {
        "type": "LineString",
        "coordinates": [
          [
            114.1811294,
            22.3234105
          ],
          [
            114.181235,
            22.3233482
          ],
          [
            114.1812918,
            22.3233337
          ]
        ]
      }
    },
    {
      "type": "Feature",
      "properties": {
        "highway": "service",
        "oneway": "yes",
        "surface": "concrete"
      },
      "geometry": {
        "type": "LineString",
        "coordinates": [
          [
            114.1799295,
            22.3228731
          ],
          [
            114.1798805,
            22.3228978
          ],
          [
            114.1798571,
            22.3229469
          ],
          [
            114.1798446,
            22.3229886
          ],
          [
            114.1798439,
            22.3230559
          ],
          [
            114.1798626,
            22.3232506
          ],
          [
            114.1798383,
            22.3232841
          ]
        ]
      }
    },
    {
      "type": "Feature",
      "properties": {
        "highway": "service"
      },
      "geometry": {
        "type": "LineString",
        "coordinates": [
          [
            114.1809905,
            22.3238054
          ],
          [
            114.1809793,
            22.3238516
          ],
          [
            114.1809584,
            22.3239313
          ],
          [
            114.1809133,
            22.3241874
          ],
          [
            114.1809002,
            22.3242318
          ],
          [
            114.1808586,
            22.324459
          ],
          [
            114.1808364,
            22.324575
          ],
          [
            114.1808277,
            22.3246124
          ],
          [
            114.1808048,
            22.3247115
          ],
          [
            114.1807969,
            22.3247456
          ],
          [
            114.1807192,
            22.3248927
          ]
        ]
      }
    },
    {
      "type": "Feature",
      "properties": {
        "carriageway": "dual",
        "highway": "primary",
        "lanes": "3",
        "name": "馬頭圍道 Ma Tau Wai Road",
        "name:en": "Ma Tau Wai Road",
        "name:zh": "馬頭圍道",
        "oneway": "yes",
        "sidewalk:left": "separate",
        "sidewalk:right": "no",
        "surface": "concrete"
      },
      "geometry": {
        "type": "LineString",
        "coordinates": [
          [
            114.1875031,
            22.3210304
          ],
          [
            114.1875038,
            22.3211347
          ],
          [
            114.1874977,
            22.3219219
          ],
          [
            114.1874974,
            22.3219703
          ],
          [
            114.187497,
            22.3220307
          ],
          [
            114.1874984,
            22.3220676
          ],
          [
            114.1875029,
            22.3221047
          ]
        ]
      }
    },
    {
      "type": "Feature",
      "properties": {
        "highway": "service",
        "layer": "-2",
        "tunnel": "building_passage"
      },
      "geometry": {
        "type": "LineString",
        "coordinates": [
          [
            114.1819218,
            22.3158663
          ],
          [
            114.1819157,
            22.3159162
          ],
          [
            114.1821998,
            22.3163296
          ]
        ]
      }
    },
    {
      "type": "Feature",
      "properties": {
        "highway": "service"
      },
      "geometry": {
        "type": "LineString",
        "coordinates": [
          [
            114.1821998,
            22.3163296
          ],
          [
            114.1822169,
            22.3163514
          ],
          [
            114.1822113,
            22.3163886
          ],
          [
            114.1821394,
            22.3166828
          ]
        ]
      }
    },
    {
      "type": "Feature",
      "properties": {
        "bridge": "yes",
        "highway": "service",
        "layer": "1",
        "maxlength": "11"
      },
      "geometry": {
        "type": "LineString",
        "coordinates": [
          [
            114.1822591,
            22.3141032
          ],
          [
            114.1822205,
            22.3141181
          ],
          [
            114.182193,
            22.3141218
          ],
          [
            114.1821653,
            22.3141203
          ],
          [
            114.1821372,
            22.3141133
          ],
          [
            114.1821114,
            22.314101
          ],
          [
            114.1820888,
            22.3140838
          ],
          [
            114.1820705,
            22.3140625
          ]
        ]
      }
    },
    {
      "type": "Feature",
      "properties": {
        "bridge": "yes",
        "highway": "footway",
        "layer": "1"
      },
      "geometry": {
        "type": "LineString",
        "coordinates": [
          [
            114.1816895,
            22.3152731
          ],
          [
            114.1813048,
            22.3151888
          ]
        ]
      }
    },
    {
      "type": "Feature",
      "properties": {
        "bridge": "yes",
        "highway": "footway",
        "layer": "1"
      },
      "geometry": {
        "type": "LineString",
        "coordinates": [
          [
            114.1804257,
            22.3175352
          ],
          [
            114.1802489,
            22.3176147
          ]
        ]
      }
    },
    {
      "type": "Feature",
      "properties": {
        "highway": "steps"
      },
      "geometry": {
        "type": "LineString",
        "coordinates": [
          [
            114.1862588,
            22.3165609
          ],
          [
            114.1862941,
            22.3165649
          ],
          [
            114.1862941,
            22.3164979
          ],
          [
            114.1863131,
            22.316426
          ],
          [
            114.186345,
            22.3162224
          ],
          [
            114.1863688,
            22.3162239
          ]
        ]
      }
    },
    {
      "type": "Feature",
      "properties": {
        "handrail": "yes",
        "highway": "steps",
        "incline": "up",
        "lit": "yes"
      },
      "geometry": {
        "type": "LineString",
        "coordinates": [
          [
            114.1822977,
            22.3171444
          ],
          [
            114.1828978,
            22.31747
          ]
        ]
      }
    },
    {
      "type": "Feature",
      "properties": {
        "change:lanes:backward": "yes|not_right",
        "change:lanes:forward": "yes|not_right",
        "highway": "tertiary",
        "lanes": "4",
        "lanes:backward": "2",
        "lanes:forward": "2",
        "motor_vehicle:conditional": "no @ (learner AND Mo-Sa 07:30-19:30)",
        "name": "天光道 Tin Kwong Road",
        "name:en": "Tin Kwong Road",
        "name:zh": "天光道",
        "sidewalk": "both",
        "surface": "asphalt"
      },
      "geometry": {
        "type": "LineString",
        "coordinates": [
          [
            114.1868754,
            22.3200162
          ],
          [
            114.1868972,
            22.3200167
          ],
          [
            114.18723,
            22.3200232
          ]
        ]
      }
    },
    {
      "type": "Feature",
      "properties": {
        "highway": "service"
      },
      "geometry": {
        "type": "LineString",
        "coordinates": [
          [
            114.1850933,
            22.3191777
          ],
          [
            114.1850835,
            22.3192157
          ],
          [
            114.1850816,
            22.3192375
          ],
          [
            114.1850838,
            22.3192761
          ],
          [
            114.1850879,
            22.3192979
          ],
          [
            114.1850978,
            22.3193183
          ]
        ]
      }
    },
    {
      "type": "Feature",
      "properties": {
        "highway": "footway",
        "surface": "concrete"
      },
      "geometry": {
        "type": "LineString",
        "coordinates": [
          [
            114.1854535,
            22.3204217
          ],
          [
            114.1857691,
            22.3204208
          ]
        ]
      }
    },
    {
      "type": "Feature",
      "properties": {
        "foot": "yes",
        "highway": "steps"
      },
      "geometry": {
        "type": "LineString",
        "coordinates": [
          [
            114.1864985,
            22.3232655
          ],
          [
            114.1864261,
            22.323121
          ],
          [
            114.186211,
            22.323155
          ]
        ]
      }
    },
    {
      "type": "Feature",
      "properties": {
        "highway": "footway"
      },
      "geometry": {
        "type": "LineString",
        "coordinates": [
          [
            114.1846706,
            22.322477
          ],
          [
            114.1846999,
            22.3224918
          ]
        ]
      }
    },
    {
      "type": "Feature",
      "properties": {
        "alt_name": "東九龍高架公路 East Kowloon Way",
        "alt_name:en": "East Kowloon Way",
        "alt_name:zh": "東九龍高架公路",
        "bicycle": "no",
        "bridge": "yes",
        "foot": "no",
        "hazmat:HK:1": "no",
        "hazmat:HK:2": "no",
        "hazmat:HK:3": "no",
        "hazmat:HK:3A": "no",
        "hazmat:HK:5": "no",
        "highway": "trunk",
        "lanes": "2",
        "layer": "2",
        "maxheight": "4.6",
        "maxspeed": "70",
        "motor_vehicle:conditional": "no @ (hazmat:HK:1; hazmat:HK:2; hazmat:HK:3; hazmat:HK:3A; hazmat:HK:5); no @ (learner)",
        "motorroad": "yes",
        "name": "東九龍走廊 East Kowloon Corridor",
        "name:en": "East Kowloon Corridor",
        "name:zh": "東九龍走廊",
        "network": "HK",
        "network:area": "national",
        "network:guid": "HK",
        "network:name": "香港主要幹線 Hong Kong Strategic Routes",
        "network:name:en": "Hong Kong Strategic Routes",
        "network:name:zh": "香港主要幹線",
        "network:wikidata": "Q115916223",
        "noaddress": "yes",
        "oneway": "yes",
        "ref": "5",
        "street:noname": "yes",
        "surface": "asphalt"
      },
      "geometry": {
        "type": "LineString",
        "coordinates": [
          [
            114.189521,
            22.3191928
          ],
          [
            114.1894546,
            22.3190987
          ],
          [
            114.1894143,
            22.3190382
          ],
          [
            114.1893844,
            22.3189898
          ],
          [
            114.1893492,
            22.3189278
          ],
          [
            114.1893079,
            22.3188522
          ],
          [
            114.1892697,
            22.3187795
          ],
          [
            114.1891324,
            22.3185026
          ],
          [
            114.1885477,
            22.3173292
          ],
          [
            114.1881993,
            22.3166392
          ],
          [
            114.1880135,
            22.3162707
          ],
          [
            114.1879763,
            22.3161939
          ],
          [
            114.1879323,
            22.3160993
          ],
          [
            114.1878903,
            22.3160044
          ],
          [
            114.1878561,
            22.3159214
          ],
          [
            114.1878169,
            22.31582
          ],
          [
            114.1877806,
            22.3157196
          ],
          [
            114.187747,
            22.3156144
          ],
          [
            114.187725,
            22.3155374
          ],
          [
            114.1877053,
            22.3154545
          ],
          [
            114.1876727,
            22.3152819
          ],
          [
            114.1876128,
            22.3148811
          ],
          [
            114.1876008,
            22.3147946
          ],
          [
            114.1875877,
            22.3147132
          ],
          [
            114.1875573,
            22.3145623
          ],
          [
            114.1875372,
            22.3144632
          ],
          [
            114.1875195,
            22.3143822
          ],
          [
            114.1874973,
            22.3143044
          ],
          [
            114.1874769,
            22.3142422
          ],
          [
            114.187384,
            22.3139836
          ],
          [
            114.1873532,
            22.3139014
          ],
          [
            114.1873137,
            22.3138085
          ],
          [
            114.1872721,
            22.3137182
          ],
          [
            114.1872165,
            22.3136102
          ],
          [
            114.1871702,
            22.3135249
          ],
          [
            114.1871252,
            22.3134503
          ],
          [
            114.1869878,
            22.3132335
          ],
          [
            114.186546,
            22.3125518
          ],
          [
            114.1860763,
            22.3118224
          ],
          [
            114.1859481,
            22.3116207
          ],
          [
            114.1858008,
            22.3113942
          ],
          [
            114.1857231,
            22.3112703
          ],
          [
            114.1856785,
            22.3111975
          ],
          [
            114.1855362,
            22.3109682
          ],
          [
            114.1854683,
            22.3108406
          ]
        ]
      }
    },
    {
      "type": "Feature",
      "properties": {
        "alt_name": "東九龍高架公路 East Kowloon Way",
        "alt_name:en": "East Kowloon Way",
        "alt_name:zh": "東九龍高架公路",
        "bicycle": "no",
        "bridge": "yes",
        "foot": "no",
        "hazmat:HK:1": "no",
        "hazmat:HK:2": "no",
        "hazmat:HK:3": "no",
        "hazmat:HK:3A": "no",
        "hazmat:HK:5": "no",
        "highway": "trunk",
        "lanes": "2",
        "layer": "1",
        "maxheight": "4.6",
        "maxspeed": "70",
        "motor_vehicle:conditional": "no @ (hazmat:HK:1; hazmat:HK:2; hazmat:HK:3; hazmat:HK:3A; hazmat:HK:5); no @ (learner)",
        "motorroad": "yes",
        "motorway": "no",
        "name": "東九龍走廊 East Kowloon Corridor",
        "name:en": "East Kowloon Corridor",
        "name:zh": "東九龍走廊",
        "network": "HK",
        "network:area": "national",
        "network:guid": "HK",
        "network:name": "香港主要幹線 Hong Kong Strategic Routes",
        "network:name:en": "Hong Kong Strategic Routes",
        "network:name:zh": "香港主要幹線",
        "network:wikidata": "Q115916223",
        "noaddress": "yes",
        "oneway": "yes",
        "ref": "5",
        "shoulder": "no",
        "street:noname": "yes",
        "supervised": "yes",
        "surface": "asphalt",
        "surveillance": "yes",
        "traffic_signals": "lane"
      },
      "geometry": {
        "type": "LineString",
        "coordinates": [
          [
            114.1894787,
            22.3192889
          ],
          [
            114.1898263,
            22.3197666
          ]
        ]
      }
    },
    {
      "type": "Feature",
      "properties": {
        "highway": "footway"
      },
      "geometry": {
        "type": "LineString",
        "coordinates": [
          [
            114.1869828,
            22.3157623
          ],
          [
            114.1869807,
            22.3157453
          ],
          [
            114.18698,
            22.3155383
          ]
        ]
      }
    },
    {
      "type": "Feature",
      "properties": {
        "highway": "tertiary",
        "lanes": "2",
        "name": "馬坑涌道 Ma Hang Chung Road",
        "name:en": "Ma Hang Chung Road",
        "name:zh": "馬坑涌道",
        "note:highway:criteria": "restriction",
        "oneway": "yes",
        "sidewalk": "left",
        "surface": "asphalt"
      },
      "geometry": {
        "type": "LineString",
        "coordinates": [
          [
            114.1876405,
            22.3201216
          ],
          [
            114.1877349,
            22.3201721
          ],
          [
            114.187927,
            22.320275
          ]
        ]
      }
    },
    {
      "type": "Feature",
      "properties": {
        "highway": "primary",
        "intersection": "normal",
        "junction": "intersection",
        "lanes": "3",
        "name": "馬頭圍道 Ma Tau Wai Road",
        "name:en": "Ma Tau Wai Road",
        "name:zh": "馬頭圍道",
        "oneway": "yes",
        "sidewalk": "no",
        "surface": "asphalt",
        "traffic_signals": "signal"
      },
      "geometry": {
        "type": "LineString",
        "coordinates": [
          [
            114.1876405,
            22.3201216
          ],
          [
            114.187641,
            22.3200504
          ]
        ]
      }
    },
    {
      "type": "Feature",
      "properties": {
        "change:lanes": "no|not_left|yes",
        "destination": "旺角 Mong Kok; 九龍塘 Kowloon Tong;沙田 Sha Tin",
        "destination:lang:en": "Mong Kok; Kowloon Tong;田 Sha Tin",
        "destination:lang:en:lanes": "Mong Kok|Kowloon Tong; Sha Tin|Kowloon Tong; Sha Tin",
        "destination:lang:zh": "旺角;九龍塘;沙田",
        "destination:lang:zh:lanes": "旺角|九龍塘;沙田|九龍塘;沙田",
        "highway": "trunk",
        "junction:ref:lanes": "8|none|none",
        "lanes": "3",
        "maxspeed": "70",
        "motorway_junction:ref:lanes": "8|none|none",
        "name": "公主道 Princess Margaret Road",
        "name:en": "Princess Margaret Road",
        "name:zh": "公主道",
        "network": "HK",
        "network:area": "national",
        "network:guid": "HK",
        "network:name": "香港主要幹線 Hong Kong Strategic Routes",
        "network:name:en": "Hong Kong Strategic Routes",
        "network:name:zh": "香港主要幹線",
        "network:wikidata": "Q115916223",
        "oneway": "yes",
        "ref": "1",
        "surface": "concrete",
        "turn:lanes": "slight_left|through|through"
      },
      "geometry": {
        "type": "LineString",
        "coordinates": [
          [
            114.1785348,
            22.3176764
          ],
          [
            114.1786813,
            22.317945
          ],
          [
            114.1787466,
            22.3180773
          ]
        ]
      }
    },
    {
      "type": "Feature",
      "properties": {
        "carriageway": "dual",
        "highway": "secondary",
        "lanes": "3",
        "maxspeed": "50",
        "name": "培正道 Pui Ching Road",
        "name:en": "Pui Ching Road",
        "name:zh": "培正道",
        "oneway": "yes",
        "surface": "asphalt",
        "turn:lanes": "through|through|right"
      },
      "geometry": {
        "type": "LineString",
        "coordinates": [
          [
            114.1782008,
            22.3175461
          ],
          [
            114.1780648,
            22.3175996
          ],
          [
            114.1779736,
            22.3176341
          ],
          [
            114.177892,
            22.3176704
          ]
        ]
      }
    },
    {
      "type": "Feature",
      "properties": {
        "carriageway": "dual",
        "highway": "primary",
        "lanes": "2",
        "maxspeed": "50",
        "name": "窩打老道 Waterloo Road",
        "name:en": "Waterloo Road",
        "name:zh": "窩打老道",
        "oneway": "yes",
        "sidewalk": "left",
        "surface": "asphalt"
      },
      "geometry": {
        "type": "LineString",
        "coordinates": [
          [
            114.1778666,
            22.3219577
          ],
          [
            114.1780672,
            22.3226546
          ],
          [
            114.1780996,
            22.322822
          ],
          [
            114.1781214,
            22.3229988
          ],
          [
            114.1781377,
            22.3232276
          ],
          [
            114.1781862,
            22.3234115
          ]
        ]
      }
    },
    {
      "type": "Feature",
      "properties": {
        "carriageway": "dual",
        "highway": "primary",
        "lanes": "2",
        "maxspeed": "50",
        "name": "窩打老道 Waterloo Road",
        "name:en": "Waterloo Road",
        "name:zh": "窩打老道",
        "oneway": "yes",
        "sidewalk": "left",
        "surface": "concrete"
      },
      "geometry": {
        "type": "LineString",
        "coordinates": [
          [
            114.1783295,
            22.3230007
          ],
          [
            114.1783205,
            22.3229107
          ],
          [
            114.1783077,
            22.3228265
          ],
          [
            114.1782851,
            22.3226998
          ],
          [
            114.178261,
            22.3225981
          ],
          [
            114.1781415,
            22.3221648
          ],
          [
            114.1781287,
            22.3221094
          ],
          [
            114.178129,
            22.3220208
          ]
        ]
      }
    },
    {
      "type": "Feature",
      "properties": {
        "carriageway": "dual",
        "destination": "Kwun Tong;Hong Kong (E)",
        "highway": "primary",
        "lanes": "3",
        "maxspeed": "50",
        "name": "窩打老道 Waterloo Road",
        "name:en": "Waterloo Road",
        "name:zh": "窩打老道",
        "oneway": "yes",
        "sidewalk": "left",
        "surface": "concrete",
        "turn:lanes": "left|through|right"
      },
      "geometry": {
        "type": "LineString",
        "coordinates": [
          [
            114.1781269,
            22.3219098
          ],
          [
            114.1782084,
            22.3217731
          ],
          [
            114.1782198,
            22.3217435
          ],
          [
            114.1782441,
            22.3216911
          ]
        ]
      }
    },
    {
      "type": "Feature",
      "properties": {
        "carriageway": "dual",
        "highway": "primary",
        "lanes": "3",
        "name": "亞皆老街 Argyle Street",
        "name:en": "Argyle Street",
        "name:zh": "亞皆老街",
        "oneway": "yes",
        "sidewalk:left": "separate",
        "surface": "concrete"
      },
      "geometry": {
        "type": "LineString",
        "coordinates": [
          [
            114.1781036,
            22.3214026
          ],
          [
            114.1778579,
            22.3212845
          ]
        ]
      }
    },
    {
      "type": "Feature",
      "properties": {
        "bicycle": "no",
        "carriageway": "transition",
        "foot": "no",
        "highway": "trunk",
        "lanes": "2",
        "maxspeed": "70",
        "name": "公主道 Princess Margaret Road",
        "name:en": "Princess Margaret Road",
        "name:zh": "公主道",
        "network": "HK",
        "network:area": "national",
        "network:guid": "HK",
        "network:name": "香港主要幹線 Hong Kong Strategic Routes",
        "network:name:en": "Hong Kong Strategic Routes",
        "network:name:zh": "香港主要幹線",
        "network:wikidata": "Q115916223",
        "oneway": "yes",
        "placement": "transition",
        "ref": "1",
        "surface": "concrete",
        "turn": "through"
      },
      "geometry": {
        "type": "LineString",
        "coordinates": [
          [
            114.1791702,
            22.3189331
          ],
          [
            114.1792036,
            22.3190155
          ],
          [
            114.1792195,
            22.3190708
          ]
        ]
      }
    },
    {
      "type": "Feature",
      "properties": {
        "highway": "primary",
        "lanes": "3",
        "name": "亞皆老街 Argyle Street",
        "name:en": "Argyle Street",
        "name:zh": "亞皆老街",
        "oneway": "yes",
        "placement": "left_of:2",
        "sidewalk": "no",
        "surface": "concrete"
      },
      "geometry": {
        "type": "LineString",
        "coordinates": [
          [
            114.1783125,
            22.3215158
          ],
          [
            114.178171,
            22.3214439
          ]
        ]
      }
    },
    {
      "type": "Feature",
      "properties": {
        "highway": "trunk",
        "lanes": "3",
        "maxspeed": "70",
        "name": "公主道 Princess Margaret Road",
        "name:en": "Princess Margaret Road",
        "name:zh": "公主道",
        "network": "HK",
        "network:area": "national",
        "network:guid": "HK",
        "network:name": "香港主要幹線 Hong Kong Strategic Routes",
        "network:name:en": "Hong Kong Strategic Routes",
        "network:name:zh": "香港主要幹線",
        "network:wikidata": "Q115916223",
        "oneway": "yes",
        "ref": "1",
        "surface": "concrete"
      },
      "geometry": {
        "type": "LineString",
        "coordinates": [
          [
            114.1792064,
            22.3187303
          ],
          [
            114.1791084,
            22.3185317
          ],
          [
            114.1789154,
            22.3181676
          ]
        ]
      }
    },
    {
      "type": "Feature",
      "properties": {
        "highway": "primary",
        "lanes": "3",
        "name": "馬頭涌道 Ma Tau Chung Road",
        "name:en": "Ma Tau Chung Road",
        "name:zh": "馬頭涌道",
        "oneway": "yes",
        "surface": "asphalt"
      },
      "geometry": {
        "type": "LineString",
        "coordinates": [
          [
            114.1883767,
            22.3236409
          ],
          [
            114.1882751,
            22.3234403
          ],
          [
            114.1881101,
            22.323115
          ],
          [
            114.188006,
            22.3229099
          ],
          [
            114.1879289,
            22.322758
          ]
        ]
      }
    },
    {
      "type": "Feature",
      "properties": {
        "highway": "tertiary",
        "lanes": "2",
        "maxspeed": "50",
        "name": "忠孝街 Chung Hau Street",
        "name:en": "Chung Hau Street",
        "name:zh": "忠孝街",
        "sidewalk": "both",
        "surface": "asphalt"
      },
      "geometry": {
        "type": "LineString",
        "coordinates": [
          [
            114.1779638,
            22.3149555
          ],
          [
            114.1779789,
            22.315019
          ],
          [
            114.177998,
            22.3150753
          ],
          [
            114.1780237,
            22.3151347
          ],
          [
            114.17806,
            22.3151904
          ],
          [
            114.1781013,
            22.3152486
          ],
          [
            114.1781378,
            22.3152939
          ],
          [
            114.1781937,
            22.3153531
          ],
          [
            114.1782543,
            22.3154073
          ],
          [
            114.1783219,
            22.3154618
          ],
          [
            114.1787126,
            22.3157586
          ],
          [
            114.1787553,
            22.3157889
          ],
          [
            114.1788043,
            22.3158172
          ],
          [
            114.1788869,
            22.3158526
          ],
          [
            114.1789543,
            22.3158739
          ],
          [
            114.1790273,
            22.3158873
          ],
          [
            114.1791125,
            22.3158959
          ],
          [
            114.1791974,
            22.315897
          ],
          [
            114.1792796,
            22.3158834
          ],
          [
            114.1793744,
            22.3158609
          ]
        ]
      }
    },
    {
      "type": "Feature",
      "properties": {
        "highway": "tertiary",
        "lanes": "3",
        "lanes:backward": "1",
        "lanes:forward": "2",
        "maxspeed": "50",
        "name": "忠孝街 Chung Hau Street",
        "name:en": "Chung Hau Street",
        "name:zh": "忠孝街",
        "surface": "asphalt"
      },
      "geometry": {
        "type": "LineString",
        "coordinates": [
          [
            114.1793744,
            22.3158609
          ],
          [
            114.1794412,
            22.3158264
          ],
          [
            114.1795226,
            22.3157714
          ],
          [
            114.179609,
            22.3157015
          ],
          [
            114.1796847,
            22.3156239
          ],
          [
            114.1798296,
            22.3154532
          ],
          [
            114.1800752,
            22.3151498
          ],
          [
            114.1801558,
            22.3150449
          ]
        ]
      }
    },
    {
      "type": "Feature",
      "properties": {
        "highway": "tertiary",
        "lanes": "3",
        "lanes:backward": "1",
        "lanes:forward": "2",
        "maxspeed": "50",
        "name": "忠孝街 Chung Hau Street",
        "name:en": "Chung Hau Street",
        "name:zh": "忠孝街",
        "surface": "asphalt"
      },
      "geometry": {
        "type": "LineString",
        "coordinates": [
          [
            114.1801558,
            22.3150449
          ],
          [
            114.1802621,
            22.3149282
          ],
          [
            114.1805497,
            22.3145846
          ],
          [
            114.1806424,
            22.3145148
          ],
          [
            114.1807453,
            22.3144718
          ],
          [
            114.1808908,
            22.314429
          ],
          [
            114.1810483,
            22.3144314
          ]
        ]
      }
    },
    {
      "type": "Feature",
      "properties": {
        "highway": "trunk",
        "incline": "up",
        "lanes": "3",
        "maxspeed": "70",
        "motor_vehicle:conditional": "no @ (learner AND Mo-Sa 07:30 - 19:30); yes @ (PH)",
        "name": "公主道 Princess Margaret Road",
        "name:en": "Princess Margaret Road",
        "name:zh": "公主道",
        "network": "HK",
        "network:area": "national",
        "network:guid": "HK",
        "network:name": "香港主要幹線 Hong Kong Strategic Routes",
        "network:name:en": "Hong Kong Strategic Routes",
        "network:name:zh": "香港主要幹線",
        "network:wikidata": "Q115916223",
        "oneway": "yes",
        "ref": "1",
        "share_taxi": "no",
        "surface": "asphalt"
      },
      "geometry": {
        "type": "LineString",
        "coordinates": [
          [
            114.1784286,
            22.317066
          ],
          [
            114.17839,
            22.3169291
          ],
          [
            114.1783559,
            22.316808
          ],
          [
            114.1783155,
            22.3166731
          ],
          [
            114.1782665,
            22.3165638
          ],
          [
            114.1782069,
            22.316418
          ],
          [
            114.1781228,
            22.3162792
          ],
          [
            114.1779653,
            22.3160679
          ],
          [
            114.1777319,
            22.3158392
          ],
          [
            114.1775677,
            22.3156818
          ],
          [
            114.1775124,
            22.3156077
          ],
          [
            114.1774783,
            22.3155621
          ],
          [
            114.1773987,
            22.315442
          ]
        ]
      }
    },
    {
      "type": "Feature",
      "properties": {
        "destination": "Tsim Sha Tsui;Hong Kong",
        "highway": "trunk",
        "lanes": "3",
        "maxspeed": "70",
        "motor_vehicle:conditional": "no @ (learner AND Mo-Sa 07:30 - 19:30); yes @ (PH)",
        "name": "公主道 Princess Margaret Road",
        "name:en": "Princess Margaret Road",
        "name:zh": "公主道",
        "network": "HK",
        "network:area": "national",
        "network:guid": "HK",
        "network:name": "香港主要幹線 Hong Kong Strategic Routes",
        "network:name:en": "Hong Kong Strategic Routes",
        "network:name:zh": "香港主要幹線",
        "network:wikidata": "Q115916223",
        "oneway": "yes",
        "ref": "1",
        "share_taxi": "no",
        "street:name": "常興街 Sheung Hing Street",
        "street:name:en": "Sheung Hing Street",
        "street:name:zh": "常興街",
        "surface": "asphalt"
      },
      "geometry": {
        "type": "LineString",
        "coordinates": [
          [
            114.1789154,
            22.3181676
          ],
          [
            114.1788762,
            22.3180853
          ],
          [
            114.1788445,
            22.3180282
          ],
          [
            114.1787726,
            22.3178875
          ],
          [
            114.1785841,
            22.3175059
          ]
        ]
      }
    },
    {
      "type": "Feature",
      "properties": {
        "carriageway": "dual",
        "highway": "secondary",
        "lanes": "2",
        "maxspeed": "50",
        "name": "培正道 Pui Ching Road",
        "name:en": "Pui Ching Road",
        "name:zh": "培正道",
        "oneway": "yes",
        "sidewalk": "no",
        "surface": "concrete"
      },
      "geometry": {
        "type": "LineString",
        "coordinates": [
          [
            114.1789543,
            22.3173395
          ],
          [
            114.1790377,
            22.3173095
          ],
          [
            114.1791144,
            22.3172841
          ]
        ]
      }
    },
    {
      "type": "Feature",
      "properties": {
        "highway": "tertiary",
        "lanes": "2",
        "name": "常盛街 Sheung Shing Street",
        "name:en": "Sheung Shing Street",
        "name:zh": "常盛街",
        "surface": "concrete"
      },
      "geometry": {
        "type": "LineString",
        "coordinates": [
          [
            114.1821534,
            22.3198993
          ],
          [
            114.1822655,
            22.3199264
          ],
          [
            114.1824764,
            22.3199773
          ],
          [
            114.1828543,
            22.3200685
          ],
          [
            114.182944,
            22.3200863
          ],
          [
            114.1830153,
            22.3200962
          ],
          [
            114.1831584,
            22.3201032
          ],
          [
            114.1832233,
            22.3200999
          ],
          [
            114.183288,
            22.320089
          ],
          [
            114.1833573,
            22.3200719
          ],
          [
            114.1834453,
            22.3200458
          ],
          [
            114.1835264,
            22.3200147
          ],
          [
            114.1836046,
            22.3199765
          ],
          [
            114.1836758,
            22.3199327
          ],
          [
            114.1843141,
            22.3194584
          ],
          [
            114.1843845,
            22.3194117
          ],
          [
            114.184444,
            22.3193843
          ],
          [
            114.1845126,
            22.3193612
          ],
          [
            114.1845843,
            22.3193465
          ],
          [
            114.1846471,
            22.3193415
          ],
          [
            114.1847185,
            22.3193411
          ],
          [
            114.1847934,
            22.3193452
          ],
          [
            114.1848473,
            22.3193514
          ],
          [
            114.1849002,
            22.3193616
          ],
          [
            114.1849445,
            22.3193741
          ],
          [
            114.1850087,
            22.3193991
          ],
          [
            114.1850657,
            22.3194329
          ],
          [
            114.1851267,
            22.3194832
          ],
          [
            114.1851792,
            22.3195346
          ],
          [
            114.1855587,
            22.3199804
          ],
          [
            114.1856434,
            22.32008
          ]
        ]
      }
    },
    {
      "type": "Feature",
      "properties": {
        "highway": "unclassified",
        "lanes": "2",
        "motor_vehicle:conditional": "no @ (learner AND Mo-Sa 07:30-19:30)",
        "name": "常樂街 Sheung Lok Street",
        "name:en": "Sheung Lok Street",
        "name:zh": "常樂街",
        "surface": "asphalt"
      },
      "geometry": {
        "type": "LineString",
        "coordinates": [
          [
            114.1824153,
            22.3189799
          ],
          [
            114.1823339,
            22.3192313
          ],
          [
            114.1821903,
            22.3197629
          ],
          [
            114.1821534,
            22.3198993
          ]
        ]
      }
    },
    {
      "type": "Feature",
      "properties": {
        "highway": "tertiary",
        "lanes": "2",
        "name": "天光道 Tin Kwong Road",
        "name:en": "Tin Kwong Road",
        "name:zh": "天光道",
        "sidewalk": "both",
        "surface": "asphalt"
      },
      "geometry": {
        "type": "LineString",
        "coordinates": [
          [
            114.1856434,
            22.32008
          ],
          [
            114.1857691,
            22.3200258
          ],
          [
            114.1858723,
            22.3200187
          ],
          [
            114.1864104,
            22.3200185
          ]
        ]
      }
    },
    {
      "type": "Feature",
      "properties": {
        "highway": "service",
        "motor_vehicle:conditional": "no @ (learner AND Mo-Sa 07:30-19:30)",
        "oneway": "yes"
      },
      "geometry": {
        "type": "LineString",
        "coordinates": [
          [
            114.184664,
            22.322348
          ],
          [
            114.1847182,
            22.3223707
          ],
          [
            114.1848223,
            22.3224144
          ],
          [
            114.1848298,
            22.3224142
          ],
          [
            114.1848367,
            22.3224079
          ],
          [
            114.1849681,
            22.3221403
          ],
          [
            114.1849701,
            22.322129
          ],
          [
            114.1849657,
            22.3221203
          ],
          [
            114.1848383,
            22.3220799
          ],
          [
            114.1847759,
            22.3220601
          ]
        ]
      }
    },
    {
      "type": "Feature",
      "properties": {
        "highway": "footway"
      },
      "geometry": {
        "type": "LineString",
        "coordinates": [
          [
            114.1882301,
            22.3183583
          ],
          [
            114.1876998,
            22.3185713
          ]
        ]
      }
    },
    {
      "type": "Feature",
      "properties": {
        "highway": "residential",
        "lane_markings": "no",
        "lanes:unmarked": "2",
        "motor_vehicle:conditional": "no @ (learner)",
        "name": "聖約翰里 St. John's Lane",
        "name:en": "St. John's Lane",
        "name:zh": "聖約翰里",
        "oneway": "no",
        "road_marking": "no",
        "surface": "asphalt"
      },
      "geometry": {
        "type": "LineString",
        "coordinates": [
          [
            114.1783557,
            22.3236929
          ],
          [
            114.1784363,
            22.3236902
          ],
          [
            114.1787902,
            22.323672
          ]
        ]
      }
    },
    {
      "type": "Feature",
      "properties": {
        "destination": "何文田 Ho Man Tin",
        "destination:lang:en": "Ho Man Tin",
        "destination:lang:zh": "何文田",
        "highway": "trunk_link",
        "junction:ref": "8",
        "lanes": "1",
        "motorway_junction:ref": "8",
        "name": "公主道 Princess Margaret Road",
        "name:en": "Princess Margaret Road",
        "name:zh": "公主道",
        "oneway": "yes",
        "surface": "asphalt",
        "turn": "left"
      },
      "geometry": {
        "type": "LineString",
        "coordinates": [
          [
            114.1785348,
            22.3176764
          ],
          [
            114.1785625,
            22.3178232
          ]
        ]
      }
    },
    {
      "type": "Feature",
      "properties": {
        "footway": "sidewalk",
        "highway": "footway",
        "lit": "yes",
        "name": "公主道 Princess Margaret Road",
        "name:en": "Princess Margaret Road",
        "name:zh": "公主道"
      },
      "geometry": {
        "type": "LineString",
        "coordinates": [
          [
            114.1787272,
            22.3182252
          ],
          [
            114.1789371,
            22.3185425
          ],
          [
            114.178983,
            22.3186316
          ],
          [
            114.1790421,
            22.3187198
          ],
          [
            114.1790903,
            22.3188302
          ],
          [
            114.1791045,
            22.3188989
          ],
          [
            114.179116,
            22.3189538
          ],
          [
            114.1791225,
            22.3191751
          ],
          [
            114.179122,
            22.3194092
          ],
          [
            114.1791078,
            22.3195398
          ],
          [
            114.1790541,
            22.3197352
          ],
          [
            114.1789874,
            22.3199551
          ],
          [
            114.1789688,
            22.3200043
          ],
          [
            114.1789602,
            22.3200209
          ],
          [
            114.1788194,
            22.3203215
          ],
          [
            114.1787124,
            22.3204873
          ],
          [
            114.1785383,
            22.3207438
          ],
          [
            114.1784055,
            22.3209505
          ],
          [
            114.178378,
            22.3209932
          ]
        ]
      }
    },
    {
      "type": "Feature",
      "properties": {
        "highway": "tertiary",
        "name": "靠背壟道 Kau Pui Lung Road",
        "name:en": "Kau Pui Lung Road",
        "name:zh": "靠背壟道",
        "note:highway:criteria": "restriction"
      },
      "geometry": {
        "type": "LineString",
        "coordinates": [
          [
            114.1864104,
            22.3200185
          ],
          [
            114.1864108,
            22.3199459
          ],
          [
            114.1864133,
            22.319518
          ]
        ]
      }
    },
    {
      "type": "Feature",
      "properties": {
        "highway": "tertiary",
        "lanes": "2",
        "name": "靠背壟道 Kau Pui Lung Road",
        "name:en": "Kau Pui Lung Road",
        "name:zh": "靠背壟道",
        "note:highway:criteria": "restriction",
        "sidewalk": "both"
      },
      "geometry": {
        "type": "LineString",
        "coordinates": [
          [
            114.1864208,
            22.3163032
          ],
          [
            114.1864235,
            22.3157521
          ],
          [
            114.1864223,
            22.3155349
          ],
          [
            114.1864221,
            22.3154891
          ]
        ]
      }
    },
    {
      "type": "Feature",
      "properties": {
        "highway": "residential",
        "name": "江蘇街 Kiang Su Street",
        "name:en": "Kiang Su Street",
        "name:zh": "江蘇街",
        "oneway": "yes",
        "source": "Yahoo",
        "surface": "asphalt"
      },
      "geometry": {
        "type": "LineString",
        "coordinates": [
          [
            114.1869819,
            22.3163167
          ],
          [
            114.1869158,
            22.3163151
          ],
          [
            114.1865148,
            22.3163055
          ],
          [
            114.1864208,
            22.3163032
          ]
        ]
      }
    },
    {
      "type": "Feature",
      "properties": {
        "carriageway": "single",
        "highway": "residential",
        "lanes": "1",
        "name": "美善同道 Maidstone Road",
        "name:en": "Maidstone Road",
        "name:zh": "美善同道",
        "oneway": "yes",
        "sidewalk": "both"
      },
      "geometry": {
        "type": "LineString",
        "coordinates": [
          [
            114.1869571,
            22.3195208
          ],
          [
            114.1869574,
            22.3194785
          ],
          [
            114.1869575,
            22.3194535
          ],
          [
            114.1869656,
            22.3180988
          ],
          [
            114.186966,
            22.3180351
          ]
        ]
      }
    },
    {
      "type": "Feature",
      "properties": {
        "highway": "secondary",
        "lanes": "2",
        "maxspeed": "50",
        "name": "佛光街 Fat Kwong Street",
        "name:en": "Fat Kwong Street",
        "name:zh": "佛光街",
        "oneway": "yes",
        "surface": "asphalt"
      },
      "geometry": {
        "type": "LineString",
        "coordinates": [
          [
            114.1817949,
            22.3136033
          ],
          [
            114.1817873,
            22.31364
          ],
          [
            114.1817538,
            22.3138028
          ],
          [
            114.1816126,
            22.3143066
          ],
          [
            114.1815619,
            22.3145251
          ]
        ]
      }
    },
    {
      "type": "Feature",
      "properties": {
        "crossing": "uncontrolled",
        "crossing:island": "yes",
        "designation": "cautionary crossing",
        "designation:en": "cautionary crossing",
        "footway": "crossing",
        "highway": "footway",
        "not:crossing": "zebra"
      },
      "geometry": {
        "type": "LineString",
        "coordinates": [
          [
            114.179164,
            22.3221522
          ],
          [
            114.1791822,
            22.3221148
          ],
          [
            114.1792725,
            22.3219587
          ],
          [
            114.1793069,
            22.3219057
          ]
        ]
      }
    },
    {
      "type": "Feature",
      "properties": {
        "highway": "primary",
        "lanes": "4",
        "name": "亞皆老街 Argyle Street",
        "name:en": "Argyle Street",
        "name:zh": "亞皆老街",
        "oneway": "yes",
        "surface": "concrete"
      },
      "geometry": {
        "type": "LineString",
        "coordinates": [
          [
            114.1837308,
            22.3239891
          ],
          [
            114.1828808,
            22.3236247
          ],
          [
            114.1826917,
            22.323545
          ],
          [
            114.1823083,
            22.323378
          ],
          [
            114.1820572,
            22.3232559
          ],
          [
            114.1815626,
            22.3230359
          ],
          [
            114.1815191,
            22.3230161
          ],
          [
            114.1809538,
            22.3227617
          ],
          [
            114.1805246,
            22.3225762
          ]
        ]
      }
    },
    {
      "type": "Feature",
      "properties": {
        "highway": "secondary",
        "lanes": "2",
        "name": "亞皆老街 Argyle Street",
        "name:en": "Argyle Street",
        "name:zh": "亞皆老街",
        "oneway": "yes",
        "sidewalk": "no",
        "surface": "concrete"
      },
      "geometry": {
        "type": "LineString",
        "coordinates": [
          [
            114.1779578,
            22.3215726
          ],
          [
            114.178161,
            22.3216632
          ]
        ]
      }
    },
    {
      "type": "Feature",
      "properties": {
        "access": "private",
        "foot": "yes",
        "highway": "service",
        "surface": "paved"
      },
      "geometry": {
        "type": "LineString",
        "coordinates": [
          [
            114.1839221,
            22.3140194
          ],
          [
            114.1839254,
            22.3139541
          ],
          [
            114.1839264,
            22.3139341
          ],
          [
            114.1839375,
            22.3139218
          ],
          [
            114.1839614,
            22.3138953
          ],
          [
            114.1839988,
            22.3138499
          ],
          [
            114.1845121,
            22.3138769
          ],
          [
            114.184543,
            22.3138687
          ],
          [
            114.1845571,
            22.3138564
          ],
          [
            114.1845945,
            22.3133933
          ],
          [
            114.1845906,
            22.313357
          ],
          [
            114.1844851,
            22.3131746
          ],
          [
            114.1840974,
            22.3126291
          ],
          [
            114.1840412,
            22.3125928
          ],
          [
            114.1840174,
            22.3125825
          ],
          [
            114.1836249,
            22.3124132
          ],
          [
            114.1833205,
            22.3122819
          ]
        ]
      }
    },
    {
      "type": "Feature",
      "properties": {
        "access": "private",
        "highway": "service"
      },
      "geometry": {
        "type": "LineString",
        "coordinates": [
          [
            114.1813449,
            22.313558
          ],
          [
            114.1813526,
            22.3134914
          ],
          [
            114.181367,
            22.3134332
          ],
          [
            114.1813828,
            22.3133734
          ],
          [
            114.1813906,
            22.3133234
          ],
          [
            114.1813877,
            22.3132801
          ],
          [
            114.1813741,
            22.3132413
          ],
          [
            114.1813562,
            22.3132023
          ],
          [
            114.1813376,
            22.3131725
          ],
          [
            114.1813102,
            22.3131458
          ],
          [
            114.1808862,
            22.3128383
          ],
          [
            114.180783,
            22.3127654
          ],
          [
            114.1807522,
            22.3127531
          ],
          [
            114.1807262,
            22.3127528
          ],
          [
            114.180692,
            22.3127631
          ],
          [
            114.1804206,
            22.3128583
          ],
          [
            114.1803952,
            22.3128679
          ],
          [
            114.1803737,
            22.3128861
          ],
          [
            114.1803518,
            22.3129149
          ],
          [
            114.1798806,
            22.3137713
          ],
          [
            114.1798835,
            22.3137915
          ],
          [
            114.1798965,
            22.313808
          ],
          [
            114.180441,
            22.3142046
          ],
          [
            114.1804615,
            22.3142096
          ],
          [
            114.1804788,
            22.3142026
          ],
          [
            114.1805618,
            22.3141132
          ]
        ]
      }
    },
    {
      "type": "Feature",
      "properties": {
        "access": "private",
        "highway": "service"
      },
      "geometry": {
        "type": "LineString",
        "coordinates": [
          [
            114.1838378,
            22.3167005
          ],
          [
            114.1837453,
            22.3167415
          ],
          [
            114.1835392,
            22.3167847
          ]
        ]
      }
    },
    {
      "type": "Feature",
      "properties": {
        "footway": "sidewalk",
        "highway": "footway",
        "lit": "yes"
      },
      "geometry": {
        "type": "LineString",
        "coordinates": [
          [
            114.183142,
            22.3139461
          ],
          [
            114.1831757,
            22.3139713
          ],
          [
            114.1833501,
            22.3140156
          ],
          [
            114.1834059,
            22.3140123
          ],
          [
            114.1834266,
            22.3140159
          ],
          [
            114.1838996,
            22.3140786
          ],
          [
            114.1840074,
            22.3141199
          ],
          [
            114.1840644,
            22.3141541
          ],
          [
            114.184113,
            22.3141962
          ],
          [
            114.18417,
            22.3142596
          ],
          [
            114.18421,
            22.3143266
          ],
          [
            114.184237,
            22.3144071
          ],
          [
            114.1842431,
            22.3144776
          ],
          [
            114.1842377,
            22.3145689
          ],
          [
            114.1842208,
            22.3146501
          ],
          [
            114.1841899,
            22.3146988
          ],
          [
            114.1841269,
            22.3147857
          ],
          [
            114.1840357,
            22.3148688
          ],
          [
            114.1836303,
            22.315166
          ],
          [
            114.1835649,
            22.3152261
          ],
          [
            114.1834912,
            22.3153105
          ],
          [
            114.1834483,
            22.3153713
          ],
          [
            114.1834214,
            22.3154457
          ],
          [
            114.1833436,
            22.3157249
          ],
          [
            114.1830955,
            22.3167
          ],
          [
            114.1829173,
            22.3173939
          ],
          [
            114.1828978,
            22.31747
          ]
        ]
      }
    },
    {
      "type": "Feature",
      "properties": {
        "highway": "service"
      },
      "geometry": {
        "type": "LineString",
        "coordinates": [
          [
            114.1820357,
            22.3169473
          ],
          [
            114.182062,
            22.3169565
          ],
          [
            114.182091,
            22.3169666
          ],
          [
            114.1823841,
            22.3170687
          ]
        ]
      }
    },
    {
      "type": "Feature",
      "properties": {
        "handrail": "yes",
        "highway": "steps",
        "incline": "down",
        "landing": "yes",
        "lit": "yes",
        "ramp": "no"
      },
      "geometry": {
        "type": "LineString",
        "coordinates": [
          [
            114.1790603,
            22.3166303
          ],
          [
            114.1787536,
            22.3169285
          ],
          [
            114.1786344,
            22.3169711
          ]
        ]
      }
    },
    {
      "type": "Feature",
      "properties": {
        "highway": "footway",
        "surface": "paved"
      },
      "geometry": {
        "type": "LineString",
        "coordinates": [
          [
            114.1786344,
            22.3169711
          ],
          [
            114.1785215,
            22.3170116
          ]
        ]
      }
    },
    {
      "type": "Feature",
      "properties": {
        "footway": "sidewalk",
        "highway": "footway",
        "street:name": "公主道 Princess Margaret Road",
        "street:name:en": "Princess Margaret Road",
        "street:name:zh": "公主道",
        "surface": "paved"
      },
      "geometry": {
        "type": "LineString",
        "coordinates": [
          [
            114.1774257,
            22.3151538
          ],
          [
            114.1773999,
            22.3152236
          ],
          [
            114.1774108,
            22.315302
          ],
          [
            114.1775497,
            22.3155989
          ],
          [
            114.1777847,
            22.3158353
          ],
          [
            114.1782086,
            22.3162757
          ],
          [
            114.1783574,
            22.3165722
          ],
          [
            114.1784775,
            22.3169419
          ],
          [
            114.1785215,
            22.3170116
          ],
          [
            114.1785867,
            22.3172003
          ],
          [
            114.1785699,
            22.3172776
          ],
          [
            114.178578,
            22.317294
          ],
          [
            114.1787597,
            22.317651
          ],
          [
            114.1787916,
            22.3176727
          ],
          [
            114.1788241,
            22.3176838
          ]
        ]
      }
    },
    {
      "type": "Feature",
      "properties": {
        "bridge": "yes",
        "footway": "sidewalk",
        "highway": "footway",
        "layer": "1",
        "lit": "yes",
        "street:name": "培正道 Pui Ching Road",
        "street:name:en": "Pui Ching Road",
        "street:name:zh": "培正道",
        "surface": "paved"
      },
      "geometry": {
        "type": "LineString",
        "coordinates": [
          [
            114.1786679,
            22.317284
          ],
          [
            114.178657,
            22.3172888
          ],
          [
            114.1784044,
            22.3173941
          ],
          [
            114.1782452,
            22.3174577
          ]
        ]
      }
    },
    {
      "type": "Feature",
      "properties": {
        "elevator": "separate",
        "handrail": "yes",
        "highway": "steps",
        "incline": "up",
        "lit": "yes",
        "ramp": "no",
        "usage": "link"
      },
      "geometry": {
        "type": "LineString",
        "coordinates": [
          [
            114.178592,
            22.3172884
          ],
          [
            114.1786451,
            22.3172669
          ]
        ]
      }
    },
    {
      "type": "Feature",
      "properties": {
        "elevator": "separate",
        "handrail": "yes",
        "highway": "steps",
        "incline": "down",
        "lit": "yes",
        "ramp": "no",
        "usage": "link"
      },
      "geometry": {
        "type": "LineString",
        "coordinates": [
          [
            114.178249,
            22.3174193
          ],
          [
            114.1783252,
            22.3173885
          ],
          [
            114.1783051,
            22.3173466
          ]
        ]
      }
    },
    {
      "type": "Feature",
      "properties": {
        "footway": "sidewalk",
        "highway": "footway",
        "lit": "yes",
        "street:name": "培正道 Pui Ching Road",
        "street:name:en": "Pui Ching Road",
        "street:name:zh": "培正道",
        "surface": "paved"
      },
      "geometry": {
        "type": "LineString",
        "coordinates": [
          [
            114.1782452,
            22.3174577
          ],
          [
            114.1781713,
            22.3174791
          ],
          [
            114.1778775,
            22.3175928
          ],
          [
            114.17776,
            22.3176404
          ],
          [
            114.1776804,
            22.3176719
          ],
          [
            114.1776684,
            22.3176767
          ],
          [
            114.1776523,
            22.3176844
          ],
          [
            114.1776081,
            22.3177009
          ],
          [
            114.1774572,
            22.3177695
          ],
          [
            114.1771919,
            22.3178316
          ],
          [
            114.1768433,
            22.3178438
          ],
          [
            114.1764893,
            22.317893
          ],
          [
            114.1760036,
            22.3181339
          ]
        ]
      }
    },
    {
      "type": "Feature",
      "properties": {
        "highway": "footway",
        "incline": "down",
        "lit": "yes"
      },
      "geometry": {
        "type": "LineString",
        "coordinates": [
          [
            114.1781713,
            22.3174791
          ],
          [
            114.1782514,
            22.3173709
          ],
          [
            114.1782913,
            22.3173212
          ],
          [
            114.1783086,
            22.3172996
          ]
        ]
      }
    },
    {
      "type": "Feature",
      "properties": {
        "footway": "sidewalk",
        "highway": "footway",
        "lit": "yes",
        "name": "民豐徑 Man Fung Path",
        "name:en": "Man Fung Path",
        "name:zh": "民豐徑"
      },
      "geometry": {
        "type": "LineString",
        "coordinates": [
          [
            114.1785861,
            22.3181491
          ],
          [
            114.1785288,
            22.3181351
          ],
          [
            114.178452,
            22.3181164
          ],
          [
            114.1782159,
            22.318079
          ],
          [
            114.1780126,
            22.318018
          ],
          [
            114.1778284,
            22.3178842
          ],
          [
            114.1778143,
            22.3178712
          ],
          [
            114.1777948,
            22.3178665
          ]
        ]
      }
    },
    {
      "type": "Feature",
      "properties": {
        "handrail": "yes",
        "highway": "steps",
        "incline": "up",
        "lit": "yes"
      },
      "geometry": {
        "type": "LineString",
        "coordinates": [
          [
            114.1786485,
            22.3181922
          ],
          [
            114.1783894,
            22.3183359
          ],
          [
            114.178298,
            22.3184963
          ]
        ]
      }
    },
    {
      "type": "Feature",
      "properties": {
        "handrail": "yes",
        "highway": "steps",
        "incline": "up"
      },
      "geometry": {
        "type": "LineString",
        "coordinates": [
          [
            114.1813263,
            22.3232775
          ],
          [
            114.1813347,
            22.3232517
          ],
          [
            114.1814322,
            22.3232505
          ],
          [
            114.1813799,
            22.3231716
          ]
        ]
      }
    },
    {
      "type": "Feature",
      "properties": {
        "highway": "steps"
      },
      "geometry": {
        "type": "LineString",
        "coordinates": [
          [
            114.1858283,
            22.318378
          ],
          [
            114.1856503,
            22.3183768
          ],
          [
            114.1854628,
            22.3183504
          ],
          [
            114.1853283,
            22.3182765
          ],
          [
            114.1852876,
            22.3182433
          ],
          [
            114.1852699,
            22.3182183
          ],
          [
            114.1852588,
            22.3181856
          ]
        ]
      }
    },
    {
      "type": "Feature",
      "properties": {
        "highway": "footway"
      },
      "geometry": {
        "type": "LineString",
        "coordinates": [
          [
            114.1834868,
            22.3189372
          ],
          [
            114.1836151,
            22.3190217
          ],
          [
            114.1836514,
            22.319033
          ],
          [
            114.1837452,
            22.3190315
          ],
          [
            114.183833,
            22.319008
          ],
          [
            114.1842124,
            22.3188423
          ],
          [
            114.1843011,
            22.3188087
          ],
          [
            114.1843796,
            22.3187986
          ],
          [
            114.1844709,
            22.3188072
          ],
          [
            114.1845376,
            22.3188103
          ],
          [
            114.1845866,
            22.3188017
          ],
          [
            114.1846508,
            22.3187775
          ],
          [
            114.1847379,
            22.3187509
          ],
          [
            114.184857,
            22.3187314
          ],
          [
            114.1849531,
            22.3187323
          ],
          [
            114.1849871,
            22.3187298
          ],
          [
            114.1850079,
            22.3187251
          ],
          [
            114.1850237,
            22.3187194
          ],
          [
            114.1850401,
            22.3187095
          ],
          [
            114.1850447,
            22.318672
          ]
        ]
      }
    },
    {
      "type": "Feature",
      "properties": {
        "highway": "secondary",
        "junction": "traffic_signals",
        "lanes": "2",
        "maxspeed": "50",
        "name": "佛光街 Fat Kwong Street",
        "name:en": "Fat Kwong Street",
        "name:zh": "佛光街",
        "oneway": "yes",
        "surface": "concrete",
        "traffic_signals:ref": "K609"
      },
      "geometry": {
        "type": "LineString",
        "coordinates": [
          [
            114.1811343,
            22.3162095
          ],
          [
            114.1811739,
            22.3161741
          ],
          [
            114.1812214,
            22.3161404
          ]
        ]
      }
    },
    {
      "type": "Feature",
      "properties": {
        "carriageway": "dual",
        "highway": "secondary",
        "lanes": "3",
        "maxspeed": "50",
        "name": "佛光街 Fat Kwong Street",
        "name:en": "Fat Kwong Street",
        "name:zh": "佛光街",
        "oneway": "yes",
        "surface": "asphalt"
      },
      "geometry": {
        "type": "LineString",
        "coordinates": [
          [
            114.1815619,
            22.3145251
          ],
          [
            114.1815499,
            22.3145804
          ],
          [
            114.1814629,
            22.3148948
          ],
          [
            114.1814379,
            22.3150285
          ],
          [
            114.1814309,
            22.315066
          ],
          [
            114.1813982,
            22.3152384
          ],
          [
            114.1813802,
            22.3153752
          ],
          [
            114.1813766,
            22.3154022
          ],
          [
            114.1813462,
            22.3155464
          ],
          [
            114.181304,
            22.3156746
          ],
          [
            114.1812477,
            22.315822
          ],
          [
            114.1811875,
            22.3159535
          ],
          [
            114.1811706,
            22.3159948
          ],
          [
            114.1811243,
            22.3160611
          ]
        ]
      }
    },
    {
      "type": "Feature",
      "properties": {
        "highway": "unclassified",
        "name": "馬坑涌道 Ma Hang Chung Road",
        "name:en": "Ma Hang Chung Road",
        "name:zh": "馬坑涌道",
        "oneway": "yes"
      },
      "geometry": {
        "type": "LineString",
        "coordinates": [
          [
            114.1890018,
            22.3197185
          ],
          [
            114.1889351,
            22.3197465
          ],
          [
            114.1878887,
            22.3201862
          ]
        ]
      }
    },
    {
      "type": "Feature",
      "properties": {
        "carriageway": "single",
        "highway": "tertiary",
        "lanes": "2",
        "name": "馬頭角道 Ma Tau Kok Road",
        "name:en": "Ma Tau Kok Road",
        "name:zh": "馬頭角道",
        "oneway": "yes",
        "sidewalk": "both",
        "surface": "asphalt"
      },
      "geometry": {
        "type": "LineString",
        "coordinates": [
          [
            114.1889584,
            22.322317
          ],
          [
            114.1885117,
            22.3224972
          ],
          [
            114.1884324,
            22.3225292
          ],
          [
            114.1883754,
            22.3225557
          ],
          [
            114.1880422,
            22.3227107
          ],
          [
            114.1880031,
            22.3227265
          ],
          [
            114.1879289,
            22.322758
          ]
        ]
      }
    },
    {
      "type": "Feature",
      "properties": {
        "carriageway": "dual",
        "highway": "primary",
        "lanes": "3",
        "name": "馬頭圍道 Ma Tau Wai Road",
        "name:en": "Ma Tau Wai Road",
        "name:zh": "馬頭圍道",
        "oneway": "yes",
        "sidewalk": "left",
        "surface": "asphalt"
      },
      "geometry": {
        "type": "LineString",
        "coordinates": [
          [
            114.187641,
            22.3200504
          ],
          [
            114.1876446,
            22.3199604
          ],
          [
            114.1876312,
            22.3195829
          ],
          [
            114.1876252,
            22.3193791
          ],
          [
            114.1876243,
            22.3193504
          ],
          [
            114.1876237,
            22.3192892
          ],
          [
            114.1876219,
            22.3190944
          ]
        ]
      }
    },
    {
      "type": "Feature",
      "properties": {
        "highway": "unclassified",
        "lanes": "2",
        "name": "炮仗街 Pau Chung Street",
        "name:en": "Pau Chung Street",
        "name:zh": "炮仗街",
        "sidewalk": "both",
        "surface": "asphalt"
      },
      "geometry": {
        "type": "LineString",
        "coordinates": [
          [
            114.1890018,
            22.3197185
          ],
          [
            114.1890307,
            22.3197748
          ],
          [
            114.1892068,
            22.3201181
          ],
          [
            114.1893047,
            22.3203089
          ],
          [
            114.1895154,
            22.3207225
          ],
          [
            114.1895436,
            22.320778
          ],
          [
            114.189575,
            22.3208463
          ],
          [
            114.1900069,
            22.3217839
          ],
          [
            114.1900304,
            22.321835
          ]
        ]
      }
    },
    {
      "type": "Feature",
      "properties": {
        "foot": "use_sidepath",
        "foot:reason": "crossing",
        "footway:left": "separate",
        "footway:right": "no",
        "highway": "tertiary",
        "intersection": "staggered",
        "junction": "intersection",
        "lanes": "2",
        "name": "上鄉道 Sheung Heung Road",
        "name:en": "Sheung Heung Road",
        "name:zh": "上鄉道",
        "note:highway:criteria": "restriction",
        "oneway": "yes",
        "sidewalk": "no",
        "surface": "asphalt",
        "traffic_signals": "signal",
        "traffic_signals:ref": "K152"
      },
      "geometry": {
        "type": "LineString",
        "coordinates": [
          [
            114.1908856,
            22.3176925
          ],
          [
            114.190956,
            22.3176389
          ]
        ]
      }
    },
    {
      "type": "Feature",
      "properties": {
        "carriageway": "dual",
        "highway": "secondary",
        "intersection": "staggered",
        "junction": "separate",
        "lanes": "3",
        "name": "土瓜灣道 To Kwa Wan Road",
        "name:en": "To Kwa Wan Road",
        "name:zh": "土瓜灣道",
        "oneway": "yes",
        "sidewalk": "left",
        "surface": "concrete"
      },
      "geometry": {
        "type": "LineString",
        "coordinates": [
          [
            114.1908856,
            22.3176925
          ],
          [
            114.1909278,
            22.3177346
          ],
          [
            114.1909472,
            22.3177556
          ],
          [
            114.1910872,
            22.3179068
          ]
        ]
      }
    },
    {
      "type": "Feature",
      "properties": {
        "highway": "steps"
      },
      "geometry": {
        "type": "LineString",
        "coordinates": [
          [
            114.1845356,
            22.3164031
          ],
          [
            114.1847938,
            22.3163468
          ]
        ]
      }
    },
    {
      "type": "Feature",
      "properties": {
        "footway": "sidewalk",
        "highway": "footway"
      },
      "geometry": {
        "type": "LineString",
        "coordinates": [
          [
            114.1840096,
            22.3186896
          ],
          [
            114.1836727,
            22.3188287
          ],
          [
            114.1835587,
            22.3185967
          ]
        ]
      }
    },
    {
      "type": "Feature",
      "properties": {
        "highway": "trunk_link",
        "lanes": "1",
        "maxspeed": "50",
        "motor_vehicle:conditional": "no @ (learner)",
        "name": "常興街 Sheung Hing Street",
        "name:en": "Sheung Hing Street",
        "name:zh": "常興街",
        "oneway": "yes",
        "surface": "concrete"
      },
      "geometry": {
        "type": "LineString",
        "coordinates": [
          [
            114.1791144,
            22.3172841
          ],
          [
            114.1790631,
            22.3172019
          ]
        ]
      }
    },
    {
      "type": "Feature",
      "properties": {
        "carriageway": "dual",
        "destination:ref": "1",
        "highway": "primary",
        "lanes": "1",
        "maxspeed": "50",
        "name": "公主道 Princess Margaret Road",
        "name:en": "Princess Margaret Road",
        "name:zh": "公主道",
        "oneway": "yes",
        "sidewalk": "left",
        "surface": "concrete"
      },
      "geometry": {
        "type": "LineString",
        "coordinates": [
          [
            114.1791897,
            22.3200401
          ],
          [
            114.1792481,
            22.3199245
          ],
          [
            114.1792944,
            22.3197991
          ],
          [
            114.1793275,
            22.3196613
          ],
          [
            114.1793502,
            22.3195269
          ],
          [
            114.1793635,
            22.3193767
          ],
          [
            114.1793653,
            22.3192222
          ],
          [
            114.1793561,
            22.3190734
          ],
          [
            114.1793357,
            22.3189827
          ]
        ]
      }
    },
    {
      "type": "Feature",
      "properties": {
        "highway": "primary",
        "lanes": "2",
        "maxspeed": "50",
        "name": "窩打老道 Waterloo Road",
        "name:en": "Waterloo Road",
        "name:zh": "窩打老道",
        "oneway": "yes",
        "sidewalk": "no",
        "surface": "concrete",
        "turn:lanes": "through|right"
      },
      "geometry": {
        "type": "LineString",
        "coordinates": [
          [
            114.1782441,
            22.3216911
          ],
          [
            114.1782894,
            22.3215903
          ],
          [
            114.1783071,
            22.3215499
          ],
          [
            114.1783125,
            22.3215158
          ]
        ]
      }
    },
    {
      "type": "Feature",
      "properties": {
        "highway": "footway"
      },
      "geometry": {
        "type": "LineString",
        "coordinates": [
          [
            114.1845495,
            22.3164802
          ],
          [
            114.1845356,
            22.3164031
          ],
          [
            114.1844423,
            22.3160432
          ],
          [
            114.1843566,
            22.3156958
          ],
          [
            114.1838294,
            22.3158105
          ],
          [
            114.1838974,
            22.3160832
          ],
          [
            114.1840208,
            22.3165891
          ]
        ]
      }
    },
    {
      "type": "Feature",
      "properties": {
        "highway": "residential",
        "lanes": "2",
        "name": "常盛里 Sheung Shing Lane",
        "name:en": "Sheung Shing Lane",
        "name:zh": "常盛里",
        "sidewalk": "both",
        "surface": "asphalt"
      },
      "geometry": {
        "type": "LineString",
        "coordinates": [
          [
            114.181692,
            22.3183571
          ],
          [
            114.1817413,
            22.3184267
          ],
          [
            114.1817818,
            22.3185113
          ],
          [
            114.1818143,
            22.3186047
          ],
          [
            114.1818247,
            22.3186867
          ],
          [
            114.1818196,
            22.3187998
          ],
          [
            114.1817929,
            22.3188766
          ],
          [
            114.181737,
            22.3189864
          ],
          [
            114.1816577,
            22.3190791
          ],
          [
            114.1813055,
            22.3193157
          ],
          [
            114.181207,
            22.3193819
          ]
        ]
      }
    },
    {
      "type": "Feature",
      "properties": {
        "highway": "secondary",
        "lanes": "2",
        "name": "浙江街 Chi Kiang Street",
        "name:en": "Chi Kiang Street",
        "name:zh": "浙江街",
        "note:highway:backward": "tertiary",
        "note:highway:forward": "secondary",
        "start_date": "2017-09-07"
      },
      "geometry": {
        "type": "LineString",
        "coordinates": [
          [
            114.1905034,
            22.3124385
          ],
          [
            114.1905212,
            22.3124999
          ],
          [
            114.1905493,
            22.3125786
          ],
          [
            114.1905867,
            22.3126701
          ],
          [
            114.1906185,
            22.3127327
          ],
          [
            114.1906527,
            22.3127905
          ],
          [
            114.1906844,
            22.3128359
          ],
          [
            114.1907292,
            22.3128896
          ],
          [
            114.1907708,
            22.3129342
          ],
          [
            114.1908259,
            22.3129885
          ],
          [
            114.1908867,
            22.3130429
          ],
          [
            114.1910068,
            22.3131403
          ],
          [
            114.1912504,
            22.3133379
          ],
          [
            114.1912935,
            22.3133777
          ],
          [
            114.1913259,
            22.3134126
          ],
          [
            114.1913519,
            22.3134481
          ],
          [
            114.1913746,
            22.313484
          ],
          [
            114.1913959,
            22.3135244
          ],
          [
            114.1914123,
            22.3135629
          ],
          [
            114.1914235,
            22.3135988
          ],
          [
            114.1914326,
            22.3136353
          ],
          [
            114.1914392,
            22.3136746
          ],
          [
            114.1914423,
            22.3137171
          ],
          [
            114.1914416,
            22.3137597
          ],
          [
            114.1914377,
            22.313802
          ],
          [
            114.19143,
            22.3138469
          ],
          [
            114.1914205,
            22.3138851
          ],
          [
            114.1914071,
            22.3139213
          ],
          [
            114.1913853,
            22.3139682
          ],
          [
            114.1913602,
            22.3140089
          ],
          [
            114.1913268,
            22.3140537
          ],
          [
            114.191292,
            22.3140939
          ],
          [
            114.1912576,
            22.3141272
          ],
          [
            114.1912207,
            22.3141553
          ],
          [
            114.1911714,
            22.314187
          ],
          [
            114.1911266,
            22.3142104
          ],
          [
            114.1910799,
            22.31423
          ],
          [
            114.1910089,
            22.3142557
          ],
          [
            114.1904504,
            22.3144354
          ],
          [
            114.1903204,
            22.3144907
          ]
        ]
      }
    },
    {
      "type": "Feature",
      "properties": {
        "highway": "service",
        "oneway": "yes"
      },
      "geometry": {
        "type": "LineString",
        "coordinates": [
          [
            114.1804383,
            22.3232872
          ],
          [
            114.1801187,
            22.3229843
          ],
          [
            114.1800608,
            22.322951
          ],
          [
            114.1799295,
            22.3228731
          ]
        ]
      }
    },
    {
      "type": "Feature",
      "properties": {
        "highway": "service",
        "oneway": "yes",
        "surface": "asphalt"
      },
      "geometry": {
        "type": "LineString",
        "coordinates": [
          [
            114.1827626,
            22.3238471
          ],
          [
            114.1827775,
            22.3238872
          ],
          [
            114.1827825,
            22.3239411
          ],
          [
            114.1826792,
            22.324517
          ]
        ]
      }
    },
    {
      "type": "Feature",
      "properties": {
        "highway": "service",
        "lanes": "2",
        "name": "半山徑 Celestial Avenue",
        "name:en": "Celestial Avenue",
        "name:zh": "半山徑",
        "oneway": "yes",
        "surface": "concrete"
      },
      "geometry": {
        "type": "LineString",
        "coordinates": [
          [
            114.1859028,
            22.3187753
          ],
          [
            114.1853623,
            22.318773
          ],
          [
            114.1853308,
            22.3187795
          ],
          [
            114.1853052,
            22.3187924
          ],
          [
            114.1852876,
            22.3188074
          ],
          [
            114.1852751,
            22.318828
          ],
          [
            114.1852691,
            22.3188529
          ],
          [
            114.1852668,
            22.3188818
          ],
          [
            114.1852697,
            22.3189375
          ],
          [
            114.1852809,
            22.3190088
          ],
          [
            114.1852942,
            22.3190562
          ],
          [
            114.1853085,
            22.3190957
          ],
          [
            114.1853264,
            22.3191362
          ],
          [
            114.1853514,
            22.3191785
          ],
          [
            114.185379,
            22.319217
          ],
          [
            114.1854061,
            22.3192501
          ],
          [
            114.1854417,
            22.3192889
          ],
          [
            114.1854778,
            22.3193211
          ],
          [
            114.1855159,
            22.3193496
          ],
          [
            114.1855595,
            22.3193776
          ],
          [
            114.185603,
            22.3194008
          ],
          [
            114.1856489,
            22.3194204
          ],
          [
            114.1856998,
            22.3194378
          ],
          [
            114.1857668,
            22.3194542
          ],
          [
            114.1858353,
            22.3194634
          ],
          [
            114.1858937,
            22.3194668
          ],
          [
            114.1859264,
            22.319465
          ],
          [
            114.1859517,
            22.3194576
          ],
          [
            114.1859724,
            22.3194444
          ],
          [
            114.185989,
            22.3194275
          ],
          [
            114.1860009,
            22.3194049
          ],
          [
            114.1860073,
            22.3193763
          ],
          [
            114.1860101,
            22.3188753
          ]
        ]
      }
    },
    {
      "type": "Feature",
      "properties": {
        "covered": "yes",
        "highway": "service",
        "lanes": "2",
        "name": "半山徑 Celestial Avenue",
        "name:en": "Celestial Avenue",
        "name:zh": "半山徑",
        "oneway": "yes",
        "surface": "concrete"
      },
      "geometry": {
        "type": "LineString",
        "coordinates": [
          [
            114.1860101,
            22.3188753
          ],
          [
            114.186008,
            22.3188463
          ],
          [
            114.185999,
            22.3188244
          ],
          [
            114.185983,
            22.3188029
          ],
          [
            114.185962,
            22.3187872
          ],
          [
            114.1859349,
            22.3187775
          ],
          [
            114.1859028,
            22.3187753
          ]
        ]
      }
    },
    {
      "type": "Feature",
      "properties": {
        "highway": "secondary",
        "lanes": "3",
        "maxspeed": "50",
        "name": "佛光街 Fat Kwong Street",
        "name:en": "Fat Kwong Street",
        "name:zh": "佛光街",
        "oneway": "yes",
        "surface": "asphalt"
      },
      "geometry": {
        "type": "LineString",
        "coordinates": [
          [
            114.181684,
            22.3145395
          ],
          [
            114.1817101,
            22.3144236
          ],
          [
            114.1817535,
            22.3142229
          ],
          [
            114.1819173,
            22.3136315
          ]
        ]
      }
    },
    {
      "type": "Feature",
      "properties": {
        "change:lanes:backward": "no",
        "change:lanes:forward": "yes|not_right",
        "highway": "tertiary",
        "lanes": "3",
        "lanes:backward": "1",
        "lanes:forward": "2",
        "name": "天光道 Tin Kwong Road",
        "name:en": "Tin Kwong Road",
        "name:zh": "天光道",
        "share_taxi": "no",
        "surface": "asphalt",
        "turn:lanes:forward": "through|right"
      },
      "geometry": {
        "type": "LineString",
        "coordinates": [
          [
            114.1853762,
            22.3204383
          ],
          [
            114.1854431,
            22.3202699
          ],
          [
            114.1855022,
            22.3201951
          ],
          [
            114.1855401,
            22.3201472
          ],
          [
            114.1856434,
            22.32008
          ]
        ]
      }
    },
    {
      "type": "Feature",
      "properties": {
        "carriageway": "single",
        "highway": "tertiary",
        "lanes": "2",
        "name": "馬頭角道 Ma Tau Kok Road",
        "name:en": "Ma Tau Kok Road",
        "name:zh": "馬頭角道",
        "oneway": "yes",
        "sidewalk": "both",
        "surface": "asphalt"
      },
      "geometry": {
        "type": "LineString",
        "coordinates": [
          [
            114.190591,
            22.321603
          ],
          [
            114.1904959,
            22.3216414
          ],
          [
            114.190083,
            22.3218132
          ],
          [
            114.1900304,
            22.321835
          ]
        ]
      }
    },
    {
      "type": "Feature",
      "properties": {
        "foot": "use_sidepath",
        "foot:conditional": "yes @ (sidewalk)",
        "from:motorroad": "yes",
        "hazmat:HK:1": "no",
        "hazmat:HK:2": "no",
        "hazmat:HK:3": "no",
        "hazmat:HK:3A": "no",
        "hazmat:HK:5": "no",
        "highway": "secondary",
        "lanes": "1",
        "maxheight": "4.6",
        "maxspeed": "70",
        "motor_vehicle:conditional": "no @ (hazmat:HK:1; hazmat:HK:2; hazmat:HK:3; hazmat:HK:3A; hazmat:HK:5); no @ (learner)",
        "motorroad": "yes",
        "motorway": "no",
        "name": "新山道 San Shan Road",
        "name:en": "San Shan Road",
        "name:zh": "新山道",
        "oneway": "yes",
        "shoulder": "no",
        "surface": "concrete"
      },
      "geometry": {
        "type": "LineString",
        "coordinates": [
          [
            114.1905998,
            22.3205899
          ],
          [
            114.1906347,
            22.3204864
          ],
          [
            114.1906707,
            22.3204091
          ],
          [
            114.1907206,
            22.3203326
          ],
          [
            114.1907718,
            22.320271
          ],
          [
            114.1908511,
            22.3201944
          ],
          [
            114.1909286,
            22.3201293
          ],
          [
            114.1910991,
            22.319991
          ]
        ]
      }
    },
    {
      "type": "Feature",
      "properties": {
        "carriageway": "single",
        "highway": "unclassified",
        "lanes": "1",
        "name": "落山道 Lok Shan Road",
        "name:en": "Lok Shan Road",
        "name:zh": "落山道",
        "oneway": "yes",
        "sidewalk": "both",
        "source": "Yahoo",
        "surface": "asphalt"
      },
      "geometry": {
        "type": "LineString",
        "coordinates": [
          [
            114.1869664,
            22.3179594
          ],
          [
            114.1870207,
            22.3179778
          ],
          [
            114.1870303,
            22.317981
          ],
          [
            114.1874495,
            22.317984
          ],
          [
            114.1875197,
            22.3179845
          ]
        ]
      }
    },
    {
      "type": "Feature",
      "properties": {
        "carriageway": "dual",
        "highway": "primary",
        "lanes": "2",
        "maxspeed": "50",
        "name": "馬頭圍道 Ma Tau Wai Road",
        "name:en": "Ma Tau Wai Road",
        "name:zh": "馬頭圍道",
        "oneway": "yes",
        "sidewalk": "left",
        "surface": "concrete"
      },
      "geometry": {
        "type": "LineString",
        "coordinates": [
          [
            114.1875174,
            22.3156771
          ],
          [
            114.1875187,
            22.3158783
          ],
          [
            114.1875194,
            22.3159016
          ],
          [
            114.1875183,
            22.3159243
          ],
          [
            114.1875198,
            22.3163333
          ]
        ]
      }
    },
    {
      "type": "Feature",
      "properties": {
        "carriageway": "dual",
        "highway": "primary",
        "lanes": "3",
        "name": "馬頭圍道 Ma Tau Wai Road",
        "name:en": "Ma Tau Wai Road",
        "name:zh": "馬頭圍道",
        "oneway": "yes",
        "sidewalk": "left",
        "surface": "concrete"
      },
      "geometry": {
        "type": "LineString",
        "coordinates": [
          [
            114.1875051,
            22.3190746
          ],
          [
            114.1875073,
            22.3192481
          ],
          [
            114.1875083,
            22.3193289
          ],
          [
            114.1875093,
            22.3194098
          ],
          [
            114.1875147,
            22.319845
          ],
          [
            114.1875152,
            22.3198879
          ],
          [
            114.1875128,
            22.3200248
          ]
        ]
      }
    },
    {
      "type": "Feature",
      "properties": {
        "highway": "tertiary",
        "lanes": "2",
        "name": "天光道 Tin Kwong Road",
        "name:en": "Tin Kwong Road",
        "name:zh": "天光道",
        "share_taxi": "no",
        "surface": "asphalt"
      },
      "geometry": {
        "type": "LineString",
        "coordinates": [
          [
            114.1842335,
            22.3231581
          ],
          [
            114.1846096,
            22.3224645
          ],
          [
            114.184617,
            22.3224509
          ],
          [
            114.184664,
            22.322348
          ],
          [
            114.1847759,
            22.3220601
          ],
          [
            114.1847839,
            22.3220373
          ],
          [
            114.185067,
            22.3212283
          ],
          [
            114.1851123,
            22.3211179
          ],
          [
            114.1851555,
            22.3210124
          ],
          [
            114.1852069,
            22.3208787
          ],
          [
            114.1853762,
            22.3204383
          ]
        ]
      }
    },
    {
      "type": "Feature",
      "properties": {
        "bridge": "yes",
        "covered": "yes",
        "highway": "footway",
        "layer": "1"
      },
      "geometry": {
        "type": "LineString",
        "coordinates": [
          [
            114.1812076,
            22.3163897
          ],
          [
            114.1809247,
            22.3160977
          ]
        ]
      }
    },
    {
      "type": "Feature",
      "properties": {
        "bicycle": "no",
        "change:lanes": "yes|not_right|yes|yes",
        "foot": "no",
        "highway": "trunk",
        "lanes": "4",
        "maxspeed": "50",
        "name": "窩打老道 Waterloo Road",
        "name:en": "Waterloo Road",
        "name:zh": "窩打老道",
        "network": "HK",
        "network:area": "national",
        "network:guid": "HK",
        "network:name": "香港主要幹線 Hong Kong Strategic Routes",
        "network:name:en": "Hong Kong Strategic Routes",
        "network:name:zh": "香港主要幹線",
        "network:wikidata": "Q115916223",
        "oneway": "yes",
        "ref": "1",
        "surface": "concrete"
      },
      "geometry": {
        "type": "LineString",
        "coordinates": [
          [
            114.1784145,
            22.324498
          ],
          [
            114.1783751,
            22.3239744
          ],
          [
            114.1783557,
            22.3236929
          ]
        ]
      }
    },
    {
      "type": "Feature",
      "properties": {
        "destination": "Ho Man Tin;Hung Hom",
        "highway": "trunk_link",
        "lanes": "2",
        "maxspeed": "50",
        "oneway": "yes",
        "surface": "asphalt"
      },
      "geometry": {
        "type": "LineString",
        "coordinates": [
          [
            114.1792427,
            22.3173385
          ],
          [
            114.1792973,
            22.3172671
          ],
          [
            114.1793806,
            22.3171837
          ]
        ]
      }
    },
    {
      "type": "Feature",
      "properties": {
        "destination": "Yau Ma Tei;Hong Kong (W)",
        "highway": "trunk_link",
        "lanes": "1",
        "maxspeed": "50",
        "motor_vehicle:conditional": "no @ (learner)",
        "name": "常興街 Sheung Hing Street",
        "name:en": "Sheung Hing Street",
        "name:zh": "常興街",
        "oneway": "yes",
        "street:name": "常興街 Sheung Hing Street",
        "street:name:en": "Sheung Hing Street",
        "street:name:zh": "常興街",
        "surface": "concrete"
      },
      "geometry": {
        "type": "LineString",
        "coordinates": [
          [
            114.1791942,
            22.3174446
          ],
          [
            114.1791395,
            22.3173321
          ],
          [
            114.1791144,
            22.3172841
          ]
        ]
      }
    },
    {
      "type": "Feature",
      "properties": {
        "highway": "secondary",
        "lanes": "3",
        "maxspeed": "50",
        "name": "佛光街 Fat Kwong Street",
        "name:en": "Fat Kwong Street",
        "name:zh": "佛光街",
        "oneway": "yes",
        "surface": "asphalt"
      },
      "geometry": {
        "type": "LineString",
        "coordinates": [
          [
            114.1799596,
            22.3168482
          ],
          [
            114.1799212,
            22.316863
          ],
          [
            114.1797755,
            22.3169238
          ]
        ]
      }
    },
    {
      "type": "Feature",
      "properties": {
        "carriageway": "dual",
        "highway": "primary",
        "lanes": "3",
        "name": "亞皆老街 Argyle Street",
        "name:en": "Argyle Street",
        "name:zh": "亞皆老街",
        "oneway": "yes",
        "surface": "concrete"
      },
      "geometry": {
        "type": "LineString",
        "coordinates": [
          [
            114.1804845,
            22.3227056
          ],
          [
            114.1806166,
            22.3227583
          ],
          [
            114.1814298,
            22.3231005
          ],
          [
            114.1814679,
            22.3231179
          ],
          [
            114.1828414,
            22.323719
          ],
          [
            114.1828492,
            22.3237227
          ],
          [
            114.1831395,
            22.3238496
          ]
        ]
      }
    },
    {
      "type": "Feature",
      "properties": {
        "highway": "trunk_link",
        "lanes": "1",
        "maxspeed": "50",
        "motor_vehicle:conditional": "no @ (learner AND Mo-Sa 07:30 - 19:30); yes @ (PH)",
        "name": "常興街 Sheung Hing Street",
        "name:en": "Sheung Hing Street",
        "name:zh": "常興街",
        "oneway": "yes",
        "share_taxi": "no",
        "street:name": "常興街 Sheung Hing Street",
        "street:name:en": "Sheung Hing Street",
        "street:name:zh": "常興街",
        "surface": "concrete"
      },
      "geometry": {
        "type": "LineString",
        "coordinates": [
          [
            114.1790361,
            22.3176363
          ],
          [
            114.1789929,
            22.3176694
          ],
          [
            114.1789415,
            22.3177024
          ],
          [
            114.1789072,
            22.3177113
          ],
          [
            114.178869,
            22.3177155
          ],
          [
            114.1788302,
            22.3177136
          ],
          [
            114.1787857,
            22.3177041
          ],
          [
            114.1787489,
            22.317683
          ],
          [
            114.1787178,
            22.3176538
          ],
          [
            114.1785841,
            22.3175059
          ]
        ]
      }
    },
    {
      "type": "Feature",
      "properties": {
        "destination": "Ho Man Tin;Hung Hom;Yau Ma Tei;Hong Kong (W)",
        "highway": "trunk_link",
        "lanes": "2",
        "maxspeed": "50",
        "name": "常興街 Sheung Hing Street",
        "name:en": "Sheung Hing Street",
        "name:zh": "常興街",
        "oneway": "yes",
        "street:name": "常興街 Sheung Hing Street",
        "street:name:en": "Sheung Hing Street",
        "street:name:zh": "常興街",
        "surface": "concrete"
      },
      "geometry": {
        "type": "LineString",
        "coordinates": [
          [
            114.1791658,
            22.3175157
          ],
          [
            114.1791942,
            22.3174446
          ],
          [
            114.1792427,
            22.3173385
          ]
        ]
      }
    },
    {
      "type": "Feature",
      "properties": {
        "highway": "trunk_link",
        "lanes": "3",
        "maxspeed": "50",
        "name": "常興街 Sheung Hing Street",
        "name:en": "Sheung Hing Street",
        "name:zh": "常興街",
        "oneway": "yes",
        "street:name": "常興街 Sheung Hing Street",
        "street:name:en": "Sheung Hing Street",
        "street:name:zh": "常興街",
        "surface": "concrete"
      },
      "geometry": {
        "type": "LineString",
        "coordinates": [
          [
            114.1790838,
            22.3176661
          ],
          [
            114.1791658,
            22.3175157
          ]
        ]
      }
    },
    {
      "type": "Feature",
      "properties": {
        "highway": "unclassified",
        "lanes": "2",
        "name": "北帝街 Pak Tai Street",
        "name:en": "Pak Tai Street",
        "name:zh": "北帝街",
        "oneway": "yes",
        "sidewalk": "both",
        "surface": "asphalt"
      },
      "geometry": {
        "type": "LineString",
        "coordinates": [
          [
            114.1894027,
            22.3232035
          ],
          [
            114.1894377,
            22.3232783
          ],
          [
            114.1894546,
            22.3233162
          ]
        ]
      }
    },
    {
      "type": "Feature",
      "properties": {
        "change:lanes": "yes|yes|not_left|yes|yes",
        "highway": "primary",
        "lanes": "5",
        "maxspeed": "50",
        "name": "宋皇臺道 Sung Wong Toi Road",
        "name:en": "Sung Wong Toi Road",
        "name:zh": "宋皇臺道",
        "oneway": "yes",
        "sidewalk": "left",
        "surface": "asphalt",
        "turn:lanes": "merge_to_right|through|through|through|through;right"
      },
      "geometry": {
        "type": "LineString",
        "coordinates": [
          [
            114.1903515,
            22.3239101
          ],
          [
            114.1899309,
            22.3240921
          ]
        ]
      }
    },
    {
      "type": "Feature",
      "properties": {
        "alt_name": "中九龍幹線 Central Kowloon Route",
        "alt_name:en": "Central Kowloon Route",
        "alt_name:zh": "中九龍幹線",
        "bicycle": "no",
        "change": "no",
        "foot": "no",
        "hazmat:HK:1": "no",
        "hazmat:HK:2": "no",
        "hazmat:HK:3": "no",
        "hazmat:HK:3A": "no",
        "hazmat:HK:5": "no",
        "headlight:high": "prohibited",
        "headlight:low": "required",
        "highway": "trunk",
        "highway:name": "中九龍幹線 Central Kowloon Route",
        "highway:name:en": "Central Kowloon Route",
        "highway:name:zh": "中九龍幹線",
        "lanes": "3",
        "lanes:reversible": "1",
        "layer": "-1",
        "maxheight": "4.6",
        "maxspeed": "80",
        "maxspeed:variable": "obstruction",
        "minspeed": "25",
        "motor_vehicle:conditional": "no @ (hazmat:HK:1; hazmat:HK:2; hazmat:HK:3; hazmat:HK:3A; hazmat:HK:5); no @ (learner)",
        "motorroad": "yes",
        "motorway": "no",
        "name": "中九龍繞道 Central Kowloon Bypass",
        "name:en": "Central Kowloon Bypass",
        "name:zh": "中九龍繞道",
        "network": "HK",
        "network:area": "national",
        "network:guid": "HK",
        "network:name": "香港主要幹線 Hong Kong Strategic Routes",
        "network:name:en": "Hong Kong Strategic Routes",
        "network:name:zh": "香港主要幹線",
        "network:wikidata": "Q115916223",
        "nohousenumber": "yes",
        "oneway": "yes",
        "opening_date": "2025-12-21",
        "proposed:toll": "yes",
        "ref": "6",
        "reg_name": "油麻地段 Yau Ma Tei Section",
        "reg_name:en": "Yau Ma Tei Section",
        "reg_name:zh": "油麻地段",
        "section:name": "油麻地 Yau Ma Tei",
        "section:name:en": "Yau Ma Tei",
        "section:name:zh": "油麻地",
        "start_date": "2025-12-21",
        "street": "yes",
        "street:name": "中九龍繞道 Central Kowloon Bypass",
        "street:name:en": "Central Kowloon Bypass",
        "street:name:zh": "中九龍繞道",
        "supervised": "yes",
        "surface": "asphalt",
        "surveillance": "yes",
        "traffic_signals": "lane",
        "tunnel": "yes",
        "tunnel:construction_method": "heavy_machinery",
        "tunnel:method": "drill-and-blast",
        "tunnel:name": "中九龍繞道（油麻地段隧道） Central Kowloon Bypass (Yau Ma Tei Section Tunnel)",
        "tunnel:name:en": "Central Kowloon Bypass (Yau Ma Tei Section Tunnel)",
        "tunnel:name:zh": "中九龍繞道（油麻地段隧道）",
        "tunnel:profile": "horseshoe",
        "tunnel:structure": "rock_support",
        "ventilation": "semi-transverse"
      },
      "geometry": {
        "type": "LineString",
        "coordinates": [
          [
            114.170595,
            22.3093638
          ],
          [
            114.1708918,
            22.3094743
          ],
          [
            114.1720767,
            22.3099661
          ],
          [
            114.1773265,
            22.3121381
          ],
          [
            114.1778154,
            22.3123414
          ],
          [
            114.1780524,
            22.3124486
          ],
          [
            114.1783357,
            22.3125857
          ],
          [
            114.1786377,
            22.3127416
          ],
          [
            114.1789635,
            22.3129251
          ],
          [
            114.179403,
            22.313197
          ],
          [
            114.1797445,
            22.3134281
          ],
          [
            114.179931,
            22.3135639
          ],
          [
            114.180172,
            22.3137473
          ],
          [
            114.1803472,
            22.3138892
          ],
          [
            114.1805937,
            22.3140976
          ],
          [
            114.1807965,
            22.3142801
          ],
          [
            114.1809666,
            22.3144408
          ],
          [
            114.181156,
            22.3146298
          ],
          [
            114.1813533,
            22.3148369
          ],
          [
            114.1815951,
            22.3151061
          ],
          [
            114.1817908,
            22.3153378
          ],
          [
            114.1819126,
            22.3154918
          ],
          [
            114.1820869,
            22.3157231
          ],
          [
            114.1824591,
            22.3162385
          ],
          [
            114.1826308,
            22.3164662
          ],
          [
            114.1828379,
            22.3167181
          ],
          [
            114.1831689,
            22.3170826
          ],
          [
            114.1833832,
            22.317299
          ],
          [
            114.183589,
            22.3174893
          ],
          [
            114.1838111,
            22.3176788
          ],
          [
            114.1841339,
            22.3179341
          ],
          [
            114.1845795,
            22.3182462
          ],
          [
            114.1849222,
            22.3184594
          ],
          [
            114.1853154,
            22.3186735
          ],
          [
            114.185728,
            22.3188704
          ],
          [
            114.186027,
            22.3189975
          ],
          [
            114.1863611,
            22.3191218
          ],
          [
            114.1866175,
            22.3192089
          ],
          [
            114.1869374,
            22.3193037
          ],
          [
            114.1871783,
            22.319366
          ],
          [
            114.1875441,
            22.3194478
          ],
          [
            114.1879161,
            22.3195152
          ],
          [
            114.1881817,
            22.3195533
          ],
          [
            114.1885129,
            22.3195882
          ],
          [
            114.1888537,
            22.3196119
          ],
          [
            114.1891748,
            22.3196212
          ],
          [
            114.189517,
            22.3196184
          ],
          [
            114.1899077,
            22.3196
          ],
          [
            114.1902404,
            22.3195675
          ],
          [
            114.1906193,
            22.3195198
          ],
          [
            114.1909758,
            22.3194579
          ],
          [
            114.1913044,
            22.3193869
          ],
          [
            114.1916073,
            22.3193081
          ],
          [
            114.1918914,
            22.319226
          ],
          [
            114.1921749,
            22.3191325
          ],
          [
            114.192489,
            22.3190184
          ],
          [
            114.1933295,
            22.3187013
          ],
          [
            114.1935765,
            22.3186138
          ],
          [
            114.1938569,
            22.3185295
          ],
          [
            114.1940763,
            22.3184756
          ],
          [
            114.1942783,
            22.3184369
          ]
        ]
      }
    },
    {
      "type": "Feature",
      "properties": {
        "alt_name": "中九龍幹線 Central Kowloon Route",
        "alt_name:en": "Central Kowloon Route",
        "alt_name:zh": "中九龍幹線",
        "bicycle": "no",
        "change": "no",
        "foot": "no",
        "hazmat:HK:1": "no",
        "hazmat:HK:2": "no",
        "hazmat:HK:3": "no",
        "hazmat:HK:3A": "no",
        "hazmat:HK:5": "no",
        "headlight:high": "prohibited",
        "headlight:low": "required",
        "highway": "trunk",
        "highway:name": "中九龍幹線 Central Kowloon Route",
        "highway:name:en": "Central Kowloon Route",
        "highway:name:zh": "中九龍幹線",
        "lanes": "3",
        "lanes:reversible": "1",
        "layer": "-1",
        "maxheight": "4.6",
        "maxspeed": "80",
        "maxspeed:variable": "obstruction",
        "minspeed": "25",
        "motor_vehicle:conditional": "no @ (hazmat:HK:1; hazmat:HK:2; hazmat:HK:3; hazmat:HK:3A; hazmat:HK:5); no @ (learner)",
        "motorroad": "yes",
        "motorway": "no",
        "name": "中九龍繞道 Central Kowloon Bypass",
        "name:en": "Central Kowloon Bypass",
        "name:zh": "中九龍繞道",
        "network": "HK",
        "network:area": "national",
        "network:guid": "HK",
        "network:name": "香港主要幹線 Hong Kong Strategic Routes",
        "network:name:en": "Hong Kong Strategic Routes",
        "network:name:zh": "香港主要幹線",
        "network:wikidata": "Q115916223",
        "nohousenumber": "yes",
        "oneway": "yes",
        "opening_date": "2025-12-21",
        "proposed:toll": "yes",
        "ref": "6",
        "reg_name": "油麻地段 Yau Ma Tei Section",
        "reg_name:en": "Yau Ma Tei Section",
        "reg_name:zh": "油麻地段",
        "section:name": "油麻地 Yau Ma Tei",
        "section:name:en": "Yau Ma Tei",
        "section:name:zh": "油麻地",
        "start_date": "2025-12-21",
        "street": "yes",
        "street:name": "中九龍繞道 Central Kowloon Bypass",
        "street:name:en": "Central Kowloon Bypass",
        "street:name:zh": "中九龍繞道",
        "supervised": "yes",
        "surface": "asphalt",
        "surveillance": "yes",
        "traffic_signals": "lane",
        "tunnel": "yes",
        "tunnel:construction_method": "heavy_machinery",
        "tunnel:method": "drill-and-blast",
        "tunnel:name": "中九龍繞道（油麻地段隧道） Central Kowloon Bypass (Yau Ma Tei Section Tunnel)",
        "tunnel:name:en": "Central Kowloon Bypass (Yau Ma Tei Section Tunnel)",
        "tunnel:name:zh": "中九龍繞道（油麻地段隧道）",
        "tunnel:profile": "horseshoe",
        "tunnel:structure": "rock_support",
        "turn:lanes": "left;slight_left;through|slight_right|slight_right",
        "ventilation": "semi-transverse"
      },
      "geometry": {
        "type": "LineString",
        "coordinates": [
          [
            114.1942316,
            22.3182305
          ],
          [
            114.1939403,
            22.3182897
          ],
          [
            114.1936651,
            22.3183595
          ],
          [
            114.1933541,
            22.3184448
          ],
          [
            114.1929308,
            22.3185869
          ],
          [
            114.1923627,
            22.3188019
          ],
          [
            114.1920703,
            22.3189054
          ],
          [
            114.1917655,
            22.3190039
          ],
          [
            114.1913862,
            22.3191098
          ],
          [
            114.1911341,
            22.3191704
          ],
          [
            114.1909055,
            22.3192177
          ],
          [
            114.1905309,
            22.3192796
          ],
          [
            114.1901774,
            22.3193223
          ],
          [
            114.1897218,
            22.3193553
          ],
          [
            114.1894038,
            22.319365
          ],
          [
            114.1888416,
            22.3193535
          ],
          [
            114.1884088,
            22.319319
          ],
          [
            114.1880287,
            22.3192692
          ],
          [
            114.187604,
            22.3191945
          ],
          [
            114.187214,
            22.3191031
          ],
          [
            114.1867621,
            22.3189742
          ],
          [
            114.1863918,
            22.3188491
          ],
          [
            114.185932,
            22.318662
          ],
          [
            114.1855294,
            22.3184792
          ],
          [
            114.1852376,
            22.3183157
          ],
          [
            114.1849496,
            22.3181476
          ],
          [
            114.1846594,
            22.3179582
          ],
          [
            114.1842823,
            22.3176881
          ],
          [
            114.1840107,
            22.3174707
          ],
          [
            114.1837867,
            22.3172727
          ],
          [
            114.1834911,
            22.3169909
          ],
          [
            114.1831756,
            22.3166495
          ],
          [
            114.1829338,
            22.316359
          ],
          [
            114.182228,
            22.315398
          ],
          [
            114.1817775,
            22.3148416
          ],
          [
            114.1815128,
            22.3145503
          ],
          [
            114.1810767,
            22.3141102
          ],
          [
            114.1805618,
            22.3136611
          ],
          [
            114.1801669,
            22.3133494
          ],
          [
            114.1796297,
            22.3129753
          ],
          [
            114.179158,
            22.3126782
          ],
          [
            114.1787781,
            22.3124685
          ],
          [
            114.1784675,
            22.31231
          ],
          [
            114.1781123,
            22.3121448
          ],
          [
            114.177602,
            22.3119294
          ],
          [
            114.171263,
            22.3093062
          ],
          [
            114.1711063,
            22.309245
          ],
          [
            114.1709904,
            22.3092017
          ],
          [
            114.1708539,
            22.3091531
          ],
          [
            114.170735,
            22.3091133
          ],
          [
            114.1706036,
            22.309075
          ]
        ]
      }
    },
    {
      "type": "Feature",
      "properties": {
        "carriageway": "single",
        "highway": "unclassified",
        "lanes": "1",
        "name": "文運道 Man Wan Road",
        "name:en": "Man Wan Road",
        "name:zh": "文運道",
        "note": "I know the name sounds like a really bad joke, but it is genuine... also",
        "oneway": "yes",
        "sidewalk": "both"
      },
      "geometry": {
        "type": "LineString",
        "coordinates": [
          [
            114.1784545,
            22.3187925
          ],
          [
            114.1783864,
            22.3186733
          ],
          [
            114.1783695,
            22.3186551
          ],
          [
            114.1783397,
            22.318623
          ],
          [
            114.1783,
            22.3185842
          ],
          [
            114.1782708,
            22.3185598
          ],
          [
            114.1782087,
            22.3185435
          ],
          [
            114.178151,
            22.3185401
          ],
          [
            114.1780865,
            22.3185372
          ],
          [
            114.1779978,
            22.3185584
          ],
          [
            114.1779213,
            22.3186025
          ]
        ]
      }
    },
    {
      "type": "Feature",
      "properties": {
        "highway": "footway"
      },
      "geometry": {
        "type": "LineString",
        "coordinates": [
          [
            114.1781983,
            22.3185111
          ],
          [
            114.1781927,
            22.3184928
          ],
          [
            114.178189,
            22.318482
          ]
        ]
      }
    },
    {
      "type": "Feature",
      "properties": {
        "highway": "footway"
      },
      "geometry": {
        "type": "LineString",
        "coordinates": [
          [
            114.1781799,
            22.3184444
          ],
          [
            114.1781303,
            22.3183232
          ]
        ]
      }
    },
    {
      "type": "Feature",
      "properties": {
        "highway": "steps"
      },
      "geometry": {
        "type": "LineString",
        "coordinates": [
          [
            114.1779972,
            22.3180441
          ],
          [
            114.1780471,
            22.3181088
          ],
          [
            114.178079,
            22.3181595
          ],
          [
            114.1781303,
            22.3183232
          ]
        ]
      }
    },
    {
      "type": "Feature",
      "properties": {
        "highway": "footway"
      },
      "geometry": {
        "type": "LineString",
        "coordinates": [
          [
            114.1784539,
            22.3181057
          ],
          [
            114.178452,
            22.3181164
          ],
          [
            114.1784496,
            22.3181295
          ]
        ]
      }
    },
    {
      "type": "Feature",
      "properties": {
        "highway": "footway"
      },
      "geometry": {
        "type": "LineString",
        "coordinates": [
          [
            114.1784466,
            22.3181464
          ],
          [
            114.1782977,
            22.3181836
          ]
        ]
      }
    },
    {
      "type": "Feature",
      "properties": {
        "highway": "footway"
      },
      "geometry": {
        "type": "LineString",
        "coordinates": [
          [
            114.1794048,
            22.3194292
          ],
          [
            114.1794314,
            22.3194217
          ],
          [
            114.1794566,
            22.3194113
          ],
          [
            114.1795471,
            22.3193572
          ],
          [
            114.1795149,
            22.3188684
          ],
          [
            114.179134,
            22.3181712
          ],
          [
            114.1792869,
            22.3178337
          ],
          [
            114.1792252,
            22.3178089
          ],
          [
            114.1794023,
            22.3174144
          ],
          [
            114.179388,
            22.3172619
          ]
        ]
      }
    },
    {
      "type": "Feature",
      "properties": {
        "carriageway": "dual",
        "highway": "primary",
        "lanes": "3",
        "maxspeed": "50",
        "name": "漆咸道北 Chatham Road North",
        "name:en": "Chatham Road North",
        "name:zh": "漆咸道北",
        "oneway": "yes",
        "sidewalk": "left",
        "surface": "concrete"
      },
      "geometry": {
        "type": "LineString",
        "coordinates": [
          [
            114.1868788,
            22.313308
          ],
          [
            114.1870719,
            22.3136517
          ],
          [
            114.1872503,
            22.3139885
          ],
          [
            114.1872791,
            22.3140625
          ],
          [
            114.1872927,
            22.3140976
          ],
          [
            114.187307,
            22.3141325
          ],
          [
            114.1873533,
            22.3142534
          ]
        ]
      }
    },
    {
      "type": "Feature",
      "properties": {
        "carriageway": "dual",
        "highway": "primary",
        "lanes": "3",
        "maxspeed": "50",
        "name": "馬頭圍道 Ma Tau Wai Road",
        "name:en": "Ma Tau Wai Road",
        "name:zh": "馬頭圍道",
        "oneway": "yes",
        "placement": "transition",
        "sidewalk": "left",
        "surface": "concrete",
        "turn:lanes": "left;through|through|right"
      },
      "geometry": {
        "type": "LineString",
        "coordinates": [
          [
            114.1874943,
            22.314955
          ],
          [
            114.1875021,
            22.3150286
          ],
          [
            114.1875302,
            22.3153564
          ]
        ]
      }
    },
    {
      "type": "Feature",
      "properties": {
        "carriageway": "dual",
        "highway": "primary",
        "lanes": "3",
        "maxspeed": "50",
        "name": "馬頭圍道 Ma Tau Wai Road",
        "name:en": "Ma Tau Wai Road",
        "name:zh": "馬頭圍道",
        "oneway": "yes",
        "sidewalk": "left",
        "surface": "concrete"
      },
      "geometry": {
        "type": "LineString",
        "coordinates": [
          [
            114.1874649,
            22.3147432
          ],
          [
            114.1874693,
            22.3147749
          ],
          [
            114.1874943,
            22.314955
          ]
        ]
      }
    },
    {
      "type": "Feature",
      "properties": {
        "highway": "footway"
      },
      "geometry": {
        "type": "LineString",
        "coordinates": [
          [
            114.1867522,
            22.3143532
          ],
          [
            114.1867362,
            22.31436
          ],
          [
            114.1866809,
            22.3143688
          ],
          [
            114.186633,
            22.3143669
          ],
          [
            114.186601,
            22.314359
          ],
          [
            114.1865659,
            22.3143363
          ],
          [
            114.1865318,
            22.314292
          ],
          [
            114.1863436,
            22.3139573
          ]
        ]
      }
    },
    {
      "type": "Feature",
      "properties": {
        "access": "no",
        "highway": "footway"
      },
      "geometry": {
        "type": "LineString",
        "coordinates": [
          [
            114.1879377,
            22.3178905
          ],
          [
            114.1878063,
            22.3179928
          ],
          [
            114.1877958,
            22.3180015
          ],
          [
            114.1877852,
            22.3180107
          ]
        ]
      }
    },
    {
      "type": "Feature",
      "properties": {
        "highway": "footway"
      },
      "geometry": {
        "type": "LineString",
        "coordinates": [
          [
            114.1852588,
            22.3181856
          ],
          [
            114.1852561,
            22.3180535
          ],
          [
            114.1852695,
            22.3176962
          ],
          [
            114.1852842,
            22.3171206
          ],
          [
            114.1853043,
            22.3170263
          ],
          [
            114.1853285,
            22.3169506
          ],
          [
            114.1853808,
            22.3168848
          ]
        ]
      }
    },
    {
      "type": "Feature",
      "properties": {
        "highway": "footway"
      },
      "geometry": {
        "type": "LineString",
        "coordinates": [
          [
            114.1863679,
            22.3183775
          ],
          [
            114.1858283,
            22.318378
          ]
        ]
      }
    },
    {
      "type": "Feature",
      "properties": {
        "highway": "service"
      },
      "geometry": {
        "type": "LineString",
        "coordinates": [
          [
            114.1810506,
            22.3235366
          ],
          [
            114.1810882,
            22.3234504
          ],
          [
            114.1811294,
            22.3234105
          ]
        ]
      }
    },
    {
      "type": "Feature",
      "properties": {
        "highway": "footway"
      },
      "geometry": {
        "type": "LineString",
        "coordinates": [
          [
            114.1808629,
            22.3237229
          ],
          [
            114.1808572,
            22.3236827
          ],
          [
            114.1808416,
            22.3236574
          ],
          [
            114.18082,
            22.3236382
          ],
          [
            114.1807841,
            22.3236164
          ],
          [
            114.1807233,
            22.3236099
          ],
          [
            114.1806771,
            22.3236129
          ],
          [
            114.1806177,
            22.3236112
          ],
          [
            114.1805069,
            22.3235597
          ]
        ]
      }
    },
    {
      "type": "Feature",
      "properties": {
        "highway": "footway"
      },
      "geometry": {
        "type": "LineString",
        "coordinates": [
          [
            114.1802961,
            22.3237102
          ],
          [
            114.1804017,
            22.3236121
          ],
          [
            114.1805069,
            22.3235597
          ],
          [
            114.1805404,
            22.3235331
          ],
          [
            114.1805503,
            22.3235174
          ],
          [
            114.1805971,
            22.323414
          ],
          [
            114.1806683,
            22.3233228
          ],
          [
            114.1808264,
            22.3233835
          ],
          [
            114.1809942,
            22.3233746
          ],
          [
            114.1810882,
            22.3234504
          ],
          [
            114.1811431,
            22.3234989
          ],
          [
            114.1813185,
            22.3236697
          ]
        ]
      }
    },
    {
      "type": "Feature",
      "properties": {
        "cutting": "yes",
        "foot": "use_sidepath",
        "foot:conditional": "yes @ (sidewalk)",
        "from:motorroad": "yes",
        "hazmat:HK:1": "no",
        "hazmat:HK:2": "no",
        "hazmat:HK:3": "no",
        "hazmat:HK:3A": "no",
        "hazmat:HK:5": "no",
        "highway": "secondary",
        "lanes": "1",
        "maxheight": "4.6",
        "maxspeed": "70",
        "motor_vehicle:conditional": "no @ (hazmat:HK:1; hazmat:HK:2; hazmat:HK:3; hazmat:HK:3A; hazmat:HK:5); no @ (learner)",
        "motorroad": "yes",
        "motorway": "no",
        "name": "新山道 San Shan Road",
        "name:en": "San Shan Road",
        "name:zh": "新山道",
        "oneway": "yes",
        "shoulder": "no",
        "surface": "concrete"
      },
      "geometry": {
        "type": "LineString",
        "coordinates": [
          [
            114.1905304,
            22.3210452
          ],
          [
            114.1905366,
            22.3209003
          ],
          [
            114.19055,
            22.3207866
          ]
        ]
      }
    },
    {
      "type": "Feature",
      "properties": {
        "destination:motorroad": "yes",
        "foot": "use_sidepath",
        "foot:conditional": "yes @ (sidewalk)",
        "highway": "secondary",
        "lanes": "2",
        "name": "新山道 San Shan Road",
        "name:en": "San Shan Road",
        "name:zh": "新山道",
        "oneway": "yes",
        "surface": "concrete"
      },
      "geometry": {
        "type": "LineString",
        "coordinates": [
          [
            114.1904582,
            22.320113
          ],
          [
            114.1903937,
            22.3200959
          ],
          [
            114.1903201,
            22.32006
          ],
          [
            114.1902535,
            22.3200127
          ]
        ]
      }
    },
    {
      "type": "Feature",
      "properties": {
        "highway": "unclassified",
        "junction": "traffic_signals",
        "lanes": "2",
        "name": "常富街 Sheung Foo Street",
        "name:en": "Sheung Foo Street",
        "name:zh": "常富街",
        "oneway": "yes",
        "surface": "asphalt",
        "traffic_signals:ref": "K609"
      },
      "geometry": {
        "type": "LineString",
        "coordinates": [
          [
            114.1812214,
            22.3161404
          ],
          [
            114.1811243,
            22.3160611
          ]
        ]
      }
    },
    {
      "type": "Feature",
      "properties": {
        "highway": "primary",
        "intersection": "normal",
        "junction": "intersection",
        "lanes": "3",
        "name": "馬頭圍道 Ma Tau Wai Road",
        "name:en": "Ma Tau Wai Road",
        "name:zh": "馬頭圍道",
        "oneway": "yes",
        "sidewalk": "no",
        "surface": "concrete",
        "traffic_signals": "signal"
      },
      "geometry": {
        "type": "LineString",
        "coordinates": [
          [
            114.1875128,
            22.3200248
          ],
          [
            114.1875121,
            22.3200669
          ]
        ]
      }
    },
    {
      "type": "Feature",
      "properties": {
        "highway": "tertiary",
        "intersection": "normal",
        "junction": "intersection",
        "lane_markings": "no",
        "name": "天光道 Tin Kwong Road",
        "name:en": "Tin Kwong Road",
        "name:zh": "天光道",
        "oneway": "yes",
        "sidewalk": "no",
        "surface": "asphalt",
        "traffic_signals": "signal"
      },
      "geometry": {
        "type": "LineString",
        "coordinates": [
          [
            114.1875121,
            22.3200669
          ],
          [
            114.1876405,
            22.3201216
          ]
        ]
      }
    },
    {
      "type": "Feature",
      "properties": {
        "highway": "tertiary",
        "name": "馬坑涌道 Ma Hang Chung Road",
        "name:en": "Ma Hang Chung Road",
        "name:zh": "馬坑涌道",
        "oneway": "yes",
        "surface": "asphalt"
      },
      "geometry": {
        "type": "LineString",
        "coordinates": [
          [
            114.1875128,
            22.3200248
          ],
          [
            114.1874386,
            22.3200316
          ]
        ]
      }
    },
    {
      "type": "Feature",
      "properties": {
        "highway": "residential",
        "name": "常富街 Sheung Foo Street",
        "name:en": "Sheung Foo Street",
        "name:zh": "常富街"
      },
      "geometry": {
        "type": "LineString",
        "coordinates": [
          [
            114.182013,
            22.3169766
          ],
          [
            114.181965,
            22.317029
          ]
        ]
      }
    },
    {
      "type": "Feature",
      "properties": {
        "highway": "footway"
      },
      "geometry": {
        "type": "LineString",
        "coordinates": [
          [
            114.1799976,
            22.3166322
          ],
          [
            114.1800287,
            22.3167116
          ],
          [
            114.1800325,
            22.3167175
          ]
        ]
      }
    },
    {
      "type": "Feature",
      "properties": {
        "highway": "secondary",
        "lanes": "2",
        "name": "亞皆老街 Argyle Street",
        "name:en": "Argyle Street",
        "name:zh": "亞皆老街",
        "oneway": "yes",
        "sidewalk": "no",
        "surface": "concrete"
      },
      "geometry": {
        "type": "LineString",
        "coordinates": [
          [
            114.178161,
            22.3216632
          ],
          [
            114.1782441,
            22.3216911
          ]
        ]
      }
    },
    {
      "type": "Feature",
      "properties": {
        "destination": "Mong Kok;Hong Kong (W)",
        "destination:ref": "1",
        "highway": "primary_link",
        "lanes": "1",
        "maxspeed": "50",
        "oneway": "yes",
        "surface": "concrete"
      },
      "geometry": {
        "type": "LineString",
        "coordinates": [
          [
            114.178161,
            22.3216632
          ],
          [
            114.1782048,
            22.321561
          ],
          [
            114.1782054,
            22.3214756
          ],
          [
            114.178171,
            22.3214439
          ]
        ]
      }
    },
    {
      "type": "Feature",
      "properties": {
        "carriageway": "dual",
        "highway": "secondary",
        "lanes": "2",
        "name": "亞皆老街 Argyle Street",
        "name:en": "Argyle Street",
        "name:zh": "亞皆老街",
        "oneway": "yes",
        "sidewalk": "left",
        "surface": "concrete"
      },
      "geometry": {
        "type": "LineString",
        "coordinates": [
          [
            114.1782441,
            22.3216911
          ],
          [
            114.1783646,
            22.3217406
          ],
          [
            114.1788444,
            22.321945
          ]
        ]
      }
    },
    {
      "type": "Feature",
      "properties": {
        "access": "private",
        "highway": "service"
      },
      "geometry": {
        "type": "LineString",
        "coordinates": [
          [
            114.180282,
            22.3159787
          ],
          [
            114.1802633,
            22.3159365
          ],
          [
            114.1802547,
            22.3159172
          ],
          [
            114.1801924,
            22.3157765
          ]
        ]
      }
    },
    {
      "type": "Feature",
      "properties": {
        "access": "no",
        "bicycle": "no",
        "description": "The Jungle Trail is a path familiar to all who attend KGV. The trail is mainly used as a jogging path for warmups during physical education.",
        "foot": "yes",
        "highway": "footway",
        "horse": "no",
        "incline": "0%",
        "motor_vehicle": "no",
        "name": "Jungle Trail",
        "surface": "unpaved",
        "trail_visibility": "good",
        "width": "2"
      },
      "geometry": {
        "type": "LineString",
        "coordinates": [
          [
            114.1832966,
            22.3207541
          ],
          [
            114.1839178,
            22.3209282
          ],
          [
            114.1839714,
            22.3209494
          ],
          [
            114.1840204,
            22.3209786
          ],
          [
            114.1840633,
            22.3210152
          ],
          [
            114.1840989,
            22.3210579
          ],
          [
            114.1841391,
            22.3211134
          ],
          [
            114.1841688,
            22.3211743
          ],
          [
            114.1841872,
            22.3212389
          ],
          [
            114.1841937,
            22.3213055
          ],
          [
            114.1841939,
            22.3213586
          ],
          [
            114.1841945,
            22.3214684
          ],
          [
            114.1841965,
            22.3219134
          ],
          [
            114.1841925,
            22.322408
          ]
        ]
      }
    },
    {
      "type": "Feature",
      "properties": {
        "carriageway": "single",
        "highway": "tertiary",
        "lanes": "3",
        "name": "馬頭角道 Ma Tau Kok Road",
        "name:en": "Ma Tau Kok Road",
        "name:zh": "馬頭角道",
        "oneway": "yes",
        "parking:both": "lane",
        "sidewalk": "both",
        "surface": "concrete"
      },
      "geometry": {
        "type": "LineString",
        "coordinates": [
          [
            114.1932385,
            22.3204462
          ],
          [
            114.1930455,
            22.3205336
          ],
          [
            114.1928131,
            22.3206347
          ],
          [
            114.1926877,
            22.3206893
          ],
          [
            114.1925764,
            22.3207377
          ],
          [
            114.1924879,
            22.3207762
          ],
          [
            114.1923442,
            22.3208387
          ],
          [
            114.1921105,
            22.3209404
          ],
          [
            114.1918769,
            22.321042
          ],
          [
            114.1916425,
            22.321144
          ],
          [
            114.1914071,
            22.3212464
          ],
          [
            114.191174,
            22.3213479
          ],
          [
            114.1909389,
            22.3214501
          ],
          [
            114.190759,
            22.3215281
          ],
          [
            114.1907295,
            22.3215405
          ],
          [
            114.190591,
            22.321603
          ]
        ]
      }
    },
    {
      "type": "Feature",
      "properties": {
        "highway": "footway"
      },
      "geometry": {
        "type": "LineString",
        "coordinates": [
          [
            114.1826839,
            22.3224713
          ],
          [
            114.1826837,
            22.3224828
          ]
        ]
      }
    },
    {
      "type": "Feature",
      "properties": {
        "highway": "service",
        "service": "parking_aisle"
      },
      "geometry": {
        "type": "LineString",
        "coordinates": [
          [
            114.1860949,
            22.3146667
          ],
          [
            114.1859488,
            22.3150934
          ],
          [
            114.185904,
            22.3152242
          ]
        ]
      }
    },
    {
      "type": "Feature",
      "properties": {
        "highway": "service"
      },
      "geometry": {
        "type": "LineString",
        "coordinates": [
          [
            114.1824919,
            22.3140024
          ],
          [
            114.1826511,
            22.3140287
          ],
          [
            114.1828745,
            22.3140838
          ],
          [
            114.1829843,
            22.3141077
          ],
          [
            114.1831428,
            22.3141412
          ],
          [
            114.1833886,
            22.3141999
          ],
          [
            114.1834455,
            22.314244
          ],
          [
            114.1834627,
            22.3142782
          ],
          [
            114.1834732,
            22.3143063
          ]
        ]
      }
    },
    {
      "type": "Feature",
      "properties": {
        "destination:motorroad": "yes",
        "foot": "use_sidepath",
        "foot:conditional": "yes @ (sidewalk)",
        "highway": "secondary",
        "lanes": "2",
        "name": "新山道 San Shan Road",
        "name:en": "San Shan Road",
        "name:zh": "新山道",
        "oneway": "yes",
        "surface": "concrete"
      },
      "geometry": {
        "type": "LineString",
        "coordinates": [
          [
            114.1910991,
            22.319991
          ],
          [
            114.1908853,
            22.3200818
          ],
          [
            114.1907974,
            22.3201095
          ],
          [
            114.19072,
            22.3201243
          ],
          [
            114.1906413,
            22.3201281
          ],
          [
            114.1905474,
            22.3201256
          ],
          [
            114.1904582,
            22.320113
          ]
        ]
      }
    },
    {
      "type": "Feature",
      "properties": {
        "footway": "alley",
        "highway": "footway",
        "surface": "paved"
      },
      "geometry": {
        "type": "LineString",
        "coordinates": [
          [
            114.1883723,
            22.3245679
          ],
          [
            114.1879951,
            22.3238094
          ]
        ]
      }
    },
    {
      "type": "Feature",
      "properties": {
        "footway": "alley",
        "highway": "footway",
        "surface": "paved"
      },
      "geometry": {
        "type": "LineString",
        "coordinates": [
          [
            114.1877922,
            22.3238957
          ],
          [
            114.1879951,
            22.3238094
          ],
          [
            114.1882069,
            22.3237192
          ]
        ]
      }
    },
    {
      "type": "Feature",
      "properties": {
        "highway": "footway",
        "surface": "concrete"
      },
      "geometry": {
        "type": "LineString",
        "coordinates": [
          [
            114.186092,
            22.3213657
          ],
          [
            114.1860936,
            22.3212035
          ],
          [
            114.1861351,
            22.3212035
          ],
          [
            114.1861378,
            22.3210709
          ]
        ]
      }
    },
    {
      "type": "Feature",
      "properties": {
        "crossing": "traffic_signals",
        "highway": "footway"
      },
      "geometry": {
        "type": "LineString",
        "coordinates": [
          [
            114.1784272,
            22.3214934
          ],
          [
            114.1783794,
            22.3215564
          ],
          [
            114.1783646,
            22.3217406
          ],
          [
            114.1783339,
            22.3218178
          ]
        ]
      }
    },
    {
      "type": "Feature",
      "properties": {
        "colour": "yellow",
        "crossing": "traffic_signals",
        "footway": "crossing",
        "highway": "footway",
        "road_marking": "zebra"
      },
      "geometry": {
        "type": "LineString",
        "coordinates": [
          [
            114.1783781,
            22.321344
          ],
          [
            114.1783579,
            22.321336
          ],
          [
            114.1783355,
            22.3213237
          ]
        ]
      }
    },
    {
      "type": "Feature",
      "properties": {
        "crossing": "traffic_signals",
        "highway": "footway",
        "staggered": "yes"
      },
      "geometry": {
        "type": "LineString",
        "coordinates": [
          [
            114.1782816,
            22.3218331
          ],
          [
            114.1782198,
            22.3217435
          ],
          [
            114.1781512,
            22.3217251
          ],
          [
            114.1779256,
            22.3216334
          ],
          [
            114.1778652,
            22.3216085
          ],
          [
            114.1778398,
            22.3216687
          ],
          [
            114.177772,
            22.3217146
          ],
          [
            114.1777298,
            22.3217313
          ]
        ]
      }
    },
    {
      "type": "Feature",
      "properties": {
        "footway": "sidewalk",
        "highway": "footway",
        "name": "文福道 Man Fuk Road",
        "name:en": "Man Fuk Road",
        "name:zh": "文福道",
        "surface": "paved"
      },
      "geometry": {
        "type": "LineString",
        "coordinates": [
          [
            114.1785188,
            22.3187667
          ],
          [
            114.1785834,
            22.3189021
          ],
          [
            114.1785956,
            22.318951
          ],
          [
            114.1786017,
            22.3190074
          ],
          [
            114.1785936,
            22.3190676
          ],
          [
            114.1785773,
            22.3191183
          ],
          [
            114.1785448,
            22.3191785
          ],
          [
            114.178496,
            22.319233
          ],
          [
            114.1784208,
            22.3193064
          ],
          [
            114.1781011,
            22.3195116
          ],
          [
            114.1776889,
            22.319768
          ],
          [
            114.1776451,
            22.3197952
          ],
          [
            114.1776194,
            22.3198112
          ],
          [
            114.1775813,
            22.3198404
          ],
          [
            114.1775325,
            22.3198667
          ],
          [
            114.1774634,
            22.3198874
          ],
          [
            114.1773841,
            22.3198912
          ],
          [
            114.1773125,
            22.3198968
          ],
          [
            114.1772418,
            22.3198799
          ],
          [
            114.1771829,
            22.3198498
          ],
          [
            114.1771158,
            22.3198028
          ],
          [
            114.1768566,
            22.3194297
          ],
          [
            114.1767978,
            22.3193451
          ],
          [
            114.176495,
            22.3189639
          ],
          [
            114.1764688,
            22.3189161
          ],
          [
            114.1764517,
            22.3188648
          ],
          [
            114.1764442,
            22.3188116
          ],
          [
            114.1764466,
            22.318758
          ],
          [
            114.1764588,
            22.3187056
          ],
          [
            114.1764805,
            22.3186558
          ],
          [
            114.1765025,
            22.3186213
          ],
          [
            114.176529,
            22.3185896
          ],
          [
            114.1766279,
            22.3185023
          ],
          [
            114.1766598,
            22.3184695
          ],
          [
            114.1766854,
            22.3184322
          ],
          [
            114.1767041,
            22.3183915
          ],
          [
            114.1767153,
            22.3183486
          ],
          [
            114.1767187,
            22.3183045
          ],
          [
            114.1767143,
            22.3182615
          ],
          [
            114.1767027,
            22.3181704
          ],
          [
            114.1766584,
            22.3181373
          ]
        ]
      }
    },
    {
      "type": "Feature",
      "properties": {
        "crossing": "traffic_signals",
        "highway": "footway"
      },
      "geometry": {
        "type": "LineString",
        "coordinates": [
          [
            114.1876977,
            22.3226908
          ],
          [
            114.1877135,
            22.3226839
          ],
          [
            114.1877576,
            22.3226649
          ],
          [
            114.1878016,
            22.3226459
          ],
          [
            114.1878179,
            22.3226389
          ],
          [
            114.1878619,
            22.3226199
          ],
          [
            114.1879151,
            22.3225959
          ]
        ]
      }
    },
    {
      "type": "Feature",
      "properties": {
        "crossing": "traffic_signals",
        "highway": "footway"
      },
      "geometry": {
        "type": "LineString",
        "coordinates": [
          [
            114.1874298,
            22.3211348
          ],
          [
            114.1875038,
            22.3211347
          ],
          [
            114.1875574,
            22.3211371
          ],
          [
            114.1875748,
            22.3211371
          ],
          [
            114.1876245,
            22.3211358
          ],
          [
            114.1876687,
            22.321134
          ],
          [
            114.1876913,
            22.321099
          ],
          [
            114.1877369,
            22.3210795
          ],
          [
            114.1877811,
            22.3210606
          ]
        ]
      }
    },
    {
      "type": "Feature",
      "properties": {
        "crossing": "traffic_signals",
        "crossing:island": "yes",
        "footway": "crossing",
        "highway": "footway",
        "staggered": "yes",
        "surface": "concrete"
      },
      "geometry": {
        "type": "LineString",
        "coordinates": [
          [
            114.1878109,
            22.320066
          ],
          [
            114.1877946,
            22.3201328
          ],
          [
            114.1877901,
            22.3201552
          ],
          [
            114.1877881,
            22.3201639
          ],
          [
            114.1877384,
            22.3201335
          ],
          [
            114.1877378,
            22.3201428
          ],
          [
            114.1877349,
            22.3201721
          ],
          [
            114.1877371,
            22.3202383
          ]
        ]
      }
    },
    {
      "type": "Feature",
      "properties": {
        "crossing": "traffic_signals",
        "crossing:island": "yes",
        "footway": "crossing",
        "highway": "footway",
        "staggered": "yes",
        "surface": "concrete"
      },
      "geometry": {
        "type": "LineString",
        "coordinates": [
          [
            114.1874662,
            22.3198872
          ],
          [
            114.1875152,
            22.3198879
          ],
          [
            114.1875641,
            22.3198866
          ],
          [
            114.1875903,
            22.3198866
          ],
          [
            114.1875909,
            22.3199573
          ],
          [
            114.1876171,
            22.3199567
          ],
          [
            114.1876446,
            22.3199604
          ],
          [
            114.1877023,
            22.3199612
          ]
        ]
      }
    },
    {
      "type": "Feature",
      "properties": {
        "crossing": "traffic_signals",
        "crossing:island": "yes",
        "footway": "crossing",
        "highway": "footway"
      },
      "geometry": {
        "type": "LineString",
        "coordinates": [
          [
            114.1874635,
            22.318038
          ],
          [
            114.187511,
            22.3180369
          ],
          [
            114.1876244,
            22.3180351
          ],
          [
            114.1877062,
            22.3180315
          ]
        ]
      }
    },
    {
      "type": "Feature",
      "properties": {
        "footway": "sidewalk",
        "highway": "footway"
      },
      "geometry": {
        "type": "LineString",
        "coordinates": [
          [
            114.1874791,
            22.3163684
          ],
          [
            114.1873294,
            22.316365
          ]
        ]
      }
    },
    {
      "type": "Feature",
      "properties": {
        "crossing": "traffic_signals",
        "crossing:island": "yes",
        "crossing:markings": "zebra",
        "crossing:markings:colour": "yellow",
        "crossing:staggered": "separate",
        "footway": "crossing",
        "highway": "footway",
        "surface": "paved",
        "traffic_signals": "signal",
        "traffic_signals:ref": "K030"
      },
      "geometry": {
        "type": "LineString",
        "coordinates": [
          [
            114.1872656,
            22.3141483
          ],
          [
            114.187307,
            22.3141325
          ],
          [
            114.1873449,
            22.3141186
          ]
        ]
      }
    },
    {
      "type": "Feature",
      "properties": {
        "footway": "sidewalk",
        "highway": "footway",
        "name": "亞皆老街 Argyle Street",
        "name:en": "Argyle Street",
        "name:zh": "亞皆老街"
      },
      "geometry": {
        "type": "LineString",
        "coordinates": [
          [
            114.1813861,
            22.3231612
          ],
          [
            114.1814332,
            22.3231799
          ],
          [
            114.1815107,
            22.3232151
          ],
          [
            114.1826719,
            22.3237398
          ],
          [
            114.1831962,
            22.3239701
          ],
          [
            114.1832778,
            22.3239976
          ],
          [
            114.1833032,
            22.3240213
          ],
          [
            114.1833853,
            22.324056
          ]
        ]
      }
    },
    {
      "type": "Feature",
      "properties": {
        "highway": "secondary",
        "lanes": "3",
        "name": "浙江街 Chi Kiang Street",
        "name:en": "Chi Kiang Street",
        "name:zh": "浙江街",
        "oneway": "yes",
        "placement": "left_of:2",
        "source": "Yahoo",
        "surface": "asphalt"
      },
      "geometry": {
        "type": "LineString",
        "coordinates": [
          [
            114.1877537,
            22.3157369
          ],
          [
            114.1877989,
            22.3157338
          ],
          [
            114.1878463,
            22.3157167
          ],
          [
            114.1879443,
            22.3156727
          ]
        ]
      }
    },
    {
      "type": "Feature",
      "properties": {
        "footway": "crossing_access",
        "highway": "footway",
        "surface": "paved",
        "virtual": "yes"
      },
      "geometry": {
        "type": "LineString",
        "coordinates": [
          [
            114.1874599,
            22.3159211
          ],
          [
            114.1874758,
            22.315922
          ]
        ]
      }
    },
    {
      "type": "Feature",
      "properties": {
        "buffer:left": "gore",
        "buffer:left:marking": "chevrons",
        "buffer:left:marking:colour": "white",
        "foot": "no",
        "foot:reason": "crossing",
        "highway": "primary_link",
        "lanes": "2",
        "marking:left": "solid_line",
        "marking:left:colour": "white",
        "name": "馬頭圍道 Ma Tau Wai Road",
        "name:en": "Ma Tau Wai Road",
        "name:zh": "馬頭圍道",
        "oneway": "yes",
        "placement": "transition",
        "separation:left": "no",
        "sidewalk": "no",
        "traffic_mode:left": "vehicle"
      },
      "geometry": {
        "type": "LineString",
        "coordinates": [
          [
            114.1875413,
            22.3155716
          ],
          [
            114.1876021,
            22.3156446
          ]
        ]
      }
    },
    {
      "type": "Feature",
      "properties": {
        "footway": "sidewalk",
        "highway": "footway",
        "name": "新山道 San Shan Road",
        "name:en": "San Shan Road",
        "name:zh": "新山道"
      },
      "geometry": {
        "type": "LineString",
        "coordinates": [
          [
            114.1924066,
            22.3193997
          ],
          [
            114.1923954,
            22.3194037
          ],
          [
            114.1923841,
            22.3194077
          ],
          [
            114.1923026,
            22.3194548
          ],
          [
            114.1920607,
            22.3195845
          ],
          [
            114.19168,
            22.3197886
          ],
          [
            114.1916639,
            22.3197966
          ],
          [
            114.1916043,
            22.3198261
          ],
          [
            114.1914849,
            22.3198852
          ],
          [
            114.191307,
            22.3199732
          ],
          [
            114.1910768,
            22.3200945
          ],
          [
            114.1909159,
            22.3202064
          ],
          [
            114.1908668,
            22.3202552
          ],
          [
            114.1908571,
            22.3202649
          ],
          [
            114.1908239,
            22.3202977
          ],
          [
            114.190811,
            22.3203105
          ],
          [
            114.190769,
            22.3203521
          ],
          [
            114.1906593,
            22.3205568
          ],
          [
            114.1906384,
            22.3206369
          ],
          [
            114.1906304,
            22.3206968
          ],
          [
            114.190623,
            22.320758
          ],
          [
            114.1906118,
            22.3209129
          ],
          [
            114.1906095,
            22.3210088
          ],
          [
            114.1906143,
            22.3211137
          ],
          [
            114.1906558,
            22.3212934
          ],
          [
            114.1906809,
            22.3214451
          ],
          [
            114.1906978,
            22.3214722
          ]
        ]
      }
    },
    {
      "type": "Feature",
      "properties": {
        "carriageway": "dual",
        "highway": "primary",
        "lanes": "2",
        "maxspeed": "50",
        "name": "公主道 Princess Margaret Road",
        "name:en": "Princess Margaret Road",
        "name:zh": "公主道",
        "oneway": "yes",
        "sidewalk": "left"
      },
      "geometry": {
        "type": "LineString",
        "coordinates": [
          [
            114.1790115,
            22.3199631
          ],
          [
            114.1789882,
            22.3200145
          ],
          [
            114.1788324,
            22.3203575
          ],
          [
            114.1788291,
            22.3203648
          ],
          [
            114.1786709,
            22.3206172
          ]
        ]
      }
    },
    {
      "type": "Feature",
      "properties": {
        "highway": "service"
      },
      "geometry": {
        "type": "LineString",
        "coordinates": [
          [
            114.1872896,
            22.3230285
          ],
          [
            114.1870484,
            22.3231249
          ]
        ]
      }
    },
    {
      "type": "Feature",
      "properties": {
        "access": "private",
        "highway": "service"
      },
      "geometry": {
        "type": "LineString",
        "coordinates": [
          [
            114.1853048,
            22.3247189
          ],
          [
            114.1853335,
            22.3246622
          ],
          [
            114.1853445,
            22.3246405
          ],
          [
            114.1853754,
            22.3245794
          ],
          [
            114.1854154,
            22.3245002
          ],
          [
            114.1854376,
            22.3244678
          ],
          [
            114.1854703,
            22.3244365
          ],
          [
            114.1855228,
            22.3244052
          ],
          [
            114.1860764,
            22.3241012
          ],
          [
            114.1863335,
            22.3239601
          ]
        ]
      }
    },
    {
      "type": "Feature",
      "properties": {
        "alt_name": "東九龍高架公路 East Kowloon Way",
        "alt_name:en": "East Kowloon Way",
        "alt_name:zh": "東九龍高架公路",
        "bicycle": "no",
        "change": "no",
        "cutting": "yes",
        "foot": "no",
        "hazmat:HK:1": "no",
        "hazmat:HK:2": "no",
        "hazmat:HK:3": "no",
        "hazmat:HK:3A": "no",
        "hazmat:HK:5": "no",
        "highway": "trunk",
        "lanes": "2",
        "lanes:reversible": "1",
        "maxheight": "4.6",
        "maxspeed": "70",
        "motor_vehicle:conditional": "no @ (hazmat:HK:1; hazmat:HK:2; hazmat:HK:3; hazmat:HK:3A; hazmat:HK:5); no @ (learner)",
        "motorroad": "yes",
        "motorway": "no",
        "name": "東九龍走廊 East Kowloon Corridor",
        "name:en": "East Kowloon Corridor",
        "name:zh": "東九龍走廊",
        "network": "HK",
        "network:area": "national",
        "network:guid": "HK",
        "network:name": "香港主要幹線 Hong Kong Strategic Routes",
        "network:name:en": "Hong Kong Strategic Routes",
        "network:name:zh": "香港主要幹線",
        "network:wikidata": "Q115916223",
        "noaddress": "yes",
        "oneway": "yes",
        "ref": "5",
        "shoulder": "no",
        "street:noname": "yes",
        "supervised": "yes",
        "surface": "asphalt",
        "surveillance": "yes",
        "traffic_signals": "lane"
      },
      "geometry": {
        "type": "LineString",
        "coordinates": [
          [
            114.1903568,
            22.3208314
          ],
          [
            114.1904516,
            22.3211517
          ],
          [
            114.1904789,
            22.3212539
          ]
        ]
      }
    },
    {
      "type": "Feature",
      "properties": {
        "alt_name": "東九龍高架公路 East Kowloon Way",
        "alt_name:en": "East Kowloon Way",
        "alt_name:zh": "東九龍高架公路",
        "bicycle": "no",
        "cutting": "yes",
        "foot": "no",
        "hazmat:HK:1": "no",
        "hazmat:HK:2": "no",
        "hazmat:HK:3": "no",
        "hazmat:HK:3A": "no",
        "hazmat:HK:5": "no",
        "highway": "trunk",
        "lanes": "3",
        "lanes:reversible": "1",
        "maxheight": "4.6",
        "maxspeed": "70",
        "motor_vehicle:conditional": "no @ (hazmat:HK:1; hazmat:HK:2; hazmat:HK:3; hazmat:HK:3A; hazmat:HK:5); no @ (learner)",
        "motorroad": "yes",
        "motorway": "no",
        "name": "東九龍走廊 East Kowloon Corridor",
        "name:en": "East Kowloon Corridor",
        "name:zh": "東九龍走廊",
        "network": "HK",
        "network:area": "national",
        "network:guid": "HK",
        "network:name": "香港主要幹線 Hong Kong Strategic Routes",
        "network:name:en": "Hong Kong Strategic Routes",
        "network:name:zh": "香港主要幹線",
        "network:wikidata": "Q115916223",
        "oneway": "yes",
        "ref": "5",
        "shoulder": "no",
        "supervised": "yes",
        "surface": "asphalt",
        "surveillance": "yes",
        "traffic_signals": "lane",
        "turn:lanes": "slight_left||"
      },
      "geometry": {
        "type": "LineString",
        "coordinates": [
          [
            114.1905763,
            22.3212283
          ],
          [
            114.1905531,
            22.3211328
          ],
          [
            114.1905304,
            22.3210452
          ]
        ]
      }
    },
    {
      "type": "Feature",
      "properties": {
        "access": "private",
        "highway": "service",
        "lanes:unmarked": "yes"
      },
      "geometry": {
        "type": "LineString",
        "coordinates": [
          [
            114.1905531,
            22.3211328
          ],
          [
            114.1904958,
            22.3211439
          ],
          [
            114.1904516,
            22.3211517
          ]
        ]
      }
    },
    {
      "type": "Feature",
      "properties": {
        "bicycle": "no",
        "cutting": "yes",
        "foot": "no",
        "hazmat:HK:1": "no",
        "hazmat:HK:2": "no",
        "hazmat:HK:3": "no",
        "hazmat:HK:3A": "no",
        "hazmat:HK:5": "no",
        "highway": "trunk",
        "lanes": "3",
        "lanes:reversible": "1",
        "layer": "-1",
        "loc_name:zh": "機隧",
        "maxheight": "4.6",
        "maxspeed": "70",
        "maxspeed:variable": "obstruction",
        "motor_vehicle:conditional": "no @ (hazmat:HK:1; hazmat:HK:2; hazmat:HK:3; hazmat:HK:3A; hazmat:HK:5); no @ (learner)",
        "motorroad": "yes",
        "motorway": "no",
        "name": "啟德隧道 Kai Tak Tunnel",
        "name:en": "Kai Tak Tunnel",
        "name:zh": "啟德隧道",
        "network": "HK",
        "network:area": "national",
        "network:guid": "HK",
        "network:name": "香港主要幹線 Hong Kong Strategic Routes",
        "network:name:en": "Hong Kong Strategic Routes",
        "network:name:zh": "香港主要幹線",
        "network:wikidata": "Q115916223",
        "not:tunnel": "yes",
        "old_name": "機場隧道 Airport Tunnel",
        "old_name:en": "Airport Tunnel",
        "old_name:zh": "機場隧道",
        "oneway": "yes",
        "ref": "5",
        "short_name:zh": "啟隧",
        "shoulder": "no",
        "supervised": "yes",
        "surface": "asphalt",
        "surveillance": "yes",
        "traffic_signals": "lane",
        "turn:lanes": "slight_left||",
        "was:name": "機場隧道 Airport Tunnel",
        "was:name:en": "Airport Tunnel",
        "was:name:zh": "機場隧道"
      },
      "geometry": {
        "type": "LineString",
        "coordinates": [
          [
            114.1905984,
            22.3213269
          ],
          [
            114.1905763,
            22.3212283
          ]
        ]
      }
    },
    {
      "type": "Feature",
      "properties": {
        "access": "private",
        "highway": "service"
      },
      "geometry": {
        "type": "LineString",
        "coordinates": [
          [
            114.1818787,
            22.3191704
          ],
          [
            114.1818494,
            22.319181
          ],
          [
            114.1818251,
            22.3191996
          ],
          [
            114.1818076,
            22.3192262
          ],
          [
            114.1818008,
            22.3192567
          ],
          [
            114.1818055,
            22.3192875
          ],
          [
            114.181821,
            22.3193151
          ],
          [
            114.1818457,
            22.3193363
          ],
          [
            114.1818766,
            22.3193485
          ],
          [
            114.1819102,
            22.3193505
          ],
          [
            114.1819426,
            22.3193419
          ],
          [
            114.1819699,
            22.3193237
          ],
          [
            114.1819881,
            22.3193
          ],
          [
            114.1819973,
            22.3192721
          ],
          [
            114.1819966,
            22.319243
          ],
          [
            114.181986,
            22.3192156
          ],
          [
            114.1819666,
            22.3191927
          ],
          [
            114.1819404,
            22.3191766
          ],
          [
            114.1819101,
            22.3191689
          ],
          [
            114.1818787,
            22.3191704
          ]
        ]
      }
    },
    {
      "type": "Feature",
      "properties": {
        "access": "private",
        "highway": "service"
      },
      "geometry": {
        "type": "LineString",
        "coordinates": [
          [
            114.182192,
            22.3171648
          ],
          [
            114.1819943,
            22.3172524
          ],
          [
            114.1818884,
            22.3173271
          ],
          [
            114.1818578,
            22.3173621
          ],
          [
            114.1818274,
            22.3173994
          ],
          [
            114.1818169,
            22.3174367
          ],
          [
            114.181808,
            22.3174764
          ],
          [
            114.1817693,
            22.3175062
          ],
          [
            114.1814996,
            22.3177383
          ],
          [
            114.1814916,
            22.3177573
          ],
          [
            114.1814891,
            22.3177755
          ],
          [
            114.1814872,
            22.3178106
          ],
          [
            114.1814881,
            22.3178368
          ],
          [
            114.1814964,
            22.3178631
          ],
          [
            114.1815382,
            22.3179221
          ],
          [
            114.1815743,
            22.3179662
          ],
          [
            114.181609,
            22.3180126
          ],
          [
            114.1816785,
            22.3180605
          ],
          [
            114.18175,
            22.3180874
          ],
          [
            114.1817959,
            22.3181081
          ],
          [
            114.1818672,
            22.3181568
          ],
          [
            114.1819022,
            22.3182094
          ],
          [
            114.1819727,
            22.3182989
          ],
          [
            114.1820107,
            22.3183967
          ],
          [
            114.1819773,
            22.3184659
          ],
          [
            114.1819626,
            22.3185512
          ],
          [
            114.1819616,
            22.318623
          ],
          [
            114.1819721,
            22.3187717
          ],
          [
            114.1819709,
            22.3188872
          ],
          [
            114.1819343,
            22.3189927
          ],
          [
            114.1819013,
            22.3190637
          ],
          [
            114.1818669,
            22.319123
          ],
          [
            114.1818251,
            22.3191996
          ]
        ]
      }
    },
    {
      "type": "Feature",
      "properties": {
        "access": "private",
        "highway": "service"
      },
      "geometry": {
        "type": "LineString",
        "coordinates": [
          [
            114.181692,
            22.3183571
          ],
          [
            114.1817174,
            22.3183398
          ],
          [
            114.1819022,
            22.3182094
          ]
        ]
      }
    },
    {
      "type": "Feature",
      "properties": {
        "highway": "footway"
      },
      "geometry": {
        "type": "LineString",
        "coordinates": [
          [
            114.1900673,
            22.3141201
          ],
          [
            114.1900276,
            22.3140369
          ],
          [
            114.1899559,
            22.3138849
          ],
          [
            114.1898522,
            22.3136611
          ],
          [
            114.1897555,
            22.3134584
          ],
          [
            114.1895576,
            22.3130196
          ],
          [
            114.1894131,
            22.3124534
          ]
        ]
      }
    },
    {
      "type": "Feature",
      "properties": {
        "footway": "sidewalk",
        "highway": "footway"
      },
      "geometry": {
        "type": "LineString",
        "coordinates": [
          [
            114.1909605,
            22.3164152
          ],
          [
            114.190992,
            22.3164159
          ],
          [
            114.1910288,
            22.316432
          ],
          [
            114.1911073,
            22.3165126
          ],
          [
            114.1918022,
            22.3172355
          ]
        ]
      }
    },
    {
      "type": "Feature",
      "properties": {
        "highway": "service",
        "layer": "-1",
        "oneway": "yes",
        "tunnel": "yes"
      },
      "geometry": {
        "type": "LineString",
        "coordinates": [
          [
            114.1893625,
            22.3202827
          ],
          [
            114.1894831,
            22.320233
          ],
          [
            114.1895204,
            22.3202176
          ],
          [
            114.1894227,
            22.3200231
          ],
          [
            114.1892675,
            22.3200921
          ]
        ]
      }
    },
    {
      "type": "Feature",
      "properties": {
        "highway": "service",
        "oneway": "yes"
      },
      "geometry": {
        "type": "LineString",
        "coordinates": [
          [
            114.1892675,
            22.3200921
          ],
          [
            114.1892533,
            22.3200982
          ],
          [
            114.1892068,
            22.3201181
          ]
        ]
      }
    },
    {
      "type": "Feature",
      "properties": {
        "footway": "sidewalk",
        "highway": "footway",
        "surface": "concrete"
      },
      "geometry": {
        "type": "LineString",
        "coordinates": [
          [
            114.191516,
            22.3157958
          ],
          [
            114.1914561,
            22.315733
          ],
          [
            114.1914285,
            22.3157056
          ],
          [
            114.1912262,
            22.3155046
          ],
          [
            114.1910666,
            22.315346
          ],
          [
            114.1910502,
            22.3153297
          ],
          [
            114.1910151,
            22.3152899
          ],
          [
            114.1909783,
            22.3152482
          ],
          [
            114.1909727,
            22.3152422
          ],
          [
            114.1907833,
            22.3150404
          ],
          [
            114.190749,
            22.3150049
          ],
          [
            114.1905844,
            22.3148208
          ],
          [
            114.1904735,
            22.3146119
          ],
          [
            114.1904769,
            22.3145763
          ],
          [
            114.1904918,
            22.3145431
          ],
          [
            114.1905158,
            22.3145053
          ],
          [
            114.1905441,
            22.3144786
          ],
          [
            114.1911096,
            22.3142916
          ],
          [
            114.1912009,
            22.3142503
          ],
          [
            114.1912775,
            22.3142001
          ],
          [
            114.1912866,
            22.3141941
          ],
          [
            114.1913612,
            22.3141257
          ],
          [
            114.1914229,
            22.3140471
          ],
          [
            114.19147,
            22.3139602
          ],
          [
            114.1915013,
            22.3138675
          ],
          [
            114.1915153,
            22.3137754
          ],
          [
            114.1915135,
            22.3136741
          ],
          [
            114.1914941,
            22.3135786
          ],
          [
            114.1914582,
            22.3134873
          ],
          [
            114.1914067,
            22.3134026
          ],
          [
            114.1913419,
            22.3133275
          ],
          [
            114.1910603,
            22.3130865
          ],
          [
            114.1909013,
            22.3129516
          ],
          [
            114.1908649,
            22.3128896
          ],
          [
            114.1907881,
            22.3127896
          ],
          [
            114.190737,
            22.312735
          ],
          [
            114.1906709,
            22.312604
          ],
          [
            114.1906402,
            22.3125286
          ],
          [
            114.190616,
            22.3124512
          ],
          [
            114.1905898,
            22.3123346
          ],
          [
            114.1905832,
            22.3123056
          ],
          [
            114.1905949,
            22.3122781
          ],
          [
            114.1906079,
            22.3122433
          ]
        ]
      }
    },
    {
      "type": "Feature",
      "properties": {
        "carriageway": "single",
        "highway": "unclassified",
        "lanes": "1",
        "name": "下鄉道 Ha Heung Road",
        "name:en": "Ha Heung Road",
        "name:zh": "下鄉道",
        "oneway": "yes",
        "sidewalk": "both"
      },
      "geometry": {
        "type": "LineString",
        "coordinates": [
          [
            114.1882639,
            22.315528
          ],
          [
            114.1882966,
            22.3155872
          ],
          [
            114.1886998,
            22.3164011
          ],
          [
            114.1887305,
            22.3164625
          ],
          [
            114.1888404,
            22.3166827
          ],
          [
            114.1889417,
            22.3168855
          ],
          [
            114.1889613,
            22.3169248
          ],
          [
            114.1889751,
            22.3169525
          ],
          [
            114.1889917,
            22.3169858
          ],
          [
            114.1890423,
            22.3170872
          ],
          [
            114.1895775,
            22.3181598
          ],
          [
            114.1895921,
            22.3181889
          ],
          [
            114.1896162,
            22.3182366
          ]
        ]
      }
    },
    {
      "type": "Feature",
      "properties": {
        "highway": "footway"
      },
      "geometry": {
        "type": "LineString",
        "coordinates": [
          [
            114.1829843,
            22.3141077
          ],
          [
            114.1830169,
            22.3139918
          ]
        ]
      }
    },
    {
      "type": "Feature",
      "properties": {
        "highway": "service"
      },
      "geometry": {
        "type": "LineString",
        "coordinates": [
          [
            114.1823246,
            22.3140026
          ],
          [
            114.1823134,
            22.3140455
          ],
          [
            114.1821405,
            22.3146807
          ],
          [
            114.1821192,
            22.3148224
          ],
          [
            114.1821221,
            22.3149349
          ],
          [
            114.1821234,
            22.3150397
          ],
          [
            114.1819218,
            22.3158663
          ]
        ]
      }
    },
    {
      "type": "Feature",
      "properties": {
        "highway": "service"
      },
      "geometry": {
        "type": "LineString",
        "coordinates": [
          [
            114.1783284,
            22.3147185
          ],
          [
            114.1784591,
            22.3148088
          ]
        ]
      }
    },
    {
      "type": "Feature",
      "properties": {
        "covered": "yes",
        "highway": "footway"
      },
      "geometry": {
        "type": "LineString",
        "coordinates": [
          [
            114.180468,
            22.3240819
          ],
          [
            114.1804599,
            22.3240751
          ],
          [
            114.1804554,
            22.3240713
          ],
          [
            114.1803322,
            22.3239651
          ],
          [
            114.1803271,
            22.3239607
          ]
        ]
      }
    },
    {
      "type": "Feature",
      "properties": {
        "bridge": "yes",
        "covered": "yes",
        "highway": "footway",
        "incline": "up",
        "layer": "1",
        "start_date": "1970-03..1971"
      },
      "geometry": {
        "type": "LineString",
        "coordinates": [
          [
            114.1796894,
            22.322583
          ],
          [
            114.1797028,
            22.3226113
          ],
          [
            114.1797074,
            22.3226952
          ]
        ]
      }
    },
    {
      "type": "Feature",
      "properties": {
        "covered": "no",
        "highway": "footway"
      },
      "geometry": {
        "type": "LineString",
        "coordinates": [
          [
            114.179724,
            22.3225755
          ],
          [
            114.1797632,
            22.3225183
          ]
        ]
      }
    },
    {
      "type": "Feature",
      "properties": {
        "covered": "yes",
        "highway": "footway",
        "layer": "-1",
        "tunnel": "yes"
      },
      "geometry": {
        "type": "LineString",
        "coordinates": [
          [
            114.1797074,
            22.3226952
          ],
          [
            114.1797163,
            22.3228235
          ]
        ]
      }
    },
    {
      "type": "Feature",
      "properties": {
        "highway": "footway"
      },
      "geometry": {
        "type": "LineString",
        "coordinates": [
          [
            114.1797163,
            22.3228235
          ],
          [
            114.1797178,
            22.3228461
          ],
          [
            114.1797238,
            22.3229324
          ]
        ]
      }
    },
    {
      "type": "Feature",
      "properties": {
        "bridge": "yes",
        "highway": "footway",
        "layer": "1"
      },
      "geometry": {
        "type": "LineString",
        "coordinates": [
          [
            114.1794246,
            22.3233585
          ],
          [
            114.1794331,
            22.3234902
          ]
        ]
      }
    },
    {
      "type": "Feature",
      "properties": {
        "covered": "yes",
        "handrail:left": "yes",
        "highway": "steps",
        "incline": "up",
        "start_date": "1970-03..1971",
        "wheelchair": "no"
      },
      "geometry": {
        "type": "LineString",
        "coordinates": [
          [
            114.179724,
            22.3225755
          ],
          [
            114.1796816,
            22.322621
          ],
          [
            114.1796631,
            22.3226337
          ],
          [
            114.179651,
            22.3226359
          ],
          [
            114.1796303,
            22.322635
          ],
          [
            114.1796081,
            22.3226285
          ],
          [
            114.179583,
            22.3226158
          ],
          [
            114.1795568,
            22.3225962
          ],
          [
            114.1795428,
            22.3225726
          ],
          [
            114.1795421,
            22.3225509
          ],
          [
            114.1795575,
            22.322537
          ],
          [
            114.1795816,
            22.3225354
          ],
          [
            114.1796091,
            22.3225385
          ],
          [
            114.179635,
            22.3225466
          ],
          [
            114.1796661,
            22.3225627
          ],
          [
            114.1796894,
            22.322583
          ]
        ]
      }
    },
    {
      "type": "Feature",
      "properties": {
        "highway": "footway"
      },
      "geometry": {
        "type": "LineString",
        "coordinates": [
          [
            114.1797632,
            22.3225183
          ],
          [
            114.1797925,
            22.3224536
          ]
        ]
      }
    },
    {
      "type": "Feature",
      "properties": {
        "foot": "no",
        "highway": "service",
        "oneway": "yes",
        "surface": "concrete"
      },
      "geometry": {
        "type": "LineString",
        "coordinates": [
          [
            114.1798105,
            22.3225339
          ],
          [
            114.181107,
            22.3232276
          ],
          [
            114.1811626,
            22.3232629
          ],
          [
            114.1812918,
            22.3233337
          ],
          [
            114.1813517,
            22.3233403
          ],
          [
            114.1813683,
            22.3233452
          ],
          [
            114.1815144,
            22.323369
          ],
          [
            114.1827626,
            22.3238471
          ],
          [
            114.1830714,
            22.323969
          ],
          [
            114.1831579,
            22.3239952
          ],
          [
            114.1831914,
            22.3240053
          ],
          [
            114.1832462,
            22.3240216
          ],
          [
            114.1833032,
            22.3240213
          ],
          [
            114.1833604,
            22.324011
          ],
          [
            114.1834371,
            22.3239811
          ]
        ]
      }
    },
    {
      "type": "Feature",
      "properties": {
        "bridge": "yes",
        "foot": "no",
        "highway": "service",
        "layer": "1",
        "oneway": "yes",
        "surface": "concrete"
      },
      "geometry": {
        "type": "LineString",
        "coordinates": [
          [
            114.1797316,
            22.322494
          ],
          [
            114.1798105,
            22.3225339
          ]
        ]
      }
    },
    {
      "type": "Feature",
      "properties": {
        "footway": "sidewalk",
        "highway": "footway",
        "name": "亞皆老街 Argyle Street",
        "name:en": "Argyle Street",
        "name:zh": "亞皆老街"
      },
      "geometry": {
        "type": "LineString",
        "coordinates": [
          [
            114.1797925,
            22.3224536
          ],
          [
            114.179164,
            22.3221522
          ],
          [
            114.178973,
            22.3220632
          ],
          [
            114.1788716,
            22.3220409
          ],
          [
            114.1787766,
            22.3220202
          ],
          [
            114.1786202,
            22.3219262
          ],
          [
            114.1783816,
            22.3218306
          ],
          [
            114.1783339,
            22.3218178
          ]
        ]
      }
    },
    {
      "type": "Feature",
      "properties": {
        "footway": "sidewalk",
        "highway": "footway",
        "name": "亞皆老街 Argyle Street",
        "name:en": "Argyle Street",
        "name:zh": "亞皆老街",
        "surface": "paving_stones"
      },
      "geometry": {
        "type": "LineString",
        "coordinates": [
          [
            114.1797925,
            22.3224536
          ],
          [
            114.1799857,
            22.3225531
          ],
          [
            114.1802598,
            22.3226786
          ],
          [
            114.18042,
            22.3227837
          ],
          [
            114.1805622,
            22.3228414
          ],
          [
            114.1807131,
            22.3228854
          ],
          [
            114.1813861,
            22.3231612
          ]
        ]
      }
    },
    {
      "type": "Feature",
      "properties": {
        "crossing": "marked",
        "crossing:markings": "yes",
        "footway": "crossing",
        "highway": "footway"
      },
      "geometry": {
        "type": "LineString",
        "coordinates": [
          [
            114.1813263,
            22.3232775
          ],
          [
            114.1813555,
            22.3232862
          ],
          [
            114.1813517,
            22.3233403
          ],
          [
            114.1813504,
            22.3233747
          ]
        ]
      }
    },
    {
      "type": "Feature",
      "properties": {
        "highway": "service",
        "oneway": "yes"
      },
      "geometry": {
        "type": "LineString",
        "coordinates": [
          [
            114.1789701,
            22.3221236
          ],
          [
            114.1789677,
            22.3221823
          ],
          [
            114.1787001,
            22.3221997
          ],
          [
            114.1787241,
            22.3221041
          ],
          [
            114.1787766,
            22.3220202
          ],
          [
            114.1788444,
            22.321945
          ]
        ]
      }
    },
    {
      "type": "Feature",
      "properties": {
        "highway": "service"
      },
      "geometry": {
        "type": "LineString",
        "coordinates": [
          [
            114.1787001,
            22.3221997
          ],
          [
            114.1786939,
            22.3222774
          ]
        ]
      }
    },
    {
      "type": "Feature",
      "properties": {
        "footway": "link",
        "highway": "footway",
        "surface": "paved",
        "usage": "link",
        "virtual": "yes"
      },
      "geometry": {
        "type": "LineString",
        "coordinates": [
          [
            114.1782066,
            22.3173736
          ],
          [
            114.1782272,
            22.3173652
          ],
          [
            114.1782514,
            22.3173709
          ]
        ]
      }
    },
    {
      "type": "Feature",
      "properties": {
        "footway": "link",
        "highway": "footway",
        "usage": "link",
        "virtual": "yes"
      },
      "geometry": {
        "type": "LineString",
        "coordinates": [
          [
            114.1786449,
            22.3172289
          ],
          [
            114.1786551,
            22.317243
          ]
        ]
      }
    },
    {
      "type": "Feature",
      "properties": {
        "footway": "sidewalk",
        "highway": "footway",
        "street:name": "公主道 Princess Margaret Road",
        "street:name:en": "Princess Margaret Road",
        "street:name:zh": "公主道",
        "surface": "paved"
      },
      "geometry": {
        "type": "LineString",
        "coordinates": [
          [
            114.1783086,
            22.3172996
          ],
          [
            114.1784705,
            22.3176814
          ],
          [
            114.1785186,
            22.3177901
          ],
          [
            114.1785365,
            22.3178439
          ]
        ]
      }
    },
    {
      "type": "Feature",
      "properties": {
        "footway": "link",
        "highway": "footway",
        "surface": "paved",
        "usage": "link",
        "virtual": "yes"
      },
      "geometry": {
        "type": "LineString",
        "coordinates": [
          [
            114.1783051,
            22.3173466
          ],
          [
            114.1782913,
            22.3173212
          ]
        ]
      }
    },
    {
      "type": "Feature",
      "properties": {
        "crossing": "uncontrolled",
        "crossing:island": "yes",
        "footway": "island",
        "highway": "footway",
        "not:footway": "crossing"
      },
      "geometry": {
        "type": "LineString",
        "coordinates": [
          [
            114.1788044,
            22.3177417
          ],
          [
            114.178881,
            22.3178944
          ]
        ]
      }
    },
    {
      "type": "Feature",
      "properties": {
        "footway": "sidewalk",
        "highway": "footway",
        "name": "公主道 Princess Margaret Road",
        "name:en": "Princess Margaret Road",
        "name:zh": "公主道"
      },
      "geometry": {
        "type": "LineString",
        "coordinates": [
          [
            114.1789825,
            22.3178955
          ],
          [
            114.178968,
            22.3179289
          ],
          [
            114.1789563,
            22.3179676
          ],
          [
            114.1789543,
            22.3180012
          ],
          [
            114.1789784,
            22.3181068
          ]
        ]
      }
    },
    {
      "type": "Feature",
      "properties": {
        "footway": "link",
        "highway": "footway",
        "surface": "paved",
        "usage": "link",
        "virtual": "yes"
      },
      "geometry": {
        "type": "LineString",
        "coordinates": [
          [
            114.178578,
            22.317294
          ],
          [
            114.178592,
            22.3172884
          ]
        ]
      }
    },
    {
      "type": "Feature",
      "properties": {
        "crossing": "uncontrolled",
        "footway": "crossing",
        "highway": "footway",
        "not:crossing": "zebra",
        "road_marking": "yes"
      },
      "geometry": {
        "type": "LineString",
        "coordinates": [
          [
            114.1788044,
            22.3177417
          ],
          [
            114.1787857,
            22.3177041
          ],
          [
            114.1787666,
            22.3176639
          ]
        ]
      }
    },
    {
      "type": "Feature",
      "properties": {
        "crossing": "uncontrolled",
        "footway": "crossing",
        "highway": "footway",
        "not:crossing": "zebra",
        "road_marking": "yes"
      },
      "geometry": {
        "type": "LineString",
        "coordinates": [
          [
            114.178881,
            22.3178944
          ],
          [
            114.178915,
            22.317931
          ],
          [
            114.178946,
            22.317966
          ]
        ]
      }
    },
    {
      "type": "Feature",
      "properties": {
        "bridge": "yes",
        "footway": "sidewalk",
        "highway": "footway",
        "layer": "1",
        "street:name": "培正道 Pui Ching Road",
        "street:name:en": "Pui Ching Road",
        "street:name:zh": "培正道",
        "surface": "paved"
      },
      "geometry": {
        "type": "LineString",
        "coordinates": [
          [
            114.1786679,
            22.317284
          ],
          [
            114.1787675,
            22.3172437
          ]
        ]
      }
    },
    {
      "type": "Feature",
      "properties": {
        "footway": "sidewalk",
        "highway": "footway",
        "name": "佛光街 Fat Kwong Street",
        "name:en": "Fat Kwong Street",
        "name:zh": "佛光街"
      },
      "geometry": {
        "type": "LineString",
        "coordinates": [
          [
            114.1797605,
            22.3168615
          ],
          [
            114.1798911,
            22.3168038
          ],
          [
            114.1799363,
            22.3167844
          ],
          [
            114.1800207,
            22.3167228
          ],
          [
            114.1800325,
            22.3167175
          ],
          [
            114.1801036,
            22.3166853
          ],
          [
            114.1802687,
            22.3166227
          ],
          [
            114.1803957,
            22.316601
          ],
          [
            114.1805523,
            22.3165381
          ],
          [
            114.180662,
            22.3164591
          ],
          [
            114.180783,
            22.3163585
          ]
        ]
      }
    },
    {
      "type": "Feature",
      "properties": {
        "highway": "footway"
      },
      "geometry": {
        "type": "LineString",
        "coordinates": [
          [
            114.1790145,
            22.317153
          ],
          [
            114.1790034,
            22.3171277
          ],
          [
            114.1786888,
            22.3172466
          ],
          [
            114.1786551,
            22.317243
          ],
          [
            114.1785699,
            22.3172776
          ]
        ]
      }
    },
    {
      "type": "Feature",
      "properties": {
        "crossing": "marked",
        "crossing:markings": "yes",
        "footway": "crossing",
        "highway": "footway"
      },
      "geometry": {
        "type": "LineString",
        "coordinates": [
          [
            114.1798911,
            22.3168038
          ],
          [
            114.1799212,
            22.316863
          ],
          [
            114.1799582,
            22.3169356
          ],
          [
            114.1799818,
            22.3169819
          ]
        ]
      }
    },
    {
      "type": "Feature",
      "properties": {
        "footway": "sidewalk",
        "highway": "footway"
      },
      "geometry": {
        "type": "LineString",
        "coordinates": [
          [
            114.1812703,
            22.3192716
          ],
          [
            114.1813228,
            22.3192659
          ],
          [
            114.181362,
            22.3192501
          ],
          [
            114.1816126,
            22.3190793
          ],
          [
            114.1816786,
            22.3190012
          ],
          [
            114.1817422,
            22.3188983
          ],
          [
            114.1817716,
            22.3187399
          ],
          [
            114.1817422,
            22.3185793
          ],
          [
            114.1817068,
            22.3184968
          ],
          [
            114.1815172,
            22.3182524
          ],
          [
            114.1814799,
            22.3182752
          ],
          [
            114.1814288,
            22.3183073
          ],
          [
            114.1812105,
            22.3179969
          ],
          [
            114.1811101,
            22.3180555
          ],
          [
            114.1810512,
            22.3179775
          ]
        ]
      }
    },
    {
      "type": "Feature",
      "properties": {
        "bridge": "yes",
        "highway": "footway",
        "layer": "1"
      },
      "geometry": {
        "type": "LineString",
        "coordinates": [
          [
            114.1802231,
            22.3176265
          ],
          [
            114.1800244,
            22.3177161
          ],
          [
            114.1799965,
            22.3177287
          ]
        ]
      }
    },
    {
      "type": "Feature",
      "properties": {
        "highway": "steps"
      },
      "geometry": {
        "type": "LineString",
        "coordinates": [
          [
            114.1802489,
            22.3176147
          ],
          [
            114.1802317,
            22.317581
          ],
          [
            114.180205,
            22.317594
          ],
          [
            114.1802231,
            22.3176265
          ]
        ]
      }
    },
    {
      "type": "Feature",
      "properties": {
        "highway": "footway"
      },
      "geometry": {
        "type": "LineString",
        "coordinates": [
          [
            114.1808488,
            22.318298
          ],
          [
            114.1808319,
            22.3183082
          ],
          [
            114.1806854,
            22.3183906
          ]
        ]
      }
    },
    {
      "type": "Feature",
      "properties": {
        "highway": "steps"
      },
      "geometry": {
        "type": "LineString",
        "coordinates": [
          [
            114.1806854,
            22.3183906
          ],
          [
            114.1806915,
            22.3184007
          ],
          [
            114.1807172,
            22.3183866
          ],
          [
            114.180727,
            22.318399
          ],
          [
            114.1806964,
            22.3184182
          ]
        ]
      }
    },
    {
      "type": "Feature",
      "properties": {
        "highway": "footway"
      },
      "geometry": {
        "type": "LineString",
        "coordinates": [
          [
            114.1806964,
            22.3184182
          ],
          [
            114.1806606,
            22.3184357
          ]
        ]
      }
    },
    {
      "type": "Feature",
      "properties": {
        "footway": "sidewalk",
        "highway": "footway"
      },
      "geometry": {
        "type": "LineString",
        "coordinates": [
          [
            114.1810644,
            22.3193149
          ],
          [
            114.1807531,
            22.3188177
          ],
          [
            114.1806048,
            22.3185777
          ],
          [
            114.180123,
            22.3177548
          ]
        ]
      }
    },
    {
      "type": "Feature",
      "properties": {
        "footway": "sidewalk",
        "highway": "footway"
      },
      "geometry": {
        "type": "LineString",
        "coordinates": [
          [
            114.1810512,
            22.3179775
          ],
          [
            114.1811643,
            22.3179136
          ],
          [
            114.1813728,
            22.3177956
          ]
        ]
      }
    },
    {
      "type": "Feature",
      "properties": {
        "highway": "steps"
      },
      "geometry": {
        "type": "LineString",
        "coordinates": [
          [
            114.1813728,
            22.3177956
          ],
          [
            114.1813419,
            22.3177456
          ]
        ]
      }
    },
    {
      "type": "Feature",
      "properties": {
        "highway": "footway"
      },
      "geometry": {
        "type": "LineString",
        "coordinates": [
          [
            114.1811643,
            22.3179136
          ],
          [
            114.1811346,
            22.3178697
          ],
          [
            114.1813419,
            22.3177456
          ]
        ]
      }
    },
    {
      "type": "Feature",
      "properties": {
        "footway": "sidewalk",
        "highway": "footway"
      },
      "geometry": {
        "type": "LineString",
        "coordinates": [
          [
            114.1813728,
            22.3177956
          ],
          [
            114.1813998,
            22.3178105
          ],
          [
            114.1816153,
            22.3181819
          ],
          [
            114.1816824,
            22.3182806
          ]
        ]
      }
    },
    {
      "type": "Feature",
      "properties": {
        "highway": "footway"
      },
      "geometry": {
        "type": "LineString",
        "coordinates": [
          [
            114.1814288,
            22.3183073
          ],
          [
            114.1810069,
            22.3185509
          ],
          [
            114.1808319,
            22.3183082
          ]
        ]
      }
    },
    {
      "type": "Feature",
      "properties": {
        "highway": "footway"
      },
      "geometry": {
        "type": "LineString",
        "coordinates": [
          [
            114.1813419,
            22.3177456
          ],
          [
            114.1813256,
            22.3177221
          ]
        ]
      }
    },
    {
      "type": "Feature",
      "properties": {
        "footway": "sidewalk",
        "highway": "footway"
      },
      "geometry": {
        "type": "LineString",
        "coordinates": [
          [
            114.1812703,
            22.317719
          ],
          [
            114.1813091,
            22.3176878
          ],
          [
            114.1813377,
            22.3176628
          ],
          [
            114.1813502,
            22.3176566
          ],
          [
            114.1813642,
            22.3176532
          ],
          [
            114.1813889,
            22.317652
          ],
          [
            114.181434,
            22.3176542
          ],
          [
            114.1814604,
            22.317651
          ],
          [
            114.1814852,
            22.3176431
          ],
          [
            114.1815101,
            22.3176284
          ],
          [
            114.1817014,
            22.3174633
          ],
          [
            114.1817224,
            22.3174405
          ],
          [
            114.1817377,
            22.3174158
          ],
          [
            114.1817508,
            22.3173875
          ],
          [
            114.1817741,
            22.317306
          ],
          [
            114.1817827,
            22.3172876
          ],
          [
            114.1817969,
            22.3172709
          ],
          [
            114.1819252,
            22.3171656
          ],
          [
            114.1819486,
            22.3171428
          ],
          [
            114.1819833,
            22.317109
          ],
          [
            114.1820348,
            22.317048
          ],
          [
            114.1820592,
            22.317015
          ]
        ]
      }
    },
    {
      "type": "Feature",
      "properties": {
        "highway": "footway"
      },
      "geometry": {
        "type": "LineString",
        "coordinates": [
          [
            114.1820592,
            22.317015
          ],
          [
            114.182091,
            22.3169666
          ],
          [
            114.1821485,
            22.3168792
          ],
          [
            114.1821901,
            22.3167489
          ]
        ]
      }
    },
    {
      "type": "Feature",
      "properties": {
        "crossing": "marked",
        "crossing:markings": "yes",
        "footway": "crossing",
        "highway": "footway"
      },
      "geometry": {
        "type": "LineString",
        "coordinates": [
          [
            114.1821485,
            22.3168792
          ],
          [
            114.1820946,
            22.3168382
          ],
          [
            114.1820324,
            22.316791
          ]
        ]
      }
    },
    {
      "type": "Feature",
      "properties": {
        "footway": "sidewalk",
        "highway": "footway",
        "name": "常富街 Sheung Foo Street",
        "name:en": "Sheung Foo Street",
        "name:zh": "常富街",
        "surface": "paving_stones"
      },
      "geometry": {
        "type": "LineString",
        "coordinates": [
          [
            114.1816326,
            22.3164556
          ],
          [
            114.1815887,
            22.3164104
          ],
          [
            114.1814661,
            22.3163313
          ],
          [
            114.181362,
            22.3162231
          ],
          [
            114.1813564,
            22.3162179
          ],
          [
            114.1813409,
            22.3161805
          ]
        ]
      }
    },
    {
      "type": "Feature",
      "properties": {
        "crossing": "traffic_signals",
        "crossing:island": "yes",
        "crossing:staggered": "yes",
        "highway": "footway",
        "ref": "K609",
        "traffic_signals:ref": "K609"
      },
      "geometry": {
        "type": "LineString",
        "coordinates": [
          [
            114.1813886,
            22.3160373
          ],
          [
            114.1813207,
            22.3160069
          ],
          [
            114.1812467,
            22.3159733
          ],
          [
            114.1812229,
            22.3160194
          ],
          [
            114.1811706,
            22.3159948
          ],
          [
            114.1811075,
            22.315963
          ]
        ]
      }
    },
    {
      "type": "Feature",
      "properties": {
        "highway": "footway"
      },
      "geometry": {
        "type": "LineString",
        "coordinates": [
          [
            114.1809247,
            22.3160977
          ],
          [
            114.1808446,
            22.3160126
          ],
          [
            114.1806471,
            22.3158027
          ]
        ]
      }
    },
    {
      "type": "Feature",
      "properties": {
        "highway": "service",
        "motor_vehicle": "private"
      },
      "geometry": {
        "type": "LineString",
        "coordinates": [
          [
            114.1808982,
            22.3149508
          ],
          [
            114.180837,
            22.3150112
          ],
          [
            114.1808153,
            22.3150327
          ],
          [
            114.1807999,
            22.315048
          ],
          [
            114.1807352,
            22.3153216
          ],
          [
            114.1807402,
            22.3153363
          ],
          [
            114.1807445,
            22.315349
          ],
          [
            114.1807623,
            22.3154012
          ]
        ]
      }
    },
    {
      "type": "Feature",
      "properties": {
        "crossing": "marked",
        "crossing:markings": "yes",
        "footway": "crossing",
        "highway": "footway"
      },
      "geometry": {
        "type": "LineString",
        "coordinates": [
          [
            114.1806471,
            22.3158027
          ],
          [
            114.1806113,
            22.3157719
          ],
          [
            114.1805872,
            22.3157512
          ]
        ]
      }
    },
    {
      "type": "Feature",
      "properties": {
        "highway": "footway"
      },
      "geometry": {
        "type": "LineString",
        "coordinates": [
          [
            114.1805872,
            22.3157512
          ],
          [
            114.1806659,
            22.3156225
          ],
          [
            114.1806912,
            22.3155719
          ],
          [
            114.1807165,
            22.3154562
          ],
          [
            114.180711,
            22.315366
          ],
          [
            114.1807094,
            22.3153393
          ],
          [
            114.180774,
            22.3150469
          ],
          [
            114.180824,
            22.3149821
          ],
          [
            114.180833,
            22.3149703
          ],
          [
            114.1809061,
            22.3146792
          ],
          [
            114.180908,
            22.3146193
          ],
          [
            114.1808984,
            22.3145779
          ],
          [
            114.1808677,
            22.3145525
          ]
        ]
      }
    },
    {
      "type": "Feature",
      "properties": {
        "highway": "footway"
      },
      "geometry": {
        "type": "LineString",
        "coordinates": [
          [
            114.180824,
            22.3149821
          ],
          [
            114.1808153,
            22.3150327
          ],
          [
            114.1808103,
            22.3150617
          ],
          [
            114.1807507,
            22.3153256
          ],
          [
            114.1807402,
            22.3153363
          ],
          [
            114.180711,
            22.315366
          ]
        ]
      }
    },
    {
      "type": "Feature",
      "properties": {
        "footway": "sidewalk",
        "highway": "footway",
        "name": "佛光街 Fat Kwong Street",
        "name:en": "Fat Kwong Street",
        "name:zh": "佛光街"
      },
      "geometry": {
        "type": "LineString",
        "coordinates": [
          [
            114.1811075,
            22.315963
          ],
          [
            114.1810434,
            22.3160468
          ],
          [
            114.1810076,
            22.3161051
          ],
          [
            114.180783,
            22.3163585
          ]
        ]
      }
    },
    {
      "type": "Feature",
      "properties": {
        "highway": "footway"
      },
      "geometry": {
        "type": "LineString",
        "coordinates": [
          [
            114.1806471,
            22.3158027
          ],
          [
            114.1806643,
            22.3157613
          ],
          [
            114.1807457,
            22.3156451
          ],
          [
            114.1808873,
            22.3150884
          ],
          [
            114.1809333,
            22.314982
          ],
          [
            114.1810271,
            22.3146022
          ],
          [
            114.1810482,
            22.3145213
          ]
        ]
      }
    },
    {
      "type": "Feature",
      "properties": {
        "footway": "sidewalk",
        "highway": "footway",
        "name": "佛光街 Fat Kwong Street",
        "name:en": "Fat Kwong Street",
        "name:zh": "佛光街"
      },
      "geometry": {
        "type": "LineString",
        "coordinates": [
          [
            114.1811075,
            22.315963
          ],
          [
            114.1811767,
            22.315846
          ],
          [
            114.1811814,
            22.3157222
          ],
          [
            114.1812522,
            22.3154884
          ],
          [
            114.1813091,
            22.3154196
          ],
          [
            114.181326,
            22.3153258
          ],
          [
            114.1813702,
            22.3150614
          ],
          [
            114.1814672,
            22.31469
          ],
          [
            114.1814593,
            22.3146191
          ]
        ]
      }
    },
    {
      "type": "Feature",
      "properties": {
        "footway": "sidewalk",
        "highway": "footway",
        "name": "亞皆老街 Argyle Street",
        "name:en": "Argyle Street",
        "name:zh": "亞皆老街"
      },
      "geometry": {
        "type": "LineString",
        "coordinates": [
          [
            114.1773534,
            22.3208626
          ],
          [
            114.1774218,
            22.3209461
          ],
          [
            114.1775077,
            22.3210143
          ],
          [
            114.1780749,
            22.3213307
          ],
          [
            114.1781045,
            22.3213392
          ],
          [
            114.178113,
            22.3213396
          ]
        ]
      }
    },
    {
      "type": "Feature",
      "properties": {
        "colour": "yellow",
        "crossing": "traffic_signals",
        "footway": "crossing",
        "highway": "footway",
        "road_marking": "zebra"
      },
      "geometry": {
        "type": "LineString",
        "coordinates": [
          [
            114.1781646,
            22.3213608
          ],
          [
            114.1781431,
            22.3213518
          ],
          [
            114.1781312,
            22.3213461
          ]
        ]
      }
    },
    {
      "type": "Feature",
      "properties": {
        "highway": "unclassified",
        "lanes": "2",
        "name": "落山道 Lok Shan Road",
        "name:en": "Lok Shan Road",
        "name:zh": "落山道",
        "sidewalk": "both",
        "surface": "asphalt"
      },
      "geometry": {
        "type": "LineString",
        "coordinates": [
          [
            114.1884301,
            22.3174061
          ],
          [
            114.188324,
            22.3174812
          ],
          [
            114.1880773,
            22.3176685
          ],
          [
            114.1880281,
            22.3177384
          ],
          [
            114.1880241,
            22.3178079
          ]
        ]
      }
    },
    {
      "type": "Feature",
      "properties": {
        "carriageway": "dual",
        "highway": "unclassified",
        "name": "九龍城道 Kowloon City Road",
        "name:en": "Kowloon City Road",
        "name:zh": "九龍城道",
        "oneway": "yes",
        "sidewalk": "left"
      },
      "geometry": {
        "type": "LineString",
        "coordinates": [
          [
            114.1884301,
            22.3174061
          ],
          [
            114.1884657,
            22.3174773
          ],
          [
            114.1889591,
            22.3184643
          ],
          [
            114.1889813,
            22.3185086
          ]
        ]
      }
    },
    {
      "type": "Feature",
      "properties": {
        "highway": "unclassified",
        "name": "旭日街 Yuk Yat Street",
        "name:en": "Yuk Yat Street",
        "name:zh": "旭日街"
      },
      "geometry": {
        "type": "LineString",
        "coordinates": [
          [
            114.1909464,
            22.3152832
          ],
          [
            114.190987,
            22.3153246
          ],
          [
            114.1910356,
            22.3153742
          ],
          [
            114.1915733,
            22.315923
          ]
        ]
      }
    },
    {
      "type": "Feature",
      "properties": {
        "crossing": "traffic_signals",
        "crossing:island": "yes",
        "crossing:markings": "zebra",
        "crossing:markings:colour": "yellow",
        "crossing:staggered": "separate",
        "footway": "crossing",
        "highway": "footway",
        "surface": "paved",
        "traffic_signals": "signal",
        "traffic_signals:ref": "K030"
      },
      "geometry": {
        "type": "LineString",
        "coordinates": [
          [
            114.1874524,
            22.3140207
          ],
          [
            114.1874219,
            22.3140304
          ],
          [
            114.187384,
            22.3140425
          ]
        ]
      }
    },
    {
      "type": "Feature",
      "properties": {
        "highway": "footway"
      },
      "geometry": {
        "type": "LineString",
        "coordinates": [
          [
            114.190749,
            22.3150049
          ],
          [
            114.1907719,
            22.3149849
          ],
          [
            114.1908289,
            22.3149354
          ],
          [
            114.1908399,
            22.3149259
          ],
          [
            114.1908517,
            22.3149166
          ],
          [
            114.1908647,
            22.3149087
          ],
          [
            114.1908786,
            22.3149023
          ],
          [
            114.1908932,
            22.3148976
          ],
          [
            114.1909083,
            22.3148945
          ],
          [
            114.1909238,
            22.3148932
          ],
          [
            114.1913581,
            22.3148759
          ],
          [
            114.1915059,
            22.31487
          ]
        ]
      }
    },
    {
      "type": "Feature",
      "properties": {
        "highway": "service"
      },
      "geometry": {
        "type": "LineString",
        "coordinates": [
          [
            114.1822779,
            22.3138985
          ],
          [
            114.1823049,
            22.3139282
          ],
          [
            114.182321,
            22.3139643
          ],
          [
            114.1823246,
            22.3140026
          ]
        ]
      }
    },
    {
      "type": "Feature",
      "properties": {
        "footway": "sidewalk",
        "highway": "footway",
        "name": "佛光街 Fat Kwong Street",
        "name:en": "Fat Kwong Street",
        "name:zh": "佛光街"
      },
      "geometry": {
        "type": "LineString",
        "coordinates": [
          [
            114.1813409,
            22.3161805
          ],
          [
            114.1813467,
            22.3161432
          ],
          [
            114.1813886,
            22.3160373
          ],
          [
            114.1814345,
            22.3159068
          ],
          [
            114.1815208,
            22.3157588
          ],
          [
            114.1816037,
            22.3154561
          ],
          [
            114.1815987,
            22.3152959
          ],
          [
            114.1816468,
            22.3149203
          ],
          [
            114.1817074,
            22.3146138
          ],
          [
            114.1817542,
            22.3144339
          ],
          [
            114.1817847,
            22.3142982
          ],
          [
            114.181902,
            22.3138269
          ],
          [
            114.1819283,
            22.3137974
          ],
          [
            114.1819554,
            22.3137788
          ],
          [
            114.1819859,
            22.31376
          ],
          [
            114.1820103,
            22.3137488
          ]
        ]
      }
    },
    {
      "type": "Feature",
      "properties": {
        "footway": "sidewalk",
        "highway": "footway",
        "name": "忠孝街 Chung Hau Street",
        "name:en": "Chung Hau Street",
        "name:zh": "忠孝街",
        "surface": "paving_stones"
      },
      "geometry": {
        "type": "LineString",
        "coordinates": [
          [
            114.1814593,
            22.3146191
          ],
          [
            114.1814357,
            22.3145803
          ]
        ]
      }
    },
    {
      "type": "Feature",
      "properties": {
        "highway": "service",
        "lanes": "2"
      },
      "geometry": {
        "type": "LineString",
        "coordinates": [
          [
            114.183663,
            22.3152092
          ],
          [
            114.1836303,
            22.315166
          ],
          [
            114.1836116,
            22.3151408
          ]
        ]
      }
    },
    {
      "type": "Feature",
      "properties": {
        "access": "private",
        "covered": "yes",
        "highway": "service",
        "lanes": "2",
        "layer": "-1",
        "level": "0",
        "location": "surface"
      },
      "geometry": {
        "type": "LineString",
        "coordinates": [
          [
            114.1835844,
            22.3151057
          ],
          [
            114.183511,
            22.3150083
          ],
          [
            114.1834959,
            22.3149861
          ],
          [
            114.1834947,
            22.3149827
          ]
        ]
      }
    },
    {
      "type": "Feature",
      "properties": {
        "access": "private",
        "highway": "service",
        "lanes": "2"
      },
      "geometry": {
        "type": "LineString",
        "coordinates": [
          [
            114.1834947,
            22.3149827
          ],
          [
            114.1834871,
            22.3149612
          ],
          [
            114.1834851,
            22.3149351
          ],
          [
            114.1834912,
            22.3149062
          ],
          [
            114.1835057,
            22.3148799
          ],
          [
            114.1835274,
            22.3148582
          ],
          [
            114.1838026,
            22.3146783
          ],
          [
            114.1838298,
            22.3146561
          ],
          [
            114.1838522,
            22.3146297
          ],
          [
            114.1838692,
            22.3146
          ],
          [
            114.1839411,
            22.3144333
          ]
        ]
      }
    },
    {
      "type": "Feature",
      "properties": {
        "highway": "unclassified",
        "lanes": "2",
        "motor_vehicle:conditional": "no @ ((learner) AND (Mo-Sa 07:30 - 19:30))",
        "name": "常樂街 Sheung Lok Street",
        "name:en": "Sheung Lok Street",
        "name:zh": "常樂街",
        "surface": "asphalt"
      },
      "geometry": {
        "type": "LineString",
        "coordinates": [
          [
            114.183607,
            22.3152684
          ],
          [
            114.1835106,
            22.3153911
          ],
          [
            114.1834288,
            22.3156008
          ],
          [
            114.1833661,
            22.3158265
          ],
          [
            114.1832108,
            22.3164239
          ],
          [
            114.1830077,
            22.317205
          ],
          [
            114.1829586,
            22.3174039
          ],
          [
            114.182937,
            22.3174913
          ],
          [
            114.1829029,
            22.3176292
          ],
          [
            114.1828573,
            22.3177462
          ],
          [
            114.1826818,
            22.318196
          ],
          [
            114.1825385,
            22.3185625
          ],
          [
            114.1824707,
            22.3187924
          ],
          [
            114.1824153,
            22.3189799
          ]
        ]
      }
    },
    {
      "type": "Feature",
      "properties": {
        "bridge": "yes",
        "highway": "footway",
        "layer": "1"
      },
      "geometry": {
        "type": "LineString",
        "coordinates": [
          [
            114.1834938,
            22.3234838
          ],
          [
            114.1834398,
            22.32359
          ]
        ]
      }
    },
    {
      "type": "Feature",
      "properties": {
        "access": "private",
        "bicycle": "no",
        "foot": "no",
        "hazmat:HK:1": "no",
        "hazmat:HK:2": "no",
        "hazmat:HK:3": "no",
        "hazmat:HK:3A": "no",
        "hazmat:HK:5": "no",
        "highway": "service",
        "lanes": "1",
        "lanes:unmarked": "1",
        "maxheight": "4.6",
        "motor_vehicle:conditional": "no @ (hazmat:HK:1; hazmat:HK:2; hazmat:HK:3; hazmat:HK:3A; hazmat:HK:5); no @ (learner)",
        "motorroad": "yes",
        "oneway": "yes"
      },
      "geometry": {
        "type": "LineString",
        "coordinates": [
          [
            114.1905482,
            22.3205762
          ],
          [
            114.1905042,
            22.3205465
          ],
          [
            114.1904729,
            22.3205208
          ],
          [
            114.1904468,
            22.3204892
          ],
          [
            114.1904276,
            22.3204596
          ],
          [
            114.1903693,
            22.3202932
          ],
          [
            114.1903263,
            22.3201896
          ],
          [
            114.1903016,
            22.3201301
          ],
          [
            114.1902535,
            22.3200127
          ]
        ]
      }
    },
    {
      "type": "Feature",
      "properties": {
        "foot": "use_sidepath",
        "foot:conditional": "yes @ (sidewalk)",
        "from:motorroad": "yes",
        "hazmat:HK:1": "no",
        "hazmat:HK:2": "no",
        "hazmat:HK:3": "no",
        "hazmat:HK:3A": "no",
        "hazmat:HK:5": "no",
        "highway": "secondary",
        "lanes": "1",
        "maxheight": "4.6",
        "maxspeed": "70",
        "motor_vehicle:conditional": "no @ (hazmat:HK:1; hazmat:HK:2; hazmat:HK:3; hazmat:HK:3A; hazmat:HK:5); no @ (learner)",
        "motorroad": "yes",
        "motorway": "no",
        "name": "新山道 San Shan Road",
        "name:en": "San Shan Road",
        "name:zh": "新山道",
        "oneway": "yes",
        "shoulder": "no",
        "surface": "concrete"
      },
      "geometry": {
        "type": "LineString",
        "coordinates": [
          [
            114.19055,
            22.3207866
          ],
          [
            114.190562,
            22.3207053
          ],
          [
            114.1905998,
            22.3205899
          ]
        ]
      }
    },
    {
      "type": "Feature",
      "properties": {
        "alt_name": "東九龍高架公路 East Kowloon Way",
        "alt_name:en": "East Kowloon Way",
        "alt_name:zh": "東九龍高架公路",
        "bicycle": "no",
        "foot": "no",
        "hazmat:HK:1": "no",
        "hazmat:HK:2": "no",
        "hazmat:HK:3": "no",
        "hazmat:HK:3A": "no",
        "hazmat:HK:5": "no",
        "highway": "trunk",
        "lanes": "2",
        "maxheight": "4.6",
        "maxspeed": "70",
        "motor_vehicle:conditional": "no @ (hazmat:HK:1; hazmat:HK:2; hazmat:HK:3; hazmat:HK:3A; hazmat:HK:5); no @ (learner)",
        "motorroad": "yes",
        "motorway": "no",
        "name": "東九龍走廊 East Kowloon Corridor",
        "name:en": "East Kowloon Corridor",
        "name:zh": "東九龍走廊",
        "network": "HK",
        "network:area": "national",
        "network:guid": "HK",
        "network:name": "香港主要幹線 Hong Kong Strategic Routes",
        "network:name:en": "Hong Kong Strategic Routes",
        "network:name:zh": "香港主要幹線",
        "network:wikidata": "Q115916223",
        "noaddress": "yes",
        "oneway": "yes",
        "ref": "5",
        "shoulder": "no",
        "street:noname": "yes",
        "supervised": "yes",
        "surface": "asphalt",
        "surveillance": "yes",
        "traffic_signals": "lane"
      },
      "geometry": {
        "type": "LineString",
        "coordinates": [
          [
            114.1904543,
            22.3208052
          ],
          [
            114.1903972,
            22.3206396
          ],
          [
            114.1903526,
            22.3205182
          ],
          [
            114.1903163,
            22.320426
          ],
          [
            114.1902651,
            22.3203165
          ],
          [
            114.1902061,
            22.3202006
          ],
          [
            114.1901426,
            22.3200833
          ],
          [
            114.1900662,
            22.3199608
          ],
          [
            114.1899777,
            22.3198243
          ],
          [
            114.1899061,
            22.3197211
          ]
        ]
      }
    },
    {
      "type": "Feature",
      "properties": {
        "access": "no",
        "cutting": "yes",
        "highway": "service",
        "lanes": "1",
        "oneway": "yes",
        "service": "emergency_access"
      },
      "geometry": {
        "type": "LineString",
        "coordinates": [
          [
            114.1894931,
            22.3193626
          ],
          [
            114.1897733,
            22.3198416
          ]
        ]
      }
    },
    {
      "type": "Feature",
      "properties": {
        "highway": "service",
        "lanes": "1",
        "oneway": "no"
      },
      "geometry": {
        "type": "LineString",
        "coordinates": [
          [
            114.1796652,
            22.3220334
          ],
          [
            114.1796581,
            22.3220566
          ],
          [
            114.1796158,
            22.3221266
          ]
        ]
      }
    },
    {
      "type": "Feature",
      "properties": {
        "highway": "service",
        "lanes": "1",
        "oneway": "no"
      },
      "geometry": {
        "type": "LineString",
        "coordinates": [
          [
            114.1798234,
            22.3222281
          ],
          [
            114.1798662,
            22.3221464
          ],
          [
            114.1798762,
            22.322127
          ]
        ]
      }
    },
    {
      "type": "Feature",
      "properties": {
        "highway": "service",
        "lanes": "1",
        "oneway": "no"
      },
      "geometry": {
        "type": "LineString",
        "coordinates": [
          [
            114.1793895,
            22.3219047
          ],
          [
            114.1793733,
            22.3219342
          ],
          [
            114.1793433,
            22.3219934
          ]
        ]
      }
    },
    {
      "type": "Feature",
      "properties": {
        "highway": "service",
        "lanes": "1",
        "oneway": "no"
      },
      "geometry": {
        "type": "LineString",
        "coordinates": [
          [
            114.1795376,
            22.3220884
          ],
          [
            114.1795773,
            22.3220219
          ],
          [
            114.179589,
            22.3219985
          ]
        ]
      }
    },
    {
      "type": "Feature",
      "properties": {
        "highway": "service",
        "lanes": "1",
        "oneway": "no"
      },
      "geometry": {
        "type": "LineString",
        "coordinates": [
          [
            114.1790411,
            22.3217693
          ],
          [
            114.1790352,
            22.32178
          ],
          [
            114.1790244,
            22.3217995
          ],
          [
            114.1790038,
            22.3218378
          ]
        ]
      }
    },
    {
      "type": "Feature",
      "properties": {
        "access": "private",
        "highway": "service",
        "lanes": "1",
        "oneway": "no",
        "operator:ownership": "private",
        "operator:type": "private",
        "ownership": "private"
      },
      "geometry": {
        "type": "LineString",
        "coordinates": [
          [
            114.1792312,
            22.3218579
          ],
          [
            114.1792446,
            22.3218336
          ],
          [
            114.179055,
            22.321744
          ],
          [
            114.1790411,
            22.3217693
          ]
        ]
      }
    },
    {
      "type": "Feature",
      "properties": {
        "highway": "service",
        "lanes": "1",
        "oneway": "no"
      },
      "geometry": {
        "type": "LineString",
        "coordinates": [
          [
            114.1787505,
            22.3216338
          ],
          [
            114.1787446,
            22.321643
          ],
          [
            114.1787064,
            22.3217079
          ]
        ]
      }
    },
    {
      "type": "Feature",
      "properties": {
        "highway": "service",
        "lanes": "1",
        "oneway": "no"
      },
      "geometry": {
        "type": "LineString",
        "coordinates": [
          [
            114.1789249,
            22.3218023
          ],
          [
            114.1789628,
            22.3217459
          ],
          [
            114.1789703,
            22.3217363
          ]
        ]
      }
    },
    {
      "type": "Feature",
      "properties": {
        "highway": "service",
        "lanes": "1",
        "oneway": "no"
      },
      "geometry": {
        "type": "LineString",
        "coordinates": [
          [
            114.1786436,
            22.3216816
          ],
          [
            114.1786782,
            22.3216249
          ],
          [
            114.1786701,
            22.3215963
          ]
        ]
      }
    },
    {
      "type": "Feature",
      "properties": {
        "access": "private",
        "highway": "service",
        "lanes": "1",
        "oneway": "no",
        "operator:ownership": "private",
        "operator:type": "private",
        "ownership": "private"
      },
      "geometry": {
        "type": "LineString",
        "coordinates": [
          [
            114.1794011,
            22.3218806
          ],
          [
            114.1794044,
            22.3218515
          ],
          [
            114.1795393,
            22.3216072
          ],
          [
            114.1795482,
            22.3216025
          ],
          [
            114.179559,
            22.3216034
          ],
          [
            114.1797644,
            22.3217029
          ],
          [
            114.179771,
            22.321713
          ],
          [
            114.1797695,
            22.3217237
          ],
          [
            114.1796536,
            22.3219292
          ],
          [
            114.1796194,
            22.3219857
          ]
        ]
      }
    },
    {
      "type": "Feature",
      "properties": {
        "access": "private",
        "highway": "service",
        "lanes": "1",
        "oneway": "no",
        "operator:ownership": "private",
        "operator:type": "private",
        "ownership": "private"
      },
      "geometry": {
        "type": "LineString",
        "coordinates": [
          [
            114.179055,
            22.321744
          ],
          [
            114.1790514,
            22.3217205
          ],
          [
            114.1792118,
            22.3214168
          ],
          [
            114.1794412,
            22.3215253
          ],
          [
            114.1792793,
            22.3218169
          ],
          [
            114.1792446,
            22.3218336
          ]
        ]
      }
    },
    {
      "type": "Feature",
      "properties": {
        "access": "private",
        "highway": "service",
        "lanes": "1",
        "oneway": "yes",
        "operator:ownership": "private",
        "operator:type": "private",
        "ownership": "private"
      },
      "geometry": {
        "type": "LineString",
        "coordinates": [
          [
            114.1796979,
            22.3219742
          ],
          [
            114.1797061,
            22.3219297
          ],
          [
            114.1798212,
            22.321711
          ],
          [
            114.179829,
            22.3217052
          ],
          [
            114.1798392,
            22.3217057
          ],
          [
            114.1800728,
            22.3218151
          ],
          [
            114.1800779,
            22.321821
          ],
          [
            114.1800771,
            22.3218327
          ],
          [
            114.1799446,
            22.322049
          ],
          [
            114.179906,
            22.3220697
          ]
        ]
      }
    },
    {
      "type": "Feature",
      "properties": {
        "access": "private",
        "highway": "service",
        "lanes": "1",
        "oneway": "no",
        "operator:ownership": "private",
        "operator:type": "private",
        "ownership": "private"
      },
      "geometry": {
        "type": "LineString",
        "coordinates": [
          [
            114.1787638,
            22.3216141
          ],
          [
            114.1787631,
            22.3215751
          ],
          [
            114.1788946,
            22.3213099
          ],
          [
            114.1791426,
            22.3214249
          ],
          [
            114.1789837,
            22.3217165
          ]
        ]
      }
    },
    {
      "type": "Feature",
      "properties": {
        "access": "private",
        "highway": "service",
        "lanes": "1",
        "oneway": "no",
        "operator:ownership": "private",
        "operator:type": "private",
        "ownership": "private"
      },
      "geometry": {
        "type": "LineString",
        "coordinates": [
          [
            114.1786701,
            22.3215963
          ],
          [
            114.1787028,
            22.3215818
          ],
          [
            114.1784721,
            22.3214615
          ],
          [
            114.1784265,
            22.3214274
          ],
          [
            114.1784278,
            22.3213865
          ],
          [
            114.1785733,
            22.3211638
          ],
          [
            114.1788442,
            22.3212903
          ],
          [
            114.1787017,
            22.3215529
          ],
          [
            114.1787028,
            22.3215818
          ]
        ]
      }
    },
    {
      "type": "Feature",
      "properties": {
        "access": "private",
        "highway": "service",
        "lanes": "1",
        "oneway": "no",
        "operator:ownership": "private",
        "operator:type": "private",
        "ownership": "private"
      },
      "geometry": {
        "type": "LineString",
        "coordinates": [
          [
            114.1789703,
            22.3217363
          ],
          [
            114.1789837,
            22.3217165
          ],
          [
            114.1787638,
            22.3216141
          ],
          [
            114.1787505,
            22.3216338
          ]
        ]
      }
    },
    {
      "type": "Feature",
      "properties": {
        "highway": "service",
        "lanes": "1",
        "oneway": "no"
      },
      "geometry": {
        "type": "LineString",
        "coordinates": [
          [
            114.1791953,
            22.321924
          ],
          [
            114.1792169,
            22.3218839
          ],
          [
            114.179225,
            22.3218691
          ],
          [
            114.1792312,
            22.3218579
          ]
        ]
      }
    },
    {
      "type": "Feature",
      "properties": {
        "access": "private",
        "highway": "service",
        "lanes": "1",
        "oneway": "no",
        "operator:ownership": "private",
        "operator:type": "private",
        "ownership": "private"
      },
      "geometry": {
        "type": "LineString",
        "coordinates": [
          [
            114.179589,
            22.3219985
          ],
          [
            114.1796194,
            22.3219857
          ],
          [
            114.1794011,
            22.3218806
          ],
          [
            114.1793895,
            22.3219047
          ]
        ]
      }
    },
    {
      "type": "Feature",
      "properties": {
        "footway": "sidewalk",
        "highway": "footway",
        "name": "窩打老道 Waterloo Road",
        "name:en": "Waterloo Road",
        "name:zh": "窩打老道"
      },
      "geometry": {
        "type": "LineString",
        "coordinates": [
          [
            114.178113,
            22.3213396
          ],
          [
            114.1781173,
            22.3213389
          ],
          [
            114.1781205,
            22.3213376
          ],
          [
            114.1781246,
            22.3213354
          ],
          [
            114.1781393,
            22.3213257
          ],
          [
            114.1783212,
            22.3210723
          ],
          [
            114.178378,
            22.3209932
          ]
        ]
      }
    },
    {
      "type": "Feature",
      "properties": {
        "footway": "sidewalk",
        "highway": "footway",
        "name": "窩打老道 Waterloo Road",
        "name:en": "Waterloo Road",
        "name:zh": "窩打老道"
      },
      "geometry": {
        "type": "LineString",
        "coordinates": [
          [
            114.1785808,
            22.3210699
          ],
          [
            114.1784504,
            22.3212467
          ],
          [
            114.178389,
            22.3213507
          ],
          [
            114.1783635,
            22.3213986
          ],
          [
            114.1783594,
            22.321424
          ],
          [
            114.1783591,
            22.3214313
          ],
          [
            114.1783593,
            22.3214418
          ],
          [
            114.1783623,
            22.3214487
          ],
          [
            114.1783655,
            22.3214535
          ]
        ]
      }
    },
    {
      "type": "Feature",
      "properties": {
        "footway": "sidewalk",
        "highway": "footway",
        "name": "窩打老道 Waterloo Road",
        "name:en": "Waterloo Road",
        "name:zh": "窩打老道"
      },
      "geometry": {
        "type": "LineString",
        "coordinates": [
          [
            114.1782602,
            22.321861
          ],
          [
            114.1782816,
            22.3218331
          ],
          [
            114.1783078,
            22.3218213
          ],
          [
            114.1783339,
            22.3218178
          ]
        ]
      }
    },
    {
      "type": "Feature",
      "properties": {
        "footway": "sidewalk",
        "highway": "footway",
        "name": "亞皆老街 Argyle Street",
        "name:en": "Argyle Street",
        "name:zh": "亞皆老街"
      },
      "geometry": {
        "type": "LineString",
        "coordinates": [
          [
            114.1799383,
            22.3221664
          ],
          [
            114.1798662,
            22.3221464
          ],
          [
            114.1796581,
            22.3220566
          ],
          [
            114.1795773,
            22.3220219
          ],
          [
            114.1793733,
            22.3219342
          ],
          [
            114.1793069,
            22.3219057
          ],
          [
            114.179225,
            22.3218691
          ],
          [
            114.179209,
            22.3218619
          ],
          [
            114.1790352,
            22.32178
          ],
          [
            114.1789628,
            22.3217459
          ],
          [
            114.1787446,
            22.321643
          ],
          [
            114.1786782,
            22.3216249
          ],
          [
            114.1784455,
            22.321502
          ],
          [
            114.1784272,
            22.3214934
          ],
          [
            114.1784104,
            22.3214864
          ],
          [
            114.1783846,
            22.3214733
          ],
          [
            114.1783737,
            22.3214628
          ],
          [
            114.1783655,
            22.3214535
          ]
        ]
      }
    },
    {
      "type": "Feature",
      "properties": {
        "highway": "footway"
      },
      "geometry": {
        "type": "LineString",
        "coordinates": [
          [
            114.1793069,
            22.3219057
          ],
          [
            114.1793214,
            22.3218798
          ]
        ]
      }
    },
    {
      "type": "Feature",
      "properties": {
        "highway": "footway"
      },
      "geometry": {
        "type": "LineString",
        "coordinates": [
          [
            114.1813799,
            22.3231716
          ],
          [
            114.1813861,
            22.3231612
          ]
        ]
      }
    },
    {
      "type": "Feature",
      "properties": {
        "highway": "footway"
      },
      "geometry": {
        "type": "LineString",
        "coordinates": [
          [
            114.1793214,
            22.3218798
          ],
          [
            114.1795393,
            22.3215033
          ]
        ]
      }
    },
    {
      "type": "Feature",
      "properties": {
        "access": "private",
        "highway": "service",
        "lanes": "1",
        "oneway": "no",
        "operator:ownership": "private",
        "operator:type": "private",
        "ownership": "private"
      },
      "geometry": {
        "type": "LineString",
        "coordinates": [
          [
            114.1798762,
            22.322127
          ],
          [
            114.179906,
            22.3220697
          ],
          [
            114.1796979,
            22.3219742
          ],
          [
            114.1796652,
            22.3220334
          ]
        ]
      }
    },
    {
      "type": "Feature",
      "properties": {
        "carriageway": "dual",
        "highway": "secondary",
        "lanes": "2",
        "name": "亞皆老街 Argyle Street",
        "name:en": "Argyle Street",
        "name:zh": "亞皆老街",
        "oneway": "yes",
        "sidewalk": "left",
        "surface": "concrete"
      },
      "geometry": {
        "type": "LineString",
        "coordinates": [
          [
            114.1805246,
            22.3225762
          ],
          [
            114.1803594,
            22.322477
          ],
          [
            114.1802732,
            22.3224345
          ],
          [
            114.1801619,
            22.3223845
          ],
          [
            114.1798981,
            22.3222647
          ]
        ]
      }
    },
    {
      "type": "Feature",
      "properties": {
        "access": "private",
        "highway": "footway",
        "operator:ownership": "private",
        "operator:type": "private",
        "ownership": "private"
      },
      "geometry": {
        "type": "LineString",
        "coordinates": [
          [
            114.1810088,
            22.3226723
          ],
          [
            114.1810779,
            22.3225508
          ]
        ]
      }
    },
    {
      "type": "Feature",
      "properties": {
        "highway": "footway"
      },
      "geometry": {
        "type": "LineString",
        "coordinates": [
          [
            114.180994,
            22.3226965
          ],
          [
            114.1810088,
            22.3226723
          ]
        ]
      }
    },
    {
      "type": "Feature",
      "properties": {
        "carriageway": "dual",
        "highway": "secondary",
        "lanes": "2",
        "name": "亞皆老街 Argyle Street",
        "name:en": "Argyle Street",
        "name:zh": "亞皆老街",
        "oneway": "yes",
        "sidewalk": "left",
        "surface": "concrete"
      },
      "geometry": {
        "type": "LineString",
        "coordinates": [
          [
            114.1788444,
            22.321945
          ],
          [
            114.1791822,
            22.3221148
          ],
          [
            114.1803503,
            22.3226705
          ]
        ]
      }
    },
    {
      "type": "Feature",
      "properties": {
        "change:lanes": "yes|yes|no|no",
        "highway": "trunk",
        "lanes": "4",
        "maxspeed": "50",
        "name": "窩打老道 Waterloo Road",
        "name:en": "Waterloo Road",
        "name:zh": "窩打老道",
        "network": "HK",
        "network:area": "national",
        "network:guid": "HK",
        "network:name": "香港主要幹線 Hong Kong Strategic Routes",
        "network:name:en": "Hong Kong Strategic Routes",
        "network:name:zh": "香港主要幹線",
        "network:wikidata": "Q115916223",
        "oneway": "yes",
        "ref": "1",
        "surface": "asphalt",
        "turn:lanes": "slight_left|slight_left|through|through"
      },
      "geometry": {
        "type": "LineString",
        "coordinates": [
          [
            114.1781862,
            22.3234115
          ],
          [
            114.1781939,
            22.3235124
          ],
          [
            114.1782298,
            22.3241404
          ],
          [
            114.1782581,
            22.3245191
          ]
        ]
      }
    },
    {
      "type": "Feature",
      "properties": {
        "highway": "primary",
        "lanes": "2",
        "maxspeed": "50",
        "name": "公主道 Princess Margaret Road",
        "name:en": "Princess Margaret Road",
        "name:zh": "公主道",
        "oneway": "yes",
        "sidewalk": "no",
        "surface": "concrete"
      },
      "geometry": {
        "type": "LineString",
        "coordinates": [
          [
            114.1781036,
            22.3214026
          ],
          [
            114.1779578,
            22.3215726
          ]
        ]
      }
    },
    {
      "type": "Feature",
      "properties": {
        "bridge": "yes",
        "highway": "footway",
        "layer": "1"
      },
      "geometry": {
        "type": "LineString",
        "coordinates": [
          [
            114.1864594,
            22.3151893
          ],
          [
            114.1864598,
            22.3150178
          ]
        ]
      }
    },
    {
      "type": "Feature",
      "properties": {
        "footway": "sidewalk",
        "highway": "footway"
      },
      "geometry": {
        "type": "LineString",
        "coordinates": [
          [
            114.1870942,
            22.3155385
          ],
          [
            114.1874493,
            22.3155363
          ],
          [
            114.1874624,
            22.315542
          ],
          [
            114.1874685,
            22.315552
          ],
          [
            114.1874599,
            22.3159211
          ],
          [
            114.1874793,
            22.3162439
          ],
          [
            114.1874792,
            22.3162868
          ],
          [
            114.1874795,
            22.3163336
          ],
          [
            114.1874791,
            22.3163684
          ],
          [
            114.1874775,
            22.317211
          ],
          [
            114.1874772,
            22.317376
          ],
          [
            114.1874723,
            22.3178872
          ]
        ]
      }
    },
    {
      "type": "Feature",
      "properties": {
        "crossing": "traffic_signals",
        "crossing:markings": "zebra",
        "crossing:markings:colour": "yellow",
        "footway": "crossing",
        "highway": "footway",
        "surface": "paved",
        "traffic_signals": "signal",
        "traffic_signals:ref": "K030"
      },
      "geometry": {
        "type": "LineString",
        "coordinates": [
          [
            114.1874758,
            22.315922
          ],
          [
            114.1875183,
            22.3159243
          ],
          [
            114.187543,
            22.3159238
          ]
        ]
      }
    },
    {
      "type": "Feature",
      "properties": {
        "crossing:island": "yes",
        "footway": "traffic_island",
        "highway": "footway",
        "surface": "paved"
      },
      "geometry": {
        "type": "LineString",
        "coordinates": [
          [
            114.187543,
            22.3159238
          ],
          [
            114.1875744,
            22.3159235
          ],
          [
            114.187666,
            22.3157992
          ],
          [
            114.1876916,
            22.3158002
          ]
        ]
      }
    },
    {
      "type": "Feature",
      "properties": {
        "crossing": "traffic_signals",
        "crossing:markings": "zebra",
        "crossing:markings:colour": "yellow",
        "footway": "crossing",
        "highway": "footway",
        "surface": "paved",
        "traffic_signals": "signal",
        "traffic_signals:ref": "K030"
      },
      "geometry": {
        "type": "LineString",
        "coordinates": [
          [
            114.1876916,
            22.3158002
          ],
          [
            114.1877414,
            22.3158021
          ],
          [
            114.1877958,
            22.315804
          ]
        ]
      }
    },
    {
      "type": "Feature",
      "properties": {
        "footway": "sidewalk",
        "highway": "footway"
      },
      "geometry": {
        "type": "LineString",
        "coordinates": [
          [
            114.1874053,
            22.3150212
          ],
          [
            114.1874624,
            22.3152333
          ],
          [
            114.1874881,
            22.3153953
          ],
          [
            114.1874464,
            22.3154154
          ],
          [
            114.1873243,
            22.3154128
          ],
          [
            114.1872561,
            22.3154179
          ],
          [
            114.1870477,
            22.3154373
          ]
        ]
      }
    },
    {
      "type": "Feature",
      "properties": {
        "carriageway": "single",
        "highway": "tertiary",
        "lanes": "1",
        "name": "浙江街 Chi Kiang Street",
        "name:en": "Chi Kiang Street",
        "name:zh": "浙江街",
        "oneway": "yes",
        "sidewalk": "both",
        "surface": "asphalt"
      },
      "geometry": {
        "type": "LineString",
        "coordinates": [
          [
            114.1875366,
            22.3154388
          ],
          [
            114.187485,
            22.3154625
          ],
          [
            114.1874482,
            22.3154754
          ],
          [
            114.1874143,
            22.3154818
          ]
        ]
      }
    },
    {
      "type": "Feature",
      "properties": {
        "foot": "no",
        "foot:reason": "crossing",
        "highway": "primary_link",
        "lanes": "2",
        "name": "馬頭圍道 Ma Tau Wai Road",
        "name:en": "Ma Tau Wai Road",
        "name:zh": "馬頭圍道",
        "oneway": "yes",
        "sidewalk": "no"
      },
      "geometry": {
        "type": "LineString",
        "coordinates": [
          [
            114.1876021,
            22.3156446
          ],
          [
            114.1876207,
            22.315663
          ],
          [
            114.1876396,
            22.3156814
          ],
          [
            114.1876605,
            22.3156972
          ],
          [
            114.1876878,
            22.3157088
          ],
          [
            114.1877172,
            22.3157242
          ],
          [
            114.1877537,
            22.3157369
          ]
        ]
      }
    },
    {
      "type": "Feature",
      "properties": {
        "footway": "sidewalk",
        "highway": "footway",
        "surface": "paving_stones"
      },
      "geometry": {
        "type": "LineString",
        "coordinates": [
          [
            114.1879031,
            22.3146575
          ],
          [
            114.1877003,
            22.3147611
          ]
        ]
      }
    },
    {
      "type": "Feature",
      "properties": {
        "footway": "sidewalk",
        "highway": "footway",
        "name": "馬頭圍道 Ma Tau Wai Road",
        "name:en": "Ma Tau Wai Road",
        "name:zh": "馬頭圍道",
        "surface": "paving_stones"
      },
      "geometry": {
        "type": "LineString",
        "coordinates": [
          [
            114.1878155,
            22.315651
          ],
          [
            114.1878156,
            22.3156167
          ],
          [
            114.1877893,
            22.3153221
          ],
          [
            114.1877885,
            22.3152026
          ],
          [
            114.1877517,
            22.3150434
          ],
          [
            114.1877436,
            22.3150113
          ],
          [
            114.1877113,
            22.3148936
          ],
          [
            114.1877003,
            22.3147611
          ],
          [
            114.1876967,
            22.3147045
          ],
          [
            114.187688,
            22.314617
          ],
          [
            114.1876567,
            22.3144985
          ],
          [
            114.1876294,
            22.3144348
          ],
          [
            114.1876049,
            22.3143855
          ],
          [
            114.187604,
            22.314346
          ]
        ]
      }
    },
    {
      "type": "Feature",
      "properties": {
        "highway": "footway",
        "surface": "paving_stones"
      },
      "geometry": {
        "type": "LineString",
        "coordinates": [
          [
            114.1880035,
            22.3155438
          ],
          [
            114.1880097,
            22.3155409
          ],
          [
            114.1880134,
            22.3154339
          ],
          [
            114.1880806,
            22.3154321
          ],
          [
            114.1880783,
            22.3153219
          ],
          [
            114.1880798,
            22.3150426
          ]
        ]
      }
    },
    {
      "type": "Feature",
      "properties": {
        "highway": "footway",
        "surface": "paving_stones"
      },
      "geometry": {
        "type": "LineString",
        "coordinates": [
          [
            114.1881489,
            22.3150444
          ],
          [
            114.1880798,
            22.3150426
          ],
          [
            114.1879164,
            22.3150441
          ],
          [
            114.1877517,
            22.3150434
          ]
        ]
      }
    },
    {
      "type": "Feature",
      "properties": {
        "footway": "ramp",
        "highway": "footway",
        "incline": "down",
        "landing": "yes",
        "surface": "paving_stones"
      },
      "geometry": {
        "type": "LineString",
        "coordinates": [
          [
            114.1879718,
            22.3150032
          ],
          [
            114.1881957,
            22.3150005
          ]
        ]
      }
    },
    {
      "type": "Feature",
      "properties": {
        "footway": "sidewalk",
        "highway": "footway"
      },
      "geometry": {
        "type": "LineString",
        "coordinates": [
          [
            114.1880225,
            22.3161026
          ],
          [
            114.1879343,
            22.3159308
          ],
          [
            114.1878695,
            22.3158045
          ],
          [
            114.187862,
            22.3157761
          ],
          [
            114.1879179,
            22.3157494
          ],
          [
            114.1879831,
            22.31574
          ],
          [
            114.1882477,
            22.3156173
          ],
          [
            114.1883894,
            22.3158928
          ]
        ]
      }
    },
    {
      "type": "Feature",
      "properties": {
        "footway": "crossing_access",
        "highway": "footway",
        "surface": "paved",
        "virtual": "no"
      },
      "geometry": {
        "type": "LineString",
        "coordinates": [
          [
            114.1877958,
            22.315804
          ],
          [
            114.187862,
            22.3157761
          ]
        ]
      }
    },
    {
      "type": "Feature",
      "properties": {
        "footway": "sidewalk",
        "highway": "footway",
        "name": "馬頭涌道 Ma Tau Chung Road",
        "name:en": "Ma Tau Chung Road",
        "name:zh": "馬頭涌道"
      },
      "geometry": {
        "type": "LineString",
        "coordinates": [
          [
            114.1874318,
            22.3221429
          ],
          [
            114.1874407,
            22.3221811
          ],
          [
            114.1875528,
            22.3224034
          ],
          [
            114.1876977,
            22.3226908
          ],
          [
            114.1877222,
            22.3227132
          ],
          [
            114.1877293,
            22.3227358
          ],
          [
            114.187727,
            22.3227465
          ]
        ]
      }
    },
    {
      "type": "Feature",
      "properties": {
        "crossing": "traffic_signals",
        "highway": "footway"
      },
      "geometry": {
        "type": "LineString",
        "coordinates": [
          [
            114.1874044,
            22.3210709
          ],
          [
            114.1874052,
            22.3210284
          ],
          [
            114.187406,
            22.3209816
          ]
        ]
      }
    },
    {
      "type": "Feature",
      "properties": {
        "footway": "sidewalk",
        "highway": "footway",
        "name": "馬頭涌道 Ma Tau Chung Road",
        "name:en": "Ma Tau Chung Road",
        "name:zh": "馬頭涌道",
        "surface": "paved"
      },
      "geometry": {
        "type": "LineString",
        "coordinates": [
          [
            114.1878104,
            22.3228732
          ],
          [
            114.1878262,
            22.3228886
          ],
          [
            114.18791,
            22.3230509
          ],
          [
            114.1882069,
            22.3237192
          ],
          [
            114.188572,
            22.3244537
          ],
          [
            114.188584,
            22.3244778
          ],
          [
            114.188619,
            22.3245733
          ],
          [
            114.1886337,
            22.3246165
          ],
          [
            114.1886317,
            22.3246363
          ]
        ]
      }
    },
    {
      "type": "Feature",
      "properties": {
        "crossing": "traffic_signals",
        "highway": "footway"
      },
      "geometry": {
        "type": "LineString",
        "coordinates": [
          [
            114.1877494,
            22.3228864
          ],
          [
            114.1877299,
            22.3228429
          ],
          [
            114.1876943,
            22.3227632
          ]
        ]
      }
    },
    {
      "type": "Feature",
      "properties": {
        "highway": "steps"
      },
      "geometry": {
        "type": "LineString",
        "coordinates": [
          [
            114.1843553,
            22.3155578
          ],
          [
            114.1843989,
            22.3153957
          ],
          [
            114.1844124,
            22.3153342
          ],
          [
            114.1844503,
            22.3152465
          ],
          [
            114.1844798,
            22.3151098
          ],
          [
            114.1845723,
            22.3150154
          ],
          [
            114.1846098,
            22.3149772
          ],
          [
            114.1846213,
            22.3149517
          ],
          [
            114.1846159,
            22.3148503
          ],
          [
            114.1845956,
            22.3148271
          ],
          [
            114.184588,
            22.3147508
          ],
          [
            114.1845296,
            22.3145261
          ],
          [
            114.1845607,
            22.3143427
          ],
          [
            114.1845833,
            22.3141793
          ],
          [
            114.184615,
            22.3140326
          ],
          [
            114.1846214,
            22.3139186
          ],
          [
            114.1846285,
            22.3138079
          ]
        ]
      }
    },
    {
      "type": "Feature",
      "properties": {
        "highway": "steps"
      },
      "geometry": {
        "type": "LineString",
        "coordinates": [
          [
            114.1838262,
            22.3162229
          ],
          [
            114.1837961,
            22.3161067
          ],
          [
            114.1838518,
            22.3160937
          ]
        ]
      }
    },
    {
      "type": "Feature",
      "properties": {
        "bicycle": "no",
        "change": "no",
        "cutting": "yes",
        "foot": "no",
        "hazmat:HK:1": "no",
        "hazmat:HK:2": "no",
        "hazmat:HK:3": "no",
        "hazmat:HK:3A": "no",
        "hazmat:HK:5": "no",
        "highway": "trunk",
        "lanes": "2",
        "lanes:reversible": "1",
        "layer": "-1",
        "loc_name:zh": "機隧",
        "maxheight": "4.6",
        "maxspeed": "70",
        "maxspeed:variable": "obstruction",
        "motor_vehicle:conditional": "no @ (hazmat:HK:1; hazmat:HK:2; hazmat:HK:3; hazmat:HK:3A; hazmat:HK:5); no @ (learner)",
        "motorroad": "yes",
        "motorway": "no",
        "name": "啟德隧道 Kai Tak Tunnel",
        "name:en": "Kai Tak Tunnel",
        "name:zh": "啟德隧道",
        "network": "HK",
        "network:area": "national",
        "network:guid": "HK",
        "network:name": "香港主要幹線 Hong Kong Strategic Routes",
        "network:name:en": "Hong Kong Strategic Routes",
        "network:name:zh": "香港主要幹線",
        "network:wikidata": "Q115916223",
        "not:tunnel": "yes",
        "old_name": "機場隧道 Airport Tunnel",
        "old_name:en": "Airport Tunnel",
        "old_name:zh": "機場隧道",
        "oneway": "yes",
        "ref": "5",
        "short_name:zh": "啟隧",
        "shoulder": "no",
        "supervised": "yes",
        "surface": "asphalt",
        "surveillance": "yes",
        "traffic_signals": "lane",
        "was:name": "機場隧道 Airport Tunnel",
        "was:name:en": "Airport Tunnel",
        "was:name:zh": "機場隧道"
      },
      "geometry": {
        "type": "LineString",
        "coordinates": [
          [
            114.1906319,
            22.3214535
          ],
          [
            114.1905984,
            22.3213269
          ]
        ]
      }
    },
    {
      "type": "Feature",
      "properties": {
        "highway": "footway"
      },
      "geometry": {
        "type": "LineString",
        "coordinates": [
          [
            114.1908571,
            22.3202649
          ],
          [
            114.1908818,
            22.3202877
          ],
          [
            114.1909089,
            22.3203126
          ],
          [
            114.190927,
            22.3203223
          ],
          [
            114.1909436,
            22.3203058
          ],
          [
            114.191014,
            22.3202634
          ],
          [
            114.1910041,
            22.3202321
          ],
          [
            114.1910455,
            22.3201965
          ],
          [
            114.1913616,
            22.3200379
          ]
        ]
      }
    },
    {
      "type": "Feature",
      "properties": {
        "highway": "footway"
      },
      "geometry": {
        "type": "LineString",
        "coordinates": [
          [
            114.1908183,
            22.3210152
          ],
          [
            114.1906661,
            22.3210853
          ],
          [
            114.1906426,
            22.3210394
          ],
          [
            114.1906714,
            22.3209984
          ],
          [
            114.1906936,
            22.3207329
          ],
          [
            114.1907004,
            22.3207027
          ],
          [
            114.1907086,
            22.3206667
          ],
          [
            114.1907123,
            22.3206504
          ],
          [
            114.1907559,
            22.3205326
          ],
          [
            114.1908102,
            22.3204817
          ],
          [
            114.1910697,
            22.3203545
          ]
        ]
      }
    },
    {
      "type": "Feature",
      "properties": {
        "highway": "footway"
      },
      "geometry": {
        "type": "LineString",
        "coordinates": [
          [
            114.1906304,
            22.3206968
          ],
          [
            114.1906472,
            22.320698
          ],
          [
            114.1907004,
            22.3207027
          ]
        ]
      }
    },
    {
      "type": "Feature",
      "properties": {
        "highway": "footway"
      },
      "geometry": {
        "type": "LineString",
        "coordinates": [
          [
            114.1907086,
            22.3206667
          ],
          [
            114.1908055,
            22.3206225
          ],
          [
            114.1907935,
            22.320602
          ],
          [
            114.1908337,
            22.3205816
          ],
          [
            114.1908465,
            22.320602
          ],
          [
            114.1911106,
            22.3204724
          ],
          [
            114.1911562,
            22.320545
          ],
          [
            114.1911697,
            22.3205685
          ],
          [
            114.1911864,
            22.3205611
          ],
          [
            114.1912313,
            22.3206349
          ],
          [
            114.1912811,
            22.3206127
          ],
          [
            114.1912988,
            22.3206395
          ],
          [
            114.1915754,
            22.3205148
          ]
        ]
      }
    },
    {
      "type": "Feature",
      "properties": {
        "handrail": "yes",
        "highway": "steps",
        "incline": "up",
        "surface": "paved"
      },
      "geometry": {
        "type": "LineString",
        "coordinates": [
          [
            114.1906951,
            22.3200252
          ],
          [
            114.190678,
            22.3200252
          ],
          [
            114.190678,
            22.3199986
          ],
          [
            114.190726,
            22.3199978
          ]
        ]
      }
    },
    {
      "type": "Feature",
      "properties": {
        "footway": "sidewalk",
        "highway": "footway",
        "name": "下鄉道 Ha Heung Road",
        "name:en": "Ha Heung Road",
        "name:zh": "下鄉道"
      },
      "geometry": {
        "type": "LineString",
        "coordinates": [
          [
            114.1900187,
            22.3189052
          ],
          [
            114.1900018,
            22.3189205
          ],
          [
            114.1895983,
            22.3190989
          ],
          [
            114.1895897,
            22.3191027
          ],
          [
            114.1895842,
            22.3191112
          ]
        ]
      }
    },
    {
      "type": "Feature",
      "properties": {
        "highway": "footway",
        "surface": "paved"
      },
      "geometry": {
        "type": "LineString",
        "coordinates": [
          [
            114.1907251,
            22.3200851
          ],
          [
            114.1907217,
            22.3200322
          ],
          [
            114.1906944,
            22.3200322
          ],
          [
            114.1906951,
            22.3200252
          ]
        ]
      }
    },
    {
      "type": "Feature",
      "properties": {
        "bridge": "yes",
        "highway": "footway",
        "layer": "1"
      },
      "geometry": {
        "type": "LineString",
        "coordinates": [
          [
            114.190726,
            22.3199978
          ],
          [
            114.1907488,
            22.3199974
          ]
        ]
      }
    },
    {
      "type": "Feature",
      "properties": {
        "bridge": "yes",
        "highway": "footway",
        "layer": "1"
      },
      "geometry": {
        "type": "LineString",
        "coordinates": [
          [
            114.1908568,
            22.320311
          ],
          [
            114.1908643,
            22.320304
          ]
        ]
      }
    },
    {
      "type": "Feature",
      "properties": {
        "highway": "steps",
        "incline": "up",
        "surface": "paved"
      },
      "geometry": {
        "type": "LineString",
        "coordinates": [
          [
            114.1908503,
            22.320317
          ],
          [
            114.1908353,
            22.3203332
          ],
          [
            114.1908518,
            22.3203471
          ],
          [
            114.1908733,
            22.3203249
          ]
        ]
      }
    },
    {
      "type": "Feature",
      "properties": {
        "highway": "footway"
      },
      "geometry": {
        "type": "LineString",
        "coordinates": [
          [
            114.1908503,
            22.320317
          ],
          [
            114.1908239,
            22.3202977
          ]
        ]
      }
    },
    {
      "type": "Feature",
      "properties": {
        "highway": "footway",
        "surface": "paved"
      },
      "geometry": {
        "type": "LineString",
        "coordinates": [
          [
            114.1908289,
            22.3200665
          ],
          [
            114.190826,
            22.319996
          ],
          [
            114.1908249,
            22.3199694
          ],
          [
            114.1908508,
            22.3199694
          ],
          [
            114.1908824,
            22.3199676
          ],
          [
            114.1910124,
            22.3199078
          ],
          [
            114.1910045,
            22.3198929
          ],
          [
            114.1909438,
            22.319919
          ],
          [
            114.1909249,
            22.3198802
          ]
        ]
      }
    },
    {
      "type": "Feature",
      "properties": {
        "destination:motorroad": "yes",
        "highway": "secondary",
        "lanes": "2",
        "name": "新山道 San Shan Road",
        "name:en": "San Shan Road",
        "name:zh": "新山道",
        "oneway": "yes",
        "surface": "concrete"
      },
      "geometry": {
        "type": "LineString",
        "coordinates": [
          [
            114.1902535,
            22.3200127
          ],
          [
            114.1901347,
            22.3198926
          ],
          [
            114.1899987,
            22.3197423
          ],
          [
            114.1899507,
            22.319695
          ]
        ]
      }
    },
    {
      "type": "Feature",
      "properties": {
        "footway": "sidewalk",
        "highway": "footway",
        "name": "新山道 San Shan Road",
        "name:en": "San Shan Road",
        "name:zh": "新山道"
      },
      "geometry": {
        "type": "LineString",
        "coordinates": [
          [
            114.1895842,
            22.3191112
          ],
          [
            114.1895848,
            22.3191211
          ],
          [
            114.1898142,
            22.3193505
          ],
          [
            114.1901386,
            22.3197282
          ],
          [
            114.1901659,
            22.3197612
          ],
          [
            114.1902016,
            22.3198125
          ],
          [
            114.1902274,
            22.3198693
          ],
          [
            114.1902342,
            22.3199073
          ],
          [
            114.1902312,
            22.3199396
          ],
          [
            114.1902395,
            22.3199578
          ],
          [
            114.1902744,
            22.3199908
          ],
          [
            114.1903131,
            22.3200182
          ],
          [
            114.1903777,
            22.3200484
          ],
          [
            114.1904513,
            22.3200744
          ],
          [
            114.1905538,
            22.3200877
          ],
          [
            114.1906475,
            22.3200865
          ],
          [
            114.1907251,
            22.3200851
          ],
          [
            114.1907373,
            22.3200849
          ],
          [
            114.1908123,
            22.320072
          ],
          [
            114.1908289,
            22.3200665
          ],
          [
            114.1908899,
            22.3200462
          ],
          [
            114.1909823,
            22.3199962
          ],
          [
            114.1910582,
            22.3199534
          ],
          [
            114.1915108,
            22.3197163
          ],
          [
            114.1917501,
            22.3195781
          ],
          [
            114.1918002,
            22.3195491
          ],
          [
            114.1919189,
            22.319482
          ],
          [
            114.1922036,
            22.3193171
          ],
          [
            114.1922121,
            22.3192998
          ],
          [
            114.1922199,
            22.3192799
          ]
        ]
      }
    },
    {
      "type": "Feature",
      "properties": {
        "footway": "sidewalk",
        "highway": "footway",
        "name": "馬頭角道 Ma Tau Kok Road",
        "name:en": "Ma Tau Kok Road",
        "name:zh": "馬頭角道"
      },
      "geometry": {
        "type": "LineString",
        "coordinates": [
          [
            114.1906978,
            22.3214722
          ],
          [
            114.1915662,
            22.3210951
          ],
          [
            114.1916351,
            22.3210411
          ],
          [
            114.1918155,
            22.3209642
          ],
          [
            114.1919025,
            22.3209474
          ],
          [
            114.1932101,
            22.3203736
          ],
          [
            114.1932338,
            22.3203543
          ],
          [
            114.1932478,
            22.3203306
          ],
          [
            114.193255,
            22.3203053
          ],
          [
            114.1932509,
            22.3202781
          ]
        ]
      }
    },
    {
      "type": "Feature",
      "properties": {
        "alt_name": "東九龍高架公路 East Kowloon Way",
        "alt_name:en": "East Kowloon Way",
        "alt_name:zh": "東九龍高架公路",
        "bicycle": "no",
        "bridge": "yes",
        "foot": "no",
        "hazmat:HK:1": "no",
        "hazmat:HK:2": "no",
        "hazmat:HK:3": "no",
        "hazmat:HK:3A": "no",
        "hazmat:HK:5": "no",
        "highway": "trunk",
        "lanes": "2",
        "layer": "1",
        "maxheight": "4.6",
        "maxspeed": "70",
        "motor_vehicle:conditional": "no @ (hazmat:HK:1; hazmat:HK:2; hazmat:HK:3; hazmat:HK:3A; hazmat:HK:5); no @ (learner)",
        "motorroad": "yes",
        "motorway": "no",
        "name": "東九龍走廊 East Kowloon Corridor",
        "name:en": "East Kowloon Corridor",
        "name:zh": "東九龍走廊",
        "network": "HK",
        "network:area": "national",
        "network:guid": "HK",
        "network:name": "香港主要幹線 Hong Kong Strategic Routes",
        "network:name:en": "Hong Kong Strategic Routes",
        "network:name:zh": "香港主要幹線",
        "network:wikidata": "Q115916223",
        "noaddress": "yes",
        "oneway": "yes",
        "ref": "5",
        "shoulder": "no",
        "street:noname": "yes",
        "supervised": "yes",
        "surface": "asphalt",
        "surveillance": "yes",
        "traffic_signals": "lane"
      },
      "geometry": {
        "type": "LineString",
        "coordinates": [
          [
            114.1899061,
            22.3197211
          ],
          [
            114.1897875,
            22.3195559
          ],
          [
            114.1896395,
            22.3193568
          ]
        ]
      }
    },
    {
      "type": "Feature",
      "properties": {
        "bridge": "yes",
        "destination:motorroad": "yes",
        "highway": "secondary",
        "lanes": "2",
        "layer": "1",
        "name": "新山道 San Shan Road",
        "name:en": "San Shan Road",
        "name:zh": "新山道",
        "oneway": "yes",
        "surface": "concrete"
      },
      "geometry": {
        "type": "LineString",
        "coordinates": [
          [
            114.1899507,
            22.319695
          ],
          [
            114.1899295,
            22.3196719
          ],
          [
            114.1896395,
            22.3193568
          ]
        ]
      }
    },
    {
      "type": "Feature",
      "properties": {
        "carriageway": "single",
        "highway": "secondary",
        "lanes": "4",
        "maxspeed": "50",
        "name": "佛光街 Fat Kwong Street",
        "name:en": "Fat Kwong Street",
        "name:zh": "佛光街",
        "oneway": "no",
        "placement": "transition",
        "surface": "asphalt"
      },
      "geometry": {
        "type": "LineString",
        "coordinates": [
          [
            114.1803014,
            22.3167273
          ],
          [
            114.1804361,
            22.3166801
          ]
        ]
      }
    },
    {
      "type": "Feature",
      "properties": {
        "carriageway": "single",
        "highway": "secondary",
        "lanes": "5",
        "lanes:backward": "3",
        "lanes:forward": "2",
        "maxspeed": "50",
        "name": "佛光街 Fat Kwong Street",
        "name:en": "Fat Kwong Street",
        "name:zh": "佛光街",
        "oneway": "no",
        "surface": "asphalt"
      },
      "geometry": {
        "type": "LineString",
        "coordinates": [
          [
            114.1800365,
            22.3168458
          ],
          [
            114.1800955,
            22.316821
          ],
          [
            114.1803014,
            22.3167273
          ]
        ]
      }
    },
    {
      "type": "Feature",
      "properties": {
        "carriageway": "single",
        "change:lanes:backward": "yes|not_right",
        "change:lanes:forward": "yes|not_right",
        "highway": "secondary",
        "lanes": "4",
        "maxspeed": "50",
        "name": "佛光街 Fat Kwong Street",
        "name:en": "Fat Kwong Street",
        "name:zh": "佛光街",
        "oneway": "no",
        "surface": "asphalt"
      },
      "geometry": {
        "type": "LineString",
        "coordinates": [
          [
            114.1807265,
            22.3165033
          ],
          [
            114.1808331,
            22.316427
          ],
          [
            114.1809491,
            22.3163247
          ]
        ]
      }
    },
    {
      "type": "Feature",
      "properties": {
        "carriageway": "single",
        "highway": "secondary",
        "lanes": "4",
        "maxspeed": "50",
        "name": "佛光街 Fat Kwong Street",
        "name:en": "Fat Kwong Street",
        "name:zh": "佛光街",
        "oneway": "no",
        "surface": "asphalt"
      },
      "geometry": {
        "type": "LineString",
        "coordinates": [
          [
            114.1804361,
            22.3166801
          ],
          [
            114.1805769,
            22.3166032
          ],
          [
            114.1807265,
            22.3165033
          ]
        ]
      }
    },
    {
      "type": "Feature",
      "properties": {
        "footway": "sidewalk",
        "highway": "footway",
        "name": "常盛街 Sheung Shing Street",
        "name:en": "Sheung Shing Street",
        "name:zh": "常盛街"
      },
      "geometry": {
        "type": "LineString",
        "coordinates": [
          [
            114.179901,
            22.3170378
          ],
          [
            114.1799014,
            22.3170592
          ],
          [
            114.1799229,
            22.3171037
          ],
          [
            114.1802223,
            22.3177169
          ],
          [
            114.1803749,
            22.3179692
          ],
          [
            114.1805375,
            22.318235
          ],
          [
            114.1805965,
            22.3183395
          ],
          [
            114.1806606,
            22.3184357
          ],
          [
            114.1808631,
            22.3187399
          ],
          [
            114.1811945,
            22.3192309
          ],
          [
            114.1812287,
            22.3192625
          ],
          [
            114.1812703,
            22.3192716
          ]
        ]
      }
    },
    {
      "type": "Feature",
      "properties": {
        "footway": "sidewalk",
        "highway": "footway",
        "name": "佛光街 Fat Kwong Street",
        "name:en": "Fat Kwong Street",
        "name:zh": "佛光街"
      },
      "geometry": {
        "type": "LineString",
        "coordinates": [
          [
            114.1799818,
            22.3169819
          ],
          [
            114.1799118,
            22.3170188
          ],
          [
            114.179901,
            22.3170378
          ]
        ]
      }
    },
    {
      "type": "Feature",
      "properties": {
        "carriageway": "transition",
        "highway": "secondary",
        "lanes": "3",
        "maxspeed": "50",
        "name": "佛光街 Fat Kwong Street",
        "name:en": "Fat Kwong Street",
        "name:zh": "佛光街",
        "oneway": "yes",
        "placement": "transition",
        "surface": "asphalt"
      },
      "geometry": {
        "type": "LineString",
        "coordinates": [
          [
            114.1800365,
            22.3168458
          ],
          [
            114.1799596,
            22.3168482
          ]
        ]
      }
    },
    {
      "type": "Feature",
      "properties": {
        "carriageway": "transition",
        "highway": "secondary",
        "lanes": "2",
        "maxspeed": "50",
        "name": "佛光街 Fat Kwong Street",
        "name:en": "Fat Kwong Street",
        "name:zh": "佛光街",
        "oneway": "yes",
        "placement": "transition",
        "surface": "asphalt"
      },
      "geometry": {
        "type": "LineString",
        "coordinates": [
          [
            114.1799949,
            22.3169217
          ],
          [
            114.1800365,
            22.3168458
          ]
        ]
      }
    },
    {
      "type": "Feature",
      "properties": {
        "carriageway": "transition",
        "highway": "secondary",
        "lanes": "2",
        "maxspeed": "50",
        "name": "佛光街 Fat Kwong Street",
        "name:en": "Fat Kwong Street",
        "name:zh": "佛光街",
        "oneway": "yes",
        "placement": "transition",
        "surface": "asphalt"
      },
      "geometry": {
        "type": "LineString",
        "coordinates": [
          [
            114.180974,
            22.3162268
          ],
          [
            114.1809491,
            22.3163247
          ]
        ]
      }
    },
    {
      "type": "Feature",
      "properties": {
        "carriageway": "transition",
        "highway": "secondary",
        "lanes": "2",
        "maxspeed": "50",
        "name": "佛光街 Fat Kwong Street",
        "name:en": "Fat Kwong Street",
        "name:zh": "佛光街",
        "oneway": "yes",
        "placement": "transition",
        "surface": "asphalt"
      },
      "geometry": {
        "type": "LineString",
        "coordinates": [
          [
            114.1809491,
            22.3163247
          ],
          [
            114.181026,
            22.3162966
          ]
        ]
      }
    },
    {
      "type": "Feature",
      "properties": {
        "footway": "sidewalk",
        "highway": "footway",
        "name": "佛光街 Fat Kwong Street",
        "name:en": "Fat Kwong Street",
        "name:zh": "佛光街"
      },
      "geometry": {
        "type": "LineString",
        "coordinates": [
          [
            114.1799818,
            22.3169819
          ],
          [
            114.1803261,
            22.3168163
          ],
          [
            114.1807467,
            22.3165659
          ],
          [
            114.1810056,
            22.31637
          ]
        ]
      }
    },
    {
      "type": "Feature",
      "properties": {
        "highway": "secondary",
        "lanes": "2",
        "maxspeed": "50",
        "name": "佛光街 Fat Kwong Street",
        "name:en": "Fat Kwong Street",
        "name:zh": "佛光街",
        "oneway": "yes",
        "surface": "asphalt"
      },
      "geometry": {
        "type": "LineString",
        "coordinates": [
          [
            114.1810592,
            22.3161402
          ],
          [
            114.1809948,
            22.3162061
          ],
          [
            114.180974,
            22.3162268
          ]
        ]
      }
    },
    {
      "type": "Feature",
      "properties": {
        "highway": "secondary",
        "lanes": "2",
        "maxspeed": "50",
        "name": "佛光街 Fat Kwong Street",
        "name:en": "Fat Kwong Street",
        "name:zh": "佛光街",
        "oneway": "yes",
        "surface": "asphalt"
      },
      "geometry": {
        "type": "LineString",
        "coordinates": [
          [
            114.181026,
            22.3162966
          ],
          [
            114.1810573,
            22.3162711
          ],
          [
            114.1811343,
            22.3162095
          ]
        ]
      }
    },
    {
      "type": "Feature",
      "properties": {
        "covered": "yes",
        "highway": "steps",
        "incline": "up"
      },
      "geometry": {
        "type": "LineString",
        "coordinates": [
          [
            114.1810088,
            22.3160325
          ],
          [
            114.1809397,
            22.3160151
          ],
          [
            114.1808807,
            22.3160071
          ]
        ]
      }
    },
    {
      "type": "Feature",
      "properties": {
        "highway": "footway"
      },
      "geometry": {
        "type": "LineString",
        "coordinates": [
          [
            114.1810434,
            22.3160468
          ],
          [
            114.1810088,
            22.3160325
          ]
        ]
      }
    },
    {
      "type": "Feature",
      "properties": {
        "highway": "footway"
      },
      "geometry": {
        "type": "LineString",
        "coordinates": [
          [
            114.1808446,
            22.3160126
          ],
          [
            114.1808807,
            22.3160071
          ]
        ]
      }
    },
    {
      "type": "Feature",
      "properties": {
        "embankment": "yes",
        "highway": "footway"
      },
      "geometry": {
        "type": "LineString",
        "coordinates": [
          [
            114.1812115,
            22.3163782
          ],
          [
            114.1811741,
            22.3163442
          ]
        ]
      }
    },
    {
      "type": "Feature",
      "properties": {
        "bridge": "yes",
        "highway": "footway",
        "layer": "1"
      },
      "geometry": {
        "type": "LineString",
        "coordinates": [
          [
            114.1812442,
            22.3164249
          ],
          [
            114.1812354,
            22.3164311
          ],
          [
            114.1812311,
            22.3164274
          ]
        ]
      }
    },
    {
      "type": "Feature",
      "properties": {
        "bridge": "yes",
        "covered": "yes",
        "highway": "steps",
        "incline": "down",
        "layer": "1"
      },
      "geometry": {
        "type": "LineString",
        "coordinates": [
          [
            114.1812311,
            22.3164274
          ],
          [
            114.1812133,
            22.3164131
          ]
        ]
      }
    },
    {
      "type": "Feature",
      "properties": {
        "embankment": "yes",
        "highway": "steps",
        "incline": "up"
      },
      "geometry": {
        "type": "LineString",
        "coordinates": [
          [
            114.181154,
            22.3163244
          ],
          [
            114.1811741,
            22.3163442
          ]
        ]
      }
    },
    {
      "type": "Feature",
      "properties": {
        "covered": "yes",
        "highway": "footway"
      },
      "geometry": {
        "type": "LineString",
        "coordinates": [
          [
            114.1812133,
            22.3164131
          ],
          [
            114.1812089,
            22.3164087
          ],
          [
            114.1812294,
            22.3163945
          ],
          [
            114.1812115,
            22.3163782
          ]
        ]
      }
    },
    {
      "type": "Feature",
      "properties": {
        "highway": "footway"
      },
      "geometry": {
        "type": "LineString",
        "coordinates": [
          [
            114.1811348,
            22.3162954
          ],
          [
            114.181154,
            22.3163244
          ]
        ]
      }
    },
    {
      "type": "Feature",
      "properties": {
        "bridge": "yes",
        "covered": "yes",
        "highway": "footway",
        "layer": "1"
      },
      "geometry": {
        "type": "LineString",
        "coordinates": [
          [
            114.18125,
            22.3164304
          ],
          [
            114.1812442,
            22.3164249
          ],
          [
            114.1812076,
            22.3163897
          ]
        ]
      }
    },
    {
      "type": "Feature",
      "properties": {
        "highway": "footway"
      },
      "geometry": {
        "type": "LineString",
        "coordinates": [
          [
            114.1814306,
            22.3165648
          ],
          [
            114.1814173,
            22.3165723
          ]
        ]
      }
    },
    {
      "type": "Feature",
      "properties": {
        "embankment": "yes",
        "highway": "footway",
        "incline": "up"
      },
      "geometry": {
        "type": "LineString",
        "coordinates": [
          [
            114.1814173,
            22.3165723
          ],
          [
            114.1813903,
            22.3165877
          ],
          [
            114.18125,
            22.3164304
          ]
        ]
      }
    },
    {
      "type": "Feature",
      "properties": {
        "crossing": "traffic_signals",
        "crossing:island": "yes",
        "crossing:staggered": "yes",
        "highway": "footway",
        "ref": "K609",
        "traffic_signals:ref": "K609"
      },
      "geometry": {
        "type": "LineString",
        "coordinates": [
          [
            114.181234,
            22.3163611
          ],
          [
            114.1812649,
            22.316339
          ],
          [
            114.181316,
            22.3163026
          ],
          [
            114.1812916,
            22.3162733
          ],
          [
            114.1813261,
            22.3162487
          ],
          [
            114.181362,
            22.3162231
          ]
        ]
      }
    },
    {
      "type": "Feature",
      "properties": {
        "footway": "sidewalk",
        "highway": "footway",
        "name": "常富街 Sheung Foo Street",
        "name:en": "Sheung Foo Street",
        "name:zh": "常富街"
      },
      "geometry": {
        "type": "LineString",
        "coordinates": [
          [
            114.1811493,
            22.3162921
          ],
          [
            114.1811607,
            22.3162962
          ],
          [
            114.1811721,
            22.3163028
          ],
          [
            114.181234,
            22.3163611
          ],
          [
            114.1814306,
            22.3165648
          ],
          [
            114.1815178,
            22.3166784
          ],
          [
            114.1815902,
            22.316751
          ],
          [
            114.181669,
            22.3168165
          ]
        ]
      }
    },
    {
      "type": "Feature",
      "properties": {
        "footway": "sidewalk",
        "highway": "footway",
        "name": "佛光街 Fat Kwong Street",
        "name:en": "Fat Kwong Street",
        "name:zh": "佛光街"
      },
      "geometry": {
        "type": "LineString",
        "coordinates": [
          [
            114.1810056,
            22.31637
          ],
          [
            114.1811206,
            22.3163033
          ],
          [
            114.1811277,
            22.3162993
          ],
          [
            114.1811348,
            22.3162954
          ],
          [
            114.1811493,
            22.3162921
          ]
        ]
      }
    },
    {
      "type": "Feature",
      "properties": {
        "carriageway": "dual",
        "highway": "secondary",
        "lanes": "3",
        "maxspeed": "50",
        "name": "培正道 Pui Ching Road",
        "name:en": "Pui Ching Road",
        "name:zh": "培正道",
        "oneway": "yes",
        "surface": "concrete"
      },
      "geometry": {
        "type": "LineString",
        "coordinates": [
          [
            114.1793806,
            22.3171837
          ],
          [
            114.1798073,
            22.3170084
          ]
        ]
      }
    },
    {
      "type": "Feature",
      "properties": {
        "footway": "crossing",
        "highway": "footway"
      },
      "geometry": {
        "type": "LineString",
        "coordinates": [
          [
            114.190332,
            22.3146762
          ],
          [
            114.1903975,
            22.3146464
          ],
          [
            114.1904735,
            22.3146119
          ]
        ]
      }
    },
    {
      "type": "Feature",
      "properties": {
        "crossing": "traffic_signals",
        "crossing:island": "yes",
        "highway": "footway",
        "not:footway": "crossing"
      },
      "geometry": {
        "type": "LineString",
        "coordinates": [
          [
            114.1783355,
            22.3213237
          ],
          [
            114.1782963,
            22.3213023
          ],
          [
            114.1782314,
            22.3213887
          ],
          [
            114.1781646,
            22.3213608
          ]
        ]
      }
    },
    {
      "type": "Feature",
      "properties": {
        "crossing": "traffic_signals",
        "crossing:island": "yes",
        "highway": "footway",
        "not:footway": "crossing"
      },
      "geometry": {
        "type": "LineString",
        "coordinates": [
          [
            114.178389,
            22.3213507
          ],
          [
            114.1783781,
            22.321344
          ]
        ]
      }
    },
    {
      "type": "Feature",
      "properties": {
        "crossing": "traffic_signals",
        "highway": "footway",
        "not:footway": "crossing"
      },
      "geometry": {
        "type": "LineString",
        "coordinates": [
          [
            114.1781312,
            22.3213461
          ],
          [
            114.1781246,
            22.3213354
          ]
        ]
      }
    },
    {
      "type": "Feature",
      "properties": {
        "access": "private",
        "highway": "footway"
      },
      "geometry": {
        "type": "LineString",
        "coordinates": [
          [
            114.1788387,
            22.3235999
          ],
          [
            114.1788424,
            22.3236727
          ],
          [
            114.1788206,
            22.323672
          ]
        ]
      }
    },
    {
      "type": "Feature",
      "properties": {
        "carriageway": "transition",
        "highway": "primary",
        "lanes": "1",
        "maxspeed": "50",
        "name": "公主道 Princess Margaret Road",
        "name:en": "Princess Margaret Road",
        "name:zh": "公主道",
        "oneway": "yes",
        "placement": "transition",
        "sidewalk": "left",
        "surface": "concrete"
      },
      "geometry": {
        "type": "LineString",
        "coordinates": [
          [
            114.1793357,
            22.3189827
          ],
          [
            114.1792064,
            22.3187303
          ]
        ]
      }
    },
    {
      "type": "Feature",
      "properties": {
        "footway": "sidewalk",
        "highway": "footway",
        "street:name": "公主道 Princess Margaret Road",
        "street:name:en": "Princess Margaret Road",
        "street:name:zh": "公主道",
        "surface": "paved"
      },
      "geometry": {
        "type": "LineString",
        "coordinates": [
          [
            114.1776661,
            22.316025
          ],
          [
            114.1776778,
            22.3160276
          ],
          [
            114.1777016,
            22.3160465
          ],
          [
            114.1779202,
            22.3162675
          ],
          [
            114.178052,
            22.3164692
          ],
          [
            114.1781371,
            22.3167022
          ],
          [
            114.1782181,
            22.3170239
          ]
        ]
      }
    },
    {
      "type": "Feature",
      "properties": {
        "footway": "sidewalk",
        "highway": "footway",
        "lit": "yes",
        "name": "公主道 Princess Margaret Road",
        "name:en": "Princess Margaret Road",
        "name:zh": "公主道"
      },
      "geometry": {
        "type": "LineString",
        "coordinates": [
          [
            114.1787272,
            22.3182252
          ],
          [
            114.1786726,
            22.3181788
          ],
          [
            114.1786404,
            22.3181677
          ],
          [
            114.1785861,
            22.3181491
          ]
        ]
      }
    },
    {
      "type": "Feature",
      "properties": {
        "footway": "sidewalk",
        "highway": "footway",
        "lit": "yes",
        "street:name": "公主道 Princess Margaret Road",
        "street:name:en": "Princess Margaret Road",
        "street:name:zh": "公主道",
        "surface": "paved"
      },
      "geometry": {
        "type": "LineString",
        "coordinates": [
          [
            114.1783086,
            22.3172996
          ],
          [
            114.1782181,
            22.3170239
          ]
        ]
      }
    },
    {
      "type": "Feature",
      "properties": {
        "crossing": "marked",
        "crossing:markings": "yes",
        "footway": "crossing",
        "highway": "footway"
      },
      "geometry": {
        "type": "LineString",
        "coordinates": [
          [
            114.1787666,
            22.3176639
          ],
          [
            114.1787597,
            22.317651
          ]
        ]
      }
    },
    {
      "type": "Feature",
      "properties": {
        "crossing": "marked",
        "crossing:markings": "yes",
        "footway": "crossing",
        "highway": "footway"
      },
      "geometry": {
        "type": "LineString",
        "coordinates": [
          [
            114.178946,
            22.317966
          ],
          [
            114.1789563,
            22.3179676
          ]
        ]
      }
    },
    {
      "type": "Feature",
      "properties": {
        "access": "private",
        "highway": "service",
        "passing_places": "yes"
      },
      "geometry": {
        "type": "LineString",
        "coordinates": [
          [
            114.1793141,
            22.3199497
          ],
          [
            114.1793411,
            22.3199567
          ]
        ]
      }
    },
    {
      "type": "Feature",
      "properties": {
        "footway": "sidewalk",
        "highway": "footway",
        "name": "公主道 Princess Margaret Road",
        "name:en": "Princess Margaret Road",
        "name:zh": "公主道"
      },
      "geometry": {
        "type": "LineString",
        "coordinates": [
          [
            114.1789784,
            22.3181068
          ],
          [
            114.179289,
            22.3187456
          ],
          [
            114.1794169,
            22.3190355
          ],
          [
            114.1794464,
            22.3192396
          ],
          [
            114.1794314,
            22.3194217
          ],
          [
            114.1793592,
            22.3197799
          ],
          [
            114.1793009,
            22.3199447
          ],
          [
            114.1792848,
            22.3199892
          ]
        ]
      }
    },
    {
      "type": "Feature",
      "properties": {
        "highway": "service",
        "passing_places": "yes"
      },
      "geometry": {
        "type": "LineString",
        "coordinates": [
          [
            114.1792481,
            22.3199245
          ],
          [
            114.1793009,
            22.3199447
          ],
          [
            114.1793141,
            22.3199497
          ]
        ]
      }
    },
    {
      "type": "Feature",
      "properties": {
        "highway": "service",
        "lanes": "1",
        "oneway": "no"
      },
      "geometry": {
        "type": "LineString",
        "coordinates": [
          [
            114.1789882,
            22.3200145
          ],
          [
            114.1789688,
            22.3200043
          ],
          [
            114.1789502,
            22.3199945
          ]
        ]
      }
    },
    {
      "type": "Feature",
      "properties": {
        "footway": "sidewalk",
        "highway": "footway",
        "name": "常盛街 Sheung Shing Street",
        "name:en": "Sheung Shing Street",
        "name:zh": "常盛街"
      },
      "geometry": {
        "type": "LineString",
        "coordinates": [
          [
            114.180123,
            22.3177548
          ],
          [
            114.1801007,
            22.3177095
          ],
          [
            114.1798319,
            22.3171637
          ],
          [
            114.1798248,
            22.3171493
          ],
          [
            114.1798001,
            22.3171289
          ],
          [
            114.1797872,
            22.3171213
          ]
        ]
      }
    },
    {
      "type": "Feature",
      "properties": {
        "footway": "sidewalk",
        "highway": "footway",
        "name": "培正道 Pui Ching Road",
        "name:en": "Pui Ching Road",
        "name:zh": "培正道"
      },
      "geometry": {
        "type": "LineString",
        "coordinates": [
          [
            114.1797872,
            22.3171213
          ],
          [
            114.1797699,
            22.3171168
          ],
          [
            114.1797529,
            22.3171157
          ],
          [
            114.1794312,
            22.3172431
          ],
          [
            114.179388,
            22.3172619
          ],
          [
            114.1793693,
            22.3172738
          ],
          [
            114.1793267,
            22.3173134
          ],
          [
            114.1792954,
            22.3173573
          ],
          [
            114.179135,
            22.3176858
          ],
          [
            114.1789931,
            22.317877
          ],
          [
            114.1789825,
            22.3178955
          ]
        ]
      }
    },
    {
      "type": "Feature",
      "properties": {
        "footway": "sidewalk",
        "highway": "footway",
        "street:name": "培正道 Pui Ching Road",
        "street:name:en": "Pui Ching Road",
        "street:name:zh": "培正道",
        "surface": "paved"
      },
      "geometry": {
        "type": "LineString",
        "coordinates": [
          [
            114.1787675,
            22.3172437
          ],
          [
            114.1790145,
            22.317153
          ],
          [
            114.1797605,
            22.3168615
          ]
        ]
      }
    },
    {
      "type": "Feature",
      "properties": {
        "bridge": "yes",
        "footway": "link",
        "highway": "footway",
        "layer": "1",
        "lit": "yes",
        "usage": "link",
        "virtual": "no"
      },
      "geometry": {
        "type": "LineString",
        "coordinates": [
          [
            114.1782452,
            22.3174577
          ],
          [
            114.1782329,
            22.3174267
          ],
          [
            114.1782066,
            22.3173736
          ]
        ]
      }
    },
    {
      "type": "Feature",
      "properties": {
        "bridge": "yes",
        "footway": "link",
        "highway": "footway",
        "layer": "1",
        "lit": "yes",
        "usage": "link",
        "virtual": "no"
      },
      "geometry": {
        "type": "LineString",
        "coordinates": [
          [
            114.1786449,
            22.3172289
          ],
          [
            114.1786595,
            22.3172604
          ],
          [
            114.1786679,
            22.317284
          ]
        ]
      }
    },
    {
      "type": "Feature",
      "properties": {
        "highway": "footway"
      },
      "geometry": {
        "type": "LineString",
        "coordinates": [
          [
            114.1780181,
            22.3180087
          ],
          [
            114.1780126,
            22.318018
          ],
          [
            114.1779972,
            22.3180441
          ]
        ]
      }
    },
    {
      "type": "Feature",
      "properties": {
        "access": "private",
        "highway": "pedestrian",
        "motor_vehicle": "private",
        "sidewalk": "no"
      },
      "geometry": {
        "type": "LineString",
        "coordinates": [
          [
            114.1784469,
            22.3186112
          ],
          [
            114.1784949,
            22.3185839
          ]
        ]
      }
    },
    {
      "type": "Feature",
      "properties": {
        "highway": "pedestrian",
        "motor_vehicle": "yes",
        "sidewalk": "no"
      },
      "geometry": {
        "type": "LineString",
        "coordinates": [
          [
            114.1783695,
            22.3186551
          ],
          [
            114.1784283,
            22.3186217
          ],
          [
            114.1784469,
            22.3186112
          ]
        ]
      }
    },
    {
      "type": "Feature",
      "properties": {
        "highway": "footway",
        "name": "文運道 Man Wan Road",
        "name:en": "Man Wan Road",
        "name:zh": "文運道"
      },
      "geometry": {
        "type": "LineString",
        "coordinates": [
          [
            114.1768061,
            22.3192365
          ],
          [
            114.1768733,
            22.3191933
          ],
          [
            114.1777244,
            22.3186459
          ],
          [
            114.1779571,
            22.3185101
          ],
          [
            114.1780208,
            22.3184915
          ],
          [
            114.1780912,
            22.3184822
          ],
          [
            114.1781927,
            22.3184928
          ],
          [
            114.1782909,
            22.3185128
          ],
          [
            114.178336,
            22.318533
          ],
          [
            114.1784283,
            22.3186217
          ],
          [
            114.1785188,
            22.3187667
          ]
        ]
      }
    },
    {
      "type": "Feature",
      "properties": {
        "highway": "footway",
        "lit": "yes"
      },
      "geometry": {
        "type": "LineString",
        "coordinates": [
          [
            114.178298,
            22.3184963
          ],
          [
            114.1782909,
            22.3185128
          ],
          [
            114.1782837,
            22.3185297
          ]
        ]
      }
    },
    {
      "type": "Feature",
      "properties": {
        "highway": "steps",
        "incline": "down"
      },
      "geometry": {
        "type": "LineString",
        "coordinates": [
          [
            114.178189,
            22.318482
          ],
          [
            114.1781799,
            22.3184444
          ]
        ]
      }
    },
    {
      "type": "Feature",
      "properties": {
        "highway": "footway",
        "lit": "yes"
      },
      "geometry": {
        "type": "LineString",
        "coordinates": [
          [
            114.1786726,
            22.3181788
          ],
          [
            114.1786485,
            22.3181922
          ]
        ]
      }
    },
    {
      "type": "Feature",
      "properties": {
        "highway": "steps",
        "incline": "up"
      },
      "geometry": {
        "type": "LineString",
        "coordinates": [
          [
            114.1784496,
            22.3181295
          ],
          [
            114.1784466,
            22.3181464
          ]
        ]
      }
    },
    {
      "type": "Feature",
      "properties": {
        "destination:lang:en:lanes": "Ho Man Tin; Mong Kok|Kowloon Tong; Sha Tin|Kowloon Tong; Sha Tin",
        "destination:lang:zh:lanes": "何文田;旺角|九龍塘;沙田|九龍塘;沙田",
        "highway": "trunk",
        "lanes": "3",
        "maxspeed": "70",
        "name": "公主道 Princess Margaret Road",
        "name:en": "Princess Margaret Road",
        "name:zh": "公主道",
        "network": "HK",
        "network:area": "national",
        "network:guid": "HK",
        "network:name": "香港主要幹線 Hong Kong Strategic Routes",
        "network:name:en": "Hong Kong Strategic Routes",
        "network:name:zh": "香港主要幹線",
        "network:wikidata": "Q115916223",
        "oneway": "yes",
        "ref": "1",
        "surface": "concrete",
        "turn:lanes": "left;slight_left|through|through"
      },
      "geometry": {
        "type": "LineString",
        "coordinates": [
          [
            114.1783211,
            22.3170851
          ],
          [
            114.1783309,
            22.3171249
          ],
          [
            114.1783598,
            22.3172491
          ],
          [
            114.1783676,
            22.3172825
          ],
          [
            114.1784124,
            22.3174158
          ],
          [
            114.1785348,
            22.3176764
          ]
        ]
      }
    },
    {
      "type": "Feature",
      "properties": {
        "bus_bay:left": "transition",
        "highway": "trunk",
        "lanes": "3",
        "maxspeed": "70",
        "motor_vehicle:conditional": "no @ (learner AND Mo-Sa 07:30 - 19:30); yes @ (PH)",
        "name": "公主道 Princess Margaret Road",
        "name:en": "Princess Margaret Road",
        "name:zh": "公主道",
        "network": "HK",
        "network:area": "national",
        "network:guid": "HK",
        "network:name": "香港主要幹線 Hong Kong Strategic Routes",
        "network:name:en": "Hong Kong Strategic Routes",
        "network:name:zh": "香港主要幹線",
        "network:wikidata": "Q115916223",
        "oneway": "yes",
        "ref": "1",
        "share_taxi": "no",
        "surface": "asphalt"
      },
      "geometry": {
        "type": "LineString",
        "coordinates": [
          [
            114.1784411,
            22.3171103
          ],
          [
            114.1784286,
            22.317066
          ]
        ]
      }
    },
    {
      "type": "Feature",
      "properties": {
        "bus_bay": "left",
        "highway": "trunk",
        "lanes": "3",
        "maxspeed": "70",
        "motor_vehicle:conditional": "no @ (learner AND Mo-Sa 07:30 - 19:30); yes @ (PH)",
        "name": "公主道 Princess Margaret Road",
        "name:en": "Princess Margaret Road",
        "name:zh": "公主道",
        "network": "HK",
        "network:area": "national",
        "network:guid": "HK",
        "network:name": "香港主要幹線 Hong Kong Strategic Routes",
        "network:name:en": "Hong Kong Strategic Routes",
        "network:name:zh": "香港主要幹線",
        "network:wikidata": "Q115916223",
        "oneway": "yes",
        "ref": "1",
        "share_taxi": "no",
        "surface": "asphalt"
      },
      "geometry": {
        "type": "LineString",
        "coordinates": [
          [
            114.1784734,
            22.3172233
          ],
          [
            114.1784411,
            22.3171103
          ]
        ]
      }
    },
    {
      "type": "Feature",
      "properties": {
        "bus_bay:left": "transition",
        "highway": "trunk",
        "lanes": "3",
        "maxspeed": "70",
        "motor_vehicle:conditional": "no @ (learner AND Mo-Sa 07:30 - 19:30); yes @ (PH)",
        "name": "公主道 Princess Margaret Road",
        "name:en": "Princess Margaret Road",
        "name:zh": "公主道",
        "network": "HK",
        "network:area": "national",
        "network:guid": "HK",
        "network:name": "香港主要幹線 Hong Kong Strategic Routes",
        "network:name:en": "Hong Kong Strategic Routes",
        "network:name:zh": "香港主要幹線",
        "network:wikidata": "Q115916223",
        "oneway": "yes",
        "ref": "1",
        "share_taxi": "no",
        "surface": "asphalt"
      },
      "geometry": {
        "type": "LineString",
        "coordinates": [
          [
            114.1784836,
            22.317259
          ],
          [
            114.1784734,
            22.3172233
          ]
        ]
      }
    },
    {
      "type": "Feature",
      "properties": {
        "highway": "trunk",
        "lanes": "3",
        "maxspeed": "70",
        "motor_vehicle:conditional": "no @ (learner AND Mo-Sa 07:30 - 19:30); yes @ (PH)",
        "name": "公主道 Princess Margaret Road",
        "name:en": "Princess Margaret Road",
        "name:zh": "公主道",
        "network": "HK",
        "network:area": "national",
        "network:guid": "HK",
        "network:name": "香港主要幹線 Hong Kong Strategic Routes",
        "network:name:en": "Hong Kong Strategic Routes",
        "network:name:zh": "香港主要幹線",
        "network:wikidata": "Q115916223",
        "oneway": "yes",
        "ref": "1",
        "share_taxi": "no",
        "surface": "asphalt"
      },
      "geometry": {
        "type": "LineString",
        "coordinates": [
          [
            114.1785841,
            22.3175059
          ],
          [
            114.1785243,
            22.3173747
          ],
          [
            114.1784836,
            22.317259
          ]
        ]
      }
    },
    {
      "type": "Feature",
      "properties": {
        "highway": "trunk",
        "incline": "down",
        "lanes": "3",
        "maxspeed": "70",
        "name": "公主道 Princess Margaret Road",
        "name:en": "Princess Margaret Road",
        "name:zh": "公主道",
        "network": "HK",
        "network:area": "national",
        "network:guid": "HK",
        "network:name": "香港主要幹線 Hong Kong Strategic Routes",
        "network:name:en": "Hong Kong Strategic Routes",
        "network:name:zh": "香港主要幹線",
        "network:wikidata": "Q115916223",
        "oneway": "yes",
        "ref": "1",
        "surface": "concrete"
      },
      "geometry": {
        "type": "LineString",
        "coordinates": [
          [
            114.1778583,
            22.3161171
          ],
          [
            114.1780288,
            22.3163163
          ],
          [
            114.1781055,
            22.3164408
          ],
          [
            114.178178,
            22.3166038
          ],
          [
            114.1782096,
            22.3166926
          ],
          [
            114.1782585,
            22.31683
          ],
          [
            114.1783211,
            22.3170851
          ]
        ]
      }
    },
    {
      "type": "Feature",
      "properties": {
        "carriageway": "transition",
        "change:lanes": "no|not_left|yes",
        "highway": "trunk",
        "lanes": "3",
        "maxspeed": "70",
        "name": "公主道 Princess Margaret Road",
        "name:en": "Princess Margaret Road",
        "name:zh": "公主道",
        "network": "HK",
        "network:area": "national",
        "network:guid": "HK",
        "network:name": "香港主要幹線 Hong Kong Strategic Routes",
        "network:name:en": "Hong Kong Strategic Routes",
        "network:name:zh": "香港主要幹線",
        "network:wikidata": "Q115916223",
        "oneway": "yes",
        "ref": "1",
        "surface": "concrete"
      },
      "geometry": {
        "type": "LineString",
        "coordinates": [
          [
            114.1787466,
            22.3180773
          ],
          [
            114.1787687,
            22.3181192
          ],
          [
            114.1788123,
            22.3182018
          ]
        ]
      }
    },
    {
      "type": "Feature",
      "properties": {
        "change:lanes": "no|not_left|yes",
        "highway": "trunk",
        "lanes": "3",
        "maxspeed": "70",
        "name": "公主道 Princess Margaret Road",
        "name:en": "Princess Margaret Road",
        "name:zh": "公主道",
        "network": "HK",
        "network:area": "national",
        "network:guid": "HK",
        "network:name": "香港主要幹線 Hong Kong Strategic Routes",
        "network:name:en": "Hong Kong Strategic Routes",
        "network:name:zh": "香港主要幹線",
        "network:wikidata": "Q115916223",
        "oneway": "yes",
        "ref": "1",
        "surface": "concrete",
        "turn:lanes": "slight_left|through|through"
      },
      "geometry": {
        "type": "LineString",
        "coordinates": [
          [
            114.1788123,
            22.3182018
          ],
          [
            114.1788603,
            22.3182929
          ],
          [
            114.1789904,
            22.3185368
          ],
          [
            114.1791386,
            22.3188141
          ],
          [
            114.1791702,
            22.3189331
          ]
        ]
      }
    },
    {
      "type": "Feature",
      "properties": {
        "carriageway": "transition",
        "highway": "primary",
        "junction:ref": "8",
        "lanes": "1",
        "maxspeed": "70",
        "motorway_junction": "yes",
        "motorway_junction:ref": "8",
        "name": "公主道 Princess Margaret Road",
        "name:en": "Princess Margaret Road",
        "name:zh": "公主道",
        "oneway": "yes",
        "placement": "transition",
        "sidewalk": "left",
        "turn": "slight_left"
      },
      "geometry": {
        "type": "LineString",
        "coordinates": [
          [
            114.1791702,
            22.3189331
          ],
          [
            114.1791527,
            22.3190529
          ],
          [
            114.179148,
            22.3190851
          ]
        ]
      }
    },
    {
      "type": "Feature",
      "properties": {
        "carriageway": "transition",
        "highway": "primary_link",
        "lanes": "1",
        "maxspeed": "50",
        "name": "民豐徑 Man Fung Path",
        "name:en": "Man Fung Path",
        "name:zh": "民豐徑",
        "not:highway": "trunk_link",
        "oneway": "yes",
        "placement": "transition"
      },
      "geometry": {
        "type": "LineString",
        "coordinates": [
          [
            114.1786598,
            22.318136
          ],
          [
            114.1786914,
            22.3181497
          ],
          [
            114.1788123,
            22.3182018
          ]
        ]
      }
    },
    {
      "type": "Feature",
      "properties": {
        "footway": "sidewalk",
        "highway": "footway",
        "name": "忠孝街 Chung Hau Street",
        "name:en": "Chung Hau Street",
        "name:zh": "忠孝街"
      },
      "geometry": {
        "type": "LineString",
        "coordinates": [
          [
            114.1781531,
            22.3154178
          ],
          [
            114.1780764,
            22.3153358
          ],
          [
            114.1780014,
            22.315236
          ],
          [
            114.1779625,
            22.3151591
          ],
          [
            114.1779397,
            22.3151106
          ],
          [
            114.1779257,
            22.315089
          ],
          [
            114.1779131,
            22.3150748
          ]
        ]
      }
    },
    {
      "type": "Feature",
      "properties": {
        "footway": "sidewalk",
        "highway": "footway"
      },
      "geometry": {
        "type": "LineString",
        "coordinates": [
          [
            114.1814357,
            22.3145803
          ],
          [
            114.1814118,
            22.3145714
          ],
          [
            114.1813586,
            22.3145609
          ],
          [
            114.1810836,
            22.3145065
          ],
          [
            114.1810482,
            22.3145213
          ],
          [
            114.1810013,
            22.3145144
          ],
          [
            114.1809308,
            22.3145214
          ],
          [
            114.1808677,
            22.3145525
          ],
          [
            114.1808065,
            22.3145345
          ],
          [
            114.1807311,
            22.3145475
          ],
          [
            114.1806302,
            22.3146032
          ],
          [
            114.1805508,
            22.3146644
          ],
          [
            114.1803167,
            22.3149627
          ],
          [
            114.1801392,
            22.315189
          ],
          [
            114.1799301,
            22.3154554
          ],
          [
            114.1798612,
            22.3155448
          ],
          [
            114.1797833,
            22.3156266
          ],
          [
            114.1797218,
            22.3156888
          ],
          [
            114.1795994,
            22.3158035
          ],
          [
            114.1794946,
            22.3158843
          ],
          [
            114.1794745,
            22.3159601
          ]
        ]
      }
    },
    {
      "type": "Feature",
      "properties": {
        "highway": "footway"
      },
      "geometry": {
        "type": "LineString",
        "coordinates": [
          [
            114.1810001,
            22.3180037
          ],
          [
            114.1810512,
            22.3179775
          ]
        ]
      }
    },
    {
      "type": "Feature",
      "properties": {
        "highway": "footway"
      },
      "geometry": {
        "type": "LineString",
        "coordinates": [
          [
            114.1813256,
            22.3177221
          ],
          [
            114.1813091,
            22.3176878
          ]
        ]
      }
    },
    {
      "type": "Feature",
      "properties": {
        "highway": "footway"
      },
      "geometry": {
        "type": "LineString",
        "coordinates": [
          [
            114.1785186,
            22.3177901
          ],
          [
            114.1784327,
            22.3178229
          ]
        ]
      }
    },
    {
      "type": "Feature",
      "properties": {
        "bicycle": "no",
        "change:lanes": "yes|not_right|yes|yes",
        "foot": "no",
        "highway": "trunk",
        "lanes": "4",
        "maxspeed": "50",
        "name": "窩打老道 Waterloo Road",
        "name:en": "Waterloo Road",
        "name:zh": "窩打老道",
        "network": "HK",
        "network:area": "national",
        "network:guid": "HK",
        "network:name": "香港主要幹線 Hong Kong Strategic Routes",
        "network:name:en": "Hong Kong Strategic Routes",
        "network:name:zh": "香港主要幹線",
        "network:wikidata": "Q115916223",
        "oneway": "yes",
        "ref": "1",
        "surface": "concrete",
        "turn:lanes": "slight_left|slight_left|through|through"
      },
      "geometry": {
        "type": "LineString",
        "coordinates": [
          [
            114.1783557,
            22.3236929
          ],
          [
            114.1783437,
            22.3235544
          ],
          [
            114.1783376,
            22.3234652
          ]
        ]
      }
    },
    {
      "type": "Feature",
      "properties": {
        "footway": "crossing_access",
        "highway": "footway",
        "surface": "paved",
        "virtual": "yes"
      },
      "geometry": {
        "type": "LineString",
        "coordinates": [
          [
            114.1885044,
            22.3153118
          ],
          [
            114.1885239,
            22.3153323
          ]
        ]
      }
    },
    {
      "type": "Feature",
      "properties": {
        "crossing": "traffic_signals",
        "crossing:markings": "zebra",
        "crossing:markings:colour": "yellow",
        "footway": "crossing",
        "highway": "footway",
        "surface": "paved",
        "traffic_signals": "signal",
        "traffic_signals:ref": "K030"
      },
      "geometry": {
        "type": "LineString",
        "coordinates": [
          [
            114.1878587,
            22.3157378
          ],
          [
            114.1878463,
            22.3157167
          ],
          [
            114.1878225,
            22.3156658
          ]
        ]
      }
    },
    {
      "type": "Feature",
      "properties": {
        "highway": "footway",
        "surface": "paved"
      },
      "geometry": {
        "type": "LineString",
        "coordinates": [
          [
            114.1882477,
            22.3156173
          ],
          [
            114.1882966,
            22.3155872
          ],
          [
            114.188357,
            22.315563
          ]
        ]
      }
    },
    {
      "type": "Feature",
      "properties": {
        "footway": "sidewalk",
        "highway": "footway"
      },
      "geometry": {
        "type": "LineString",
        "coordinates": [
          [
            114.1908343,
            22.3177589
          ],
          [
            114.1908629,
            22.3177787
          ],
          [
            114.190886,
            22.3178032
          ],
          [
            114.1915374,
            22.3184922
          ],
          [
            114.191551,
            22.3185179
          ],
          [
            114.1915459,
            22.3185355
          ]
        ]
      }
    },
    {
      "type": "Feature",
      "properties": {
        "footway": "sidewalk",
        "highway": "footway"
      },
      "geometry": {
        "type": "LineString",
        "coordinates": [
          [
            114.1911792,
            22.3177326
          ],
          [
            114.1911478,
            22.3177263
          ],
          [
            114.1911373,
            22.3177153
          ],
          [
            114.1898889,
            22.3164012
          ],
          [
            114.1898519,
            22.3163623
          ],
          [
            114.1898463,
            22.3163529
          ]
        ]
      }
    },
    {
      "type": "Feature",
      "properties": {
        "footway": "sidewalk",
        "highway": "footway"
      },
      "geometry": {
        "type": "LineString",
        "coordinates": [
          [
            114.1898463,
            22.3163529
          ],
          [
            114.1898519,
            22.3163384
          ],
          [
            114.1901284,
            22.3160826
          ]
        ]
      }
    },
    {
      "type": "Feature",
      "properties": {
        "highway": "footway",
        "surface": "paved",
        "tactile_paving": "kerb"
      },
      "geometry": {
        "type": "LineString",
        "coordinates": [
          [
            114.190886,
            22.3178032
          ],
          [
            114.1909472,
            22.3177556
          ],
          [
            114.190977,
            22.3177324
          ],
          [
            114.1910422,
            22.3177948
          ],
          [
            114.1910772,
            22.3177655
          ],
          [
            114.1911373,
            22.3177153
          ]
        ]
      }
    },
    {
      "type": "Feature",
      "properties": {
        "footway": "sidewalk",
        "highway": "footway"
      },
      "geometry": {
        "type": "LineString",
        "coordinates": [
          [
            114.1896554,
            22.3165108
          ],
          [
            114.1897048,
            22.316563
          ],
          [
            114.1907309,
            22.3176451
          ]
        ]
      }
    },
    {
      "type": "Feature",
      "properties": {
        "crossing": "traffic_signals",
        "footway": "crossing",
        "highway": "footway"
      },
      "geometry": {
        "type": "LineString",
        "coordinates": [
          [
            114.1897048,
            22.316563
          ],
          [
            114.1897664,
            22.3165088
          ],
          [
            114.1898404,
            22.3164438
          ],
          [
            114.1898889,
            22.3164012
          ]
        ]
      }
    },
    {
      "type": "Feature",
      "properties": {
        "footway": "sidewalk",
        "highway": "footway"
      },
      "geometry": {
        "type": "LineString",
        "coordinates": [
          [
            114.1895548,
            22.3164265
          ],
          [
            114.1895649,
            22.3164065
          ],
          [
            114.189532,
            22.3163715
          ],
          [
            114.1888016,
            22.3155955
          ],
          [
            114.1886468,
            22.3154311
          ],
          [
            114.1886351,
            22.3154177
          ]
        ]
      }
    },
    {
      "type": "Feature",
      "properties": {
        "footway": "sidewalk",
        "highway": "footway"
      },
      "geometry": {
        "type": "LineString",
        "coordinates": [
          [
            114.1886351,
            22.3154177
          ],
          [
            114.1886135,
            22.3154269
          ],
          [
            114.1883696,
            22.3155428
          ],
          [
            114.1883513,
            22.3155505
          ]
        ]
      }
    },
    {
      "type": "Feature",
      "properties": {
        "highway": "footway",
        "surface": "paved"
      },
      "geometry": {
        "type": "LineString",
        "coordinates": [
          [
            114.1888756,
            22.3153278
          ],
          [
            114.1888225,
            22.3153724
          ],
          [
            114.1887825,
            22.315406
          ],
          [
            114.1888931,
            22.3155187
          ],
          [
            114.1888548,
            22.3155509
          ],
          [
            114.1888016,
            22.3155955
          ]
        ]
      }
    },
    {
      "type": "Feature",
      "properties": {
        "footway": "sidewalk",
        "highway": "footway"
      },
      "geometry": {
        "type": "LineString",
        "coordinates": [
          [
            114.1888568,
            22.3152886
          ],
          [
            114.1888597,
            22.315311
          ],
          [
            114.1888756,
            22.3153278
          ],
          [
            114.1897224,
            22.3162203
          ],
          [
            114.1897446,
            22.3162437
          ],
          [
            114.1897607,
            22.316249
          ]
        ]
      }
    },
    {
      "type": "Feature",
      "properties": {
        "highway": "steps"
      },
      "geometry": {
        "type": "LineString",
        "coordinates": [
          [
            114.1839411,
            22.3175564
          ],
          [
            114.1839599,
            22.3175678
          ],
          [
            114.1839751,
            22.3175792
          ],
          [
            114.1840253,
            22.3176127
          ],
          [
            114.1840746,
            22.3176431
          ]
        ]
      }
    },
    {
      "type": "Feature",
      "properties": {
        "highway": "footway"
      },
      "geometry": {
        "type": "LineString",
        "coordinates": [
          [
            114.1840746,
            22.3176431
          ],
          [
            114.1840951,
            22.3176655
          ],
          [
            114.1841113,
            22.3176897
          ],
          [
            114.1841455,
            22.3177173
          ],
          [
            114.1841654,
            22.317723
          ],
          [
            114.1841847,
            22.3177334
          ],
          [
            114.1841909,
            22.317746
          ],
          [
            114.1841971,
            22.3177702
          ],
          [
            114.1841959,
            22.3177852
          ],
          [
            114.1841909,
            22.3178041
          ],
          [
            114.1841828,
            22.3178179
          ],
          [
            114.1841697,
            22.3178312
          ],
          [
            114.1840503,
            22.3179008
          ],
          [
            114.1839676,
            22.3179382
          ],
          [
            114.1838924,
            22.3179583
          ],
          [
            114.1838738,
            22.3179543
          ],
          [
            114.1838582,
            22.3179445
          ],
          [
            114.1838551,
            22.3179307
          ],
          [
            114.1838539,
            22.3179163
          ],
          [
            114.1838595,
            22.3178956
          ],
          [
            114.1838464,
            22.3178306
          ],
          [
            114.1838128,
            22.3177426
          ],
          [
            114.1838141,
            22.3177023
          ],
          [
            114.183852,
            22.3176908
          ],
          [
            114.1839036,
            22.317692
          ],
          [
            114.1839359,
            22.3176856
          ],
          [
            114.1840273,
            22.3176483
          ],
          [
            114.1840503,
            22.3176494
          ],
          [
            114.1840746,
            22.3176431
          ]
        ]
      }
    },
    {
      "type": "Feature",
      "properties": {
        "highway": "service"
      },
      "geometry": {
        "type": "LineString",
        "coordinates": [
          [
            114.1846096,
            22.3224645
          ],
          [
            114.1846641,
            22.3224904
          ],
          [
            114.1846875,
            22.3225016
          ],
          [
            114.1847133,
            22.3225139
          ],
          [
            114.1849867,
            22.3226493
          ],
          [
            114.1856322,
            22.3229542
          ]
        ]
      }
    },
    {
      "type": "Feature",
      "properties": {
        "covered": "yes",
        "highway": "footway"
      },
      "geometry": {
        "type": "LineString",
        "coordinates": [
          [
            114.186459,
            22.3153209
          ],
          [
            114.1864594,
            22.3151893
          ]
        ]
      }
    },
    {
      "type": "Feature",
      "properties": {
        "highway": "footway",
        "layer": "1"
      },
      "geometry": {
        "type": "LineString",
        "coordinates": [
          [
            114.186459,
            22.3154368
          ],
          [
            114.186459,
            22.3153209
          ]
        ]
      }
    },
    {
      "type": "Feature",
      "properties": {
        "access": "private",
        "highway": "service"
      },
      "geometry": {
        "type": "LineString",
        "coordinates": [
          [
            114.1813756,
            22.3170927
          ],
          [
            114.1812549,
            22.3169444
          ],
          [
            114.181047,
            22.3166888
          ]
        ]
      }
    },
    {
      "type": "Feature",
      "properties": {
        "highway": "service",
        "service": "parking_aisle"
      },
      "geometry": {
        "type": "LineString",
        "coordinates": [
          [
            114.187171,
            22.3204604
          ],
          [
            114.1871711,
            22.3203115
          ],
          [
            114.1872297,
            22.3203115
          ],
          [
            114.1872299,
            22.3200798
          ],
          [
            114.18723,
            22.3200232
          ]
        ]
      }
    },
    {
      "type": "Feature",
      "properties": {
        "highway": "steps"
      },
      "geometry": {
        "type": "LineString",
        "coordinates": [
          [
            114.1821999,
            22.322257
          ],
          [
            114.1823982,
            22.3223517
          ]
        ]
      }
    },
    {
      "type": "Feature",
      "properties": {
        "carriageway": "single",
        "highway": "unclassified",
        "motor_vehicle:conditional": "no @ (learner AND Mo-Sa 07:30 - 19:30)",
        "name": "巴富街 Perth Street",
        "name:en": "Perth Street",
        "name:zh": "巴富街",
        "oneway": "yes",
        "sidewalk": "both",
        "surface": "asphalt"
      },
      "geometry": {
        "type": "LineString",
        "coordinates": [
          [
            114.1805234,
            22.3219329
          ],
          [
            114.1806869,
            22.3216076
          ],
          [
            114.1807217,
            22.3215384
          ]
        ]
      }
    },
    {
      "type": "Feature",
      "properties": {
        "carriageway": "single",
        "highway": "unclassified",
        "motor_vehicle:conditional": "no @ (learner AND Mo-Sa 07:30 - 19:30)",
        "name": "巴富街 Perth Street",
        "name:en": "Perth Street",
        "name:zh": "巴富街",
        "oneway": "yes",
        "sidewalk": "both",
        "surface": "asphalt"
      },
      "geometry": {
        "type": "LineString",
        "coordinates": [
          [
            114.1807217,
            22.3215384
          ],
          [
            114.1797594,
            22.321093
          ],
          [
            114.1789415,
            22.320694
          ],
          [
            114.1788447,
            22.3206468
          ]
        ]
      }
    },
    {
      "type": "Feature",
      "properties": {
        "highway": "footway",
        "surface": "concrete"
      },
      "geometry": {
        "type": "LineString",
        "coordinates": [
          [
            114.1826035,
            22.3216879
          ],
          [
            114.1827144,
            22.3215878
          ]
        ]
      }
    },
    {
      "type": "Feature",
      "properties": {
        "access": "private",
        "highway": "service",
        "name": "Glory Avenue"
      },
      "geometry": {
        "type": "LineString",
        "coordinates": [
          [
            114.1833374,
            22.3227398
          ],
          [
            114.1832885,
            22.3227143
          ]
        ]
      }
    },
    {
      "type": "Feature",
      "properties": {
        "highway": "footway"
      },
      "geometry": {
        "type": "LineString",
        "coordinates": [
          [
            114.1823982,
            22.3223517
          ],
          [
            114.1826837,
            22.3224828
          ],
          [
            114.1833208,
            22.3227753
          ],
          [
            114.1840535,
            22.3231255
          ],
          [
            114.184082,
            22.3231464
          ],
          [
            114.1840984,
            22.3231745
          ],
          [
            114.1841019,
            22.3232047
          ],
          [
            114.1840972,
            22.3232285
          ],
          [
            114.1840832,
            22.3232598
          ],
          [
            114.1838562,
            22.3236516
          ],
          [
            114.1837339,
            22.32385
          ],
          [
            114.1837189,
            22.3238743
          ],
          [
            114.1836991,
            22.3238905
          ],
          [
            114.1836734,
            22.3239002
          ],
          [
            114.1836442,
            22.3239035
          ],
          [
            114.183615,
            22.3238959
          ],
          [
            114.1835812,
            22.3238797
          ]
        ]
      }
    },
    {
      "type": "Feature",
      "properties": {
        "handrail": "yes",
        "highway": "steps"
      },
      "geometry": {
        "type": "LineString",
        "coordinates": [
          [
            114.1842144,
            22.3151391
          ],
          [
            114.1842969,
            22.3151672
          ]
        ]
      }
    },
    {
      "type": "Feature",
      "properties": {
        "highway": "footway"
      },
      "geometry": {
        "type": "LineString",
        "coordinates": [
          [
            114.1842969,
            22.3151672
          ],
          [
            114.1842907,
            22.3151853
          ]
        ]
      }
    },
    {
      "type": "Feature",
      "properties": {
        "handrail": "yes",
        "highway": "steps"
      },
      "geometry": {
        "type": "LineString",
        "coordinates": [
          [
            114.1842907,
            22.3151853
          ],
          [
            114.1844503,
            22.3152465
          ]
        ]
      }
    },
    {
      "type": "Feature",
      "properties": {
        "highway": "footway"
      },
      "geometry": {
        "type": "LineString",
        "coordinates": [
          [
            114.1838974,
            22.3160832
          ],
          [
            114.1838518,
            22.3160937
          ],
          [
            114.1837708,
            22.3158141
          ],
          [
            114.1843768,
            22.3156623
          ],
          [
            114.1843777,
            22.3155709
          ],
          [
            114.1843553,
            22.3155578
          ]
        ]
      }
    },
    {
      "type": "Feature",
      "properties": {
        "highway": "steps"
      },
      "geometry": {
        "type": "LineString",
        "coordinates": [
          [
            114.1847004,
            22.3159848
          ],
          [
            114.1844934,
            22.3160321
          ],
          [
            114.1844423,
            22.3160432
          ]
        ]
      }
    },
    {
      "type": "Feature",
      "properties": {
        "highway": "footway"
      },
      "geometry": {
        "type": "LineString",
        "coordinates": [
          [
            114.1843768,
            22.3156623
          ],
          [
            114.184408,
            22.3156836
          ],
          [
            114.1844934,
            22.3160321
          ]
        ]
      }
    },
    {
      "type": "Feature",
      "properties": {
        "bridge": "yes",
        "highway": "footway",
        "layer": "1"
      },
      "geometry": {
        "type": "LineString",
        "coordinates": [
          [
            114.1816434,
            22.3158308
          ],
          [
            114.1816642,
            22.3157524
          ]
        ]
      }
    },
    {
      "type": "Feature",
      "properties": {
        "carriageway": "dual",
        "carriageway:ref:kmb": "E",
        "carriageway_ref:kmb": "E",
        "change:lanes": "no|not_left|yes|yes",
        "direction:ref:kmb": "E",
        "highway": "primary",
        "lanes": "4",
        "name": "亞皆老街 Argyle Street",
        "name:en": "Argyle Street",
        "name:zh": "亞皆老街",
        "oneway": "yes",
        "placement": "middle_of:2",
        "ref:kmb": "AR01",
        "surface": "concrete",
        "turn:lanes": "left|through|through|through"
      },
      "geometry": {
        "type": "LineString",
        "coordinates": [
          [
            114.1840629,
            22.3241474
          ],
          [
            114.1839434,
            22.3240924
          ],
          [
            114.1839118,
            22.3240779
          ],
          [
            114.1838665,
            22.3240557
          ],
          [
            114.1837308,
            22.3239891
          ]
        ]
      }
    },
    {
      "type": "Feature",
      "properties": {
        "highway": "service",
        "tunnel": "building_passage"
      },
      "geometry": {
        "type": "LineString",
        "coordinates": [
          [
            114.1830085,
            22.3233907
          ],
          [
            114.1829471,
            22.323508
          ]
        ]
      }
    },
    {
      "type": "Feature",
      "properties": {
        "highway": "service"
      },
      "geometry": {
        "type": "LineString",
        "coordinates": [
          [
            114.183919,
            22.3236803
          ],
          [
            114.1838562,
            22.3236516
          ],
          [
            114.1838323,
            22.3236407
          ],
          [
            114.1838004,
            22.3236261
          ],
          [
            114.1837862,
            22.323612
          ],
          [
            114.183778,
            22.3235847
          ],
          [
            114.1837801,
            22.3235612
          ],
          [
            114.1838898,
            22.3233694
          ],
          [
            114.18377,
            22.3233132
          ],
          [
            114.1835012,
            22.3231822
          ],
          [
            114.1834059,
            22.3231358
          ],
          [
            114.1832926,
            22.3230824
          ],
          [
            114.1832564,
            22.3230725
          ],
          [
            114.1832275,
            22.3230706
          ],
          [
            114.1832007,
            22.3230756
          ],
          [
            114.1831792,
            22.3230868
          ],
          [
            114.1831652,
            22.3231047
          ],
          [
            114.1830807,
            22.3232635
          ],
          [
            114.1830318,
            22.323353
          ],
          [
            114.1830085,
            22.3233907
          ]
        ]
      }
    },
    {
      "type": "Feature",
      "properties": {
        "highway": "service"
      },
      "geometry": {
        "type": "LineString",
        "coordinates": [
          [
            114.1829471,
            22.323508
          ],
          [
            114.1829117,
            22.323569
          ],
          [
            114.1828808,
            22.3236247
          ]
        ]
      }
    },
    {
      "type": "Feature",
      "properties": {
        "highway": "service"
      },
      "geometry": {
        "type": "LineString",
        "coordinates": [
          [
            114.1830318,
            22.323353
          ],
          [
            114.1837438,
            22.3236867
          ]
        ]
      }
    },
    {
      "type": "Feature",
      "properties": {
        "highway": "service"
      },
      "geometry": {
        "type": "LineString",
        "coordinates": [
          [
            114.1835012,
            22.3231822
          ],
          [
            114.1835433,
            22.3231128
          ],
          [
            114.1832699,
            22.3229811
          ],
          [
            114.1832302,
            22.3229736
          ],
          [
            114.1831784,
            22.3229745
          ],
          [
            114.1831357,
            22.3229868
          ],
          [
            114.1831042,
            22.3230046
          ],
          [
            114.18309,
            22.3230216
          ],
          [
            114.1829985,
            22.3231833
          ]
        ]
      }
    },
    {
      "type": "Feature",
      "properties": {
        "highway": "service"
      },
      "geometry": {
        "type": "LineString",
        "coordinates": [
          [
            114.1815983,
            22.3224208
          ],
          [
            114.1815784,
            22.3224587
          ],
          [
            114.1815664,
            22.3224819
          ],
          [
            114.1814124,
            22.3227776
          ],
          [
            114.1813908,
            22.3227876
          ],
          [
            114.1813646,
            22.3227848
          ],
          [
            114.1813461,
            22.3227705
          ],
          [
            114.1813415,
            22.3227463
          ],
          [
            114.1814201,
            22.3225981
          ],
          [
            114.1814603,
            22.3225222
          ],
          [
            114.1814536,
            22.3224949
          ],
          [
            114.181294,
            22.3224254
          ]
        ]
      }
    },
    {
      "type": "Feature",
      "properties": {
        "access": "private",
        "highway": "service",
        "oneway": "yes"
      },
      "geometry": {
        "type": "LineString",
        "coordinates": [
          [
            114.1817379,
            22.3224842
          ],
          [
            114.1817658,
            22.3224388
          ],
          [
            114.1819314,
            22.3221449
          ],
          [
            114.1819561,
            22.3220943
          ]
        ]
      }
    },
    {
      "type": "Feature",
      "properties": {
        "footway": "sidewalk",
        "highway": "footway",
        "name": "窩打老道 Waterloo Road",
        "name:en": "Waterloo Road",
        "name:zh": "窩打老道"
      },
      "geometry": {
        "type": "LineString",
        "coordinates": [
          [
            114.1780758,
            22.3255806
          ],
          [
            114.1781064,
            22.3255745
          ],
          [
            114.1781526,
            22.3255384
          ],
          [
            114.1781753,
            22.3255094
          ],
          [
            114.178202,
            22.3254591
          ],
          [
            114.1782161,
            22.3253936
          ],
          [
            114.1782179,
            22.3253216
          ],
          [
            114.1782197,
            22.3251939
          ],
          [
            114.1781931,
            22.3246341
          ],
          [
            114.17814,
            22.3234768
          ],
          [
            114.1781153,
            22.3233082
          ],
          [
            114.1780958,
            22.323097
          ],
          [
            114.1780834,
            22.3229431
          ],
          [
            114.1780622,
            22.3228056
          ],
          [
            114.1780303,
            22.3226468
          ],
          [
            114.1779808,
            22.3224602
          ],
          [
            114.1778534,
            22.321992
          ],
          [
            114.1777794,
            22.3218021
          ]
        ]
      }
    },
    {
      "type": "Feature",
      "properties": {
        "footway": "sidewalk",
        "highway": "footway",
        "name": "窩打老道 Waterloo Road",
        "name:en": "Waterloo Road",
        "name:zh": "窩打老道"
      },
      "geometry": {
        "type": "LineString",
        "coordinates": [
          [
            114.1786335,
            22.3256694
          ],
          [
            114.1786113,
            22.3256415
          ],
          [
            114.1785836,
            22.3255998
          ],
          [
            114.1785697,
            22.3255667
          ],
          [
            114.1785463,
            22.3253903
          ],
          [
            114.178538,
            22.3253108
          ],
          [
            114.1784974,
            22.3246497
          ],
          [
            114.1784315,
            22.3239468
          ],
          [
            114.1784196,
            22.3237417
          ],
          [
            114.1784372,
            22.3237313
          ],
          [
            114.1784363,
            22.3236902
          ],
          [
            114.1784319,
            22.3236561
          ],
          [
            114.1784128,
            22.3236573
          ],
          [
            114.1783786,
            22.3230858
          ],
          [
            114.1783932,
            22.3229476
          ],
          [
            114.1783799,
            22.3228377
          ],
          [
            114.1783325,
            22.3227196
          ],
          [
            114.1783101,
            22.3226109
          ],
          [
            114.1781756,
            22.3221412
          ],
          [
            114.1781694,
            22.3221041
          ],
          [
            114.17817,
            22.3220739
          ],
          [
            114.1781794,
            22.3220307
          ],
          [
            114.1781921,
            22.3219867
          ],
          [
            114.1782143,
            22.3219264
          ],
          [
            114.1782602,
            22.321861
          ]
        ]
      }
    },
    {
      "type": "Feature",
      "properties": {
        "footway": "sidewalk",
        "highway": "footway",
        "name": "馬頭圍道 Ma Tau Wai Road",
        "name:en": "Ma Tau Wai Road",
        "name:zh": "馬頭圍道",
        "surface": "paved"
      },
      "geometry": {
        "type": "LineString",
        "coordinates": [
          [
            114.1877492,
            22.3161963
          ],
          [
            114.1877219,
            22.3162377
          ],
          [
            114.1877122,
            22.3164007
          ],
          [
            114.1877132,
            22.3173269
          ],
          [
            114.1877627,
            22.3173862
          ],
          [
            114.1877633,
            22.3175877
          ],
          [
            114.187761,
            22.3176496
          ],
          [
            114.1877589,
            22.3177017
          ],
          [
            114.1877581,
            22.3178375
          ],
          [
            114.1877152,
            22.3179466
          ],
          [
            114.1877055,
            22.3179735
          ],
          [
            114.1877062,
            22.3180315
          ],
          [
            114.1877055,
            22.3180575
          ],
          [
            114.1876998,
            22.3185713
          ],
          [
            114.1876999,
            22.3189894
          ]
        ]
      }
    },
    {
      "type": "Feature",
      "properties": {
        "highway": "footway"
      },
      "geometry": {
        "type": "LineString",
        "coordinates": [
          [
            114.1877766,
            22.3180182
          ],
          [
            114.1877152,
            22.3179466
          ]
        ]
      }
    },
    {
      "type": "Feature",
      "properties": {
        "highway": "footway"
      },
      "geometry": {
        "type": "LineString",
        "coordinates": [
          [
            114.1877852,
            22.3180107
          ],
          [
            114.1877766,
            22.3180182
          ],
          [
            114.1877489,
            22.3180408
          ],
          [
            114.1877273,
            22.3180565
          ],
          [
            114.1877055,
            22.3180575
          ]
        ]
      }
    },
    {
      "type": "Feature",
      "properties": {
        "footway": "sidewalk",
        "highway": "footway"
      },
      "geometry": {
        "type": "LineString",
        "coordinates": [
          [
            114.1883751,
            22.3173973
          ],
          [
            114.1883058,
            22.3174441
          ],
          [
            114.1881644,
            22.317537
          ],
          [
            114.1880228,
            22.3176448
          ],
          [
            114.1880048,
            22.3176599
          ],
          [
            114.187953,
            22.3177068
          ],
          [
            114.18794,
            22.3177322
          ],
          [
            114.1879442,
            22.3177572
          ],
          [
            114.1879629,
            22.3178083
          ],
          [
            114.187977,
            22.3178332
          ],
          [
            114.1879843,
            22.3178464
          ],
          [
            114.1882301,
            22.3183583
          ],
          [
            114.1883894,
            22.3186588
          ],
          [
            114.1883941,
            22.3186718
          ],
          [
            114.1883957,
            22.3186881
          ]
        ]
      }
    },
    {
      "type": "Feature",
      "properties": {
        "highway": "footway"
      },
      "geometry": {
        "type": "LineString",
        "coordinates": [
          [
            114.1879843,
            22.3178464
          ],
          [
            114.1879624,
            22.317868
          ],
          [
            114.1879377,
            22.3178905
          ]
        ]
      }
    },
    {
      "type": "Feature",
      "properties": {
        "highway": "footway"
      },
      "geometry": {
        "type": "LineString",
        "coordinates": [
          [
            114.1877589,
            22.3177017
          ],
          [
            114.18794,
            22.3177322
          ]
        ]
      }
    },
    {
      "type": "Feature",
      "properties": {
        "highway": "footway"
      },
      "geometry": {
        "type": "LineString",
        "coordinates": [
          [
            114.1880048,
            22.3176599
          ],
          [
            114.1879513,
            22.3175679
          ],
          [
            114.187761,
            22.3176496
          ]
        ]
      }
    },
    {
      "type": "Feature",
      "properties": {
        "access": "private",
        "highway": "service",
        "lanes": "2"
      },
      "geometry": {
        "type": "LineString",
        "coordinates": [
          [
            114.1836116,
            22.3151408
          ],
          [
            114.1835844,
            22.3151057
          ]
        ]
      }
    },
    {
      "type": "Feature",
      "properties": {
        "highway": "primary",
        "lanes": "4",
        "maxspeed": "50",
        "name": "馬頭圍道 Ma Tau Wai Road",
        "name:en": "Ma Tau Wai Road",
        "name:zh": "馬頭圍道",
        "oneway": "yes",
        "surface": "concrete",
        "turn:lanes": "through|through|right|right"
      },
      "geometry": {
        "type": "LineString",
        "coordinates": [
          [
            114.1875366,
            22.3154388
          ],
          [
            114.1875413,
            22.3155716
          ]
        ]
      }
    },
    {
      "type": "Feature",
      "properties": {
        "highway": "footway",
        "surface": "paving_stones"
      },
      "geometry": {
        "type": "LineString",
        "coordinates": [
          [
            114.1880783,
            22.3153219
          ],
          [
            114.1879936,
            22.3153219
          ]
        ]
      }
    },
    {
      "type": "Feature",
      "properties": {
        "highway": "steps",
        "incline": "down",
        "landing": "no",
        "ramp": "separate",
        "surface": "paving_stones"
      },
      "geometry": {
        "type": "LineString",
        "coordinates": [
          [
            114.1880799,
            22.3154497
          ],
          [
            114.1880794,
            22.315463
          ]
        ]
      }
    },
    {
      "type": "Feature",
      "properties": {
        "highway": "steps",
        "incline": "down",
        "landing": "no",
        "ramp": "separate",
        "surface": "paving_stones"
      },
      "geometry": {
        "type": "LineString",
        "coordinates": [
          [
            114.1881489,
            22.3150444
          ],
          [
            114.1881925,
            22.3150444
          ]
        ]
      }
    },
    {
      "type": "Feature",
      "properties": {
        "highway": "footway",
        "surface": "paving_stones"
      },
      "geometry": {
        "type": "LineString",
        "coordinates": [
          [
            114.1881925,
            22.3150444
          ],
          [
            114.1882686,
            22.3150443
          ]
        ]
      }
    },
    {
      "type": "Feature",
      "properties": {
        "footway": "sidewalk",
        "highway": "footway"
      },
      "geometry": {
        "type": "LineString",
        "coordinates": [
          [
            114.1816479,
            22.3113516
          ],
          [
            114.181592,
            22.3113659
          ],
          [
            114.1815615,
            22.3113564
          ],
          [
            114.1815249,
            22.311332
          ],
          [
            114.18147,
            22.3113075
          ],
          [
            114.1813785,
            22.3113075
          ],
          [
            114.1801792,
            22.3114429
          ],
          [
            114.1801365,
            22.3114542
          ],
          [
            114.1801202,
            22.3114806
          ],
          [
            114.1801206,
            22.3115067
          ],
          [
            114.1801225,
            22.3116435
          ],
          [
            114.1801345,
            22.3124866
          ],
          [
            114.1801284,
            22.3126145
          ],
          [
            114.1801081,
            22.3127424
          ],
          [
            114.1800674,
            22.312859
          ],
          [
            114.1799942,
            22.3130132
          ],
          [
            114.1799007,
            22.3131618
          ],
          [
            114.1797991,
            22.3132708
          ],
          [
            114.1797056,
            22.3133667
          ],
          [
            114.1796141,
            22.3134551
          ],
          [
            114.1794982,
            22.3135172
          ],
          [
            114.1791832,
            22.31363
          ],
          [
            114.1791303,
            22.3136733
          ],
          [
            114.1791039,
            22.3137109
          ],
          [
            114.1790964,
            22.3137522
          ],
          [
            114.1792319,
            22.3142205
          ],
          [
            114.1792746,
            22.3143258
          ],
          [
            114.1793275,
            22.3143991
          ],
          [
            114.1793966,
            22.3144687
          ],
          [
            114.1800572,
            22.3149219
          ],
          [
            114.1800759,
            22.3149295
          ],
          [
            114.1801081,
            22.3149426
          ],
          [
            114.1801446,
            22.3149445
          ],
          [
            114.1801792,
            22.3149257
          ],
          [
            114.1802051,
            22.3148923
          ],
          [
            114.180413,
            22.3146248
          ],
          [
            114.1804861,
            22.3145439
          ],
          [
            114.1805837,
            22.3144819
          ],
          [
            114.1806792,
            22.3144386
          ],
          [
            114.1807789,
            22.314401
          ],
          [
            114.1808622,
            22.3143803
          ],
          [
            114.1809679,
            22.3143634
          ],
          [
            114.1810655,
            22.3143634
          ],
          [
            114.1813887,
            22.3144424
          ],
          [
            114.1814375,
            22.3144537
          ],
          [
            114.1814883,
            22.3144405
          ],
          [
            114.1815411,
            22.314386
          ],
          [
            114.1815658,
            22.3142985
          ],
          [
            114.1816285,
            22.3140757
          ],
          [
            114.1817453,
            22.3135538
          ],
          [
            114.1817588,
            22.3134915
          ],
          [
            114.1817874,
            22.3133813
          ],
          [
            114.181819,
            22.3132903
          ]
        ]
      }
    },
    {
      "type": "Feature",
      "properties": {
        "crossing": "marked",
        "crossing:markings": "yes",
        "footway": "crossing",
        "highway": "footway"
      },
      "geometry": {
        "type": "LineString",
        "coordinates": [
          [
            114.1834537,
            22.3138888
          ],
          [
            114.1834459,
            22.3139423
          ],
          [
            114.1834266,
            22.3140159
          ]
        ]
      }
    },
    {
      "type": "Feature",
      "properties": {
        "highway": "secondary",
        "lanes": "3",
        "maxspeed": "50",
        "name": "宋皇臺道 Sung Wong Toi Road",
        "name:en": "Sung Wong Toi Road",
        "name:zh": "宋皇臺道",
        "oneway": "yes",
        "sidewalk": "left",
        "surface": "asphalt",
        "wikidata": "Q28651074"
      },
      "geometry": {
        "type": "LineString",
        "coordinates": [
          [
            114.1911931,
            22.3234986
          ],
          [
            114.1904244,
            22.3238404
          ],
          [
            114.1903515,
            22.3239101
          ]
        ]
      }
    },
    {
      "type": "Feature",
      "properties": {
        "bridge": "yes",
        "highway": "footway",
        "layer": "1"
      },
      "geometry": {
        "type": "LineString",
        "coordinates": [
          [
            114.1800244,
            22.3177161
          ],
          [
            114.1799995,
            22.317666
          ]
        ]
      }
    },
    {
      "type": "Feature",
      "properties": {
        "highway": "steps"
      },
      "geometry": {
        "type": "LineString",
        "coordinates": [
          [
            114.1799965,
            22.3177287
          ],
          [
            114.1800066,
            22.3177485
          ],
          [
            114.1800485,
            22.3177302
          ]
        ]
      }
    },
    {
      "type": "Feature",
      "properties": {
        "highway": "footway"
      },
      "geometry": {
        "type": "LineString",
        "coordinates": [
          [
            114.1800485,
            22.3177302
          ],
          [
            114.1801007,
            22.3177095
          ]
        ]
      }
    },
    {
      "type": "Feature",
      "properties": {
        "footway": "sidewalk",
        "highway": "footway",
        "lit": "yes"
      },
      "geometry": {
        "type": "LineString",
        "coordinates": [
          [
            114.1828978,
            22.31747
          ],
          [
            114.1828608,
            22.3176107
          ],
          [
            114.1824867,
            22.3185473
          ],
          [
            114.1824464,
            22.318659
          ],
          [
            114.1824122,
            22.3187775
          ],
          [
            114.182358,
            22.3189656
          ],
          [
            114.1822439,
            22.3193612
          ],
          [
            114.182138,
            22.3197495
          ],
          [
            114.1821219,
            22.3197818
          ],
          [
            114.1820589,
            22.3198165
          ],
          [
            114.182028,
            22.3198165
          ]
        ]
      }
    },
    {
      "type": "Feature",
      "properties": {
        "carriageway": "dual",
        "highway": "unclassified",
        "lanes": "2",
        "maxspeed": "50",
        "name": "九龍城道 Kowloon City Road",
        "name:en": "Kowloon City Road",
        "name:zh": "九龍城道",
        "oneway": "yes",
        "sidewalk": "left"
      },
      "geometry": {
        "type": "LineString",
        "coordinates": [
          [
            114.1889813,
            22.3185086
          ],
          [
            114.1890001,
            22.3185437
          ],
          [
            114.1890345,
            22.3186079
          ],
          [
            114.1893469,
            22.3191908
          ]
        ]
      }
    },
    {
      "type": "Feature",
      "properties": {
        "carriageway": "single",
        "highway": "tertiary",
        "lanes": "2",
        "maxspeed": "50",
        "name": "馬頭角道 Ma Tau Kok Road",
        "name:en": "Ma Tau Kok Road",
        "name:zh": "馬頭角道",
        "oneway": "yes",
        "sidewalk": "both",
        "surface": "asphalt"
      },
      "geometry": {
        "type": "LineString",
        "coordinates": [
          [
            114.1900304,
            22.321835
          ],
          [
            114.1899712,
            22.3218617
          ],
          [
            114.1896592,
            22.3220025
          ],
          [
            114.1895764,
            22.3220399
          ],
          [
            114.1895624,
            22.3220462
          ],
          [
            114.1895394,
            22.3220576
          ],
          [
            114.1890344,
            22.3222831
          ],
          [
            114.1889584,
            22.322317
          ]
        ]
      }
    },
    {
      "type": "Feature",
      "properties": {
        "abutters": "retail",
        "carriageway": "single",
        "designation": "小販認可區 Hawker permitted place",
        "designation:en": "Hawker permitted place",
        "designation:wikidata": "Q10263158",
        "designation:zh": "小販認可區",
        "highway": "pedestrian",
        "kerb:both": "raised",
        "lane_markings": "no",
        "lanes": "1",
        "lanes:unmarked": "2",
        "marketplace": "separate",
        "motor_vehicle": "yes",
        "name": "炮仗街 Pau Chung Street",
        "name:en": "Pau Chung Street",
        "name:zh": "炮仗街",
        "obstacle": "street_vendor",
        "oneway": "yes",
        "sidewalk": "both",
        "street_vendor": "yes",
        "surface": "concrete:plates",
        "turn": "right"
      },
      "geometry": {
        "type": "LineString",
        "coordinates": [
          [
            114.1903469,
            22.3224702
          ],
          [
            114.1900607,
            22.3218959
          ],
          [
            114.1900304,
            22.321835
          ]
        ]
      }
    },
    {
      "type": "Feature",
      "properties": {
        "footway": "sidewalk",
        "highway": "footway",
        "name": "馬頭圍道 Ma Tau Wai Road",
        "name:en": "Ma Tau Wai Road",
        "name:zh": "馬頭圍道"
      },
      "geometry": {
        "type": "LineString",
        "coordinates": [
          [
            114.1877371,
            22.3202383
          ],
          [
            114.18771,
            22.3202519
          ],
          [
            114.1876931,
            22.3202733
          ],
          [
            114.187683,
            22.3203022
          ],
          [
            114.1876768,
            22.3208902
          ]
        ]
      }
    },
    {
      "type": "Feature",
      "properties": {
        "footway": "sidewalk",
        "highway": "footway",
        "name": "譚公道 Tam Kung Road",
        "name:en": "Tam Kung Road",
        "name:zh": "譚公道"
      },
      "geometry": {
        "type": "LineString",
        "coordinates": [
          [
            114.1879319,
            22.3213735
          ],
          [
            114.1877811,
            22.3210606
          ],
          [
            114.1876768,
            22.3208902
          ]
        ]
      }
    },
    {
      "type": "Feature",
      "properties": {
        "footway": "sidewalk",
        "highway": "footway",
        "name": "馬頭圍道 Ma Tau Wai Road",
        "name:en": "Ma Tau Wai Road",
        "name:zh": "馬頭圍道"
      },
      "geometry": {
        "type": "LineString",
        "coordinates": [
          [
            114.1876687,
            22.321134
          ],
          [
            114.1876792,
            22.3215143
          ],
          [
            114.1876824,
            22.3216317
          ]
        ]
      }
    },
    {
      "type": "Feature",
      "properties": {
        "footway": "sidewalk",
        "highway": "footway",
        "name": "馬頭圍道 Ma Tau Wai Road",
        "name:en": "Ma Tau Wai Road",
        "name:zh": "馬頭圍道"
      },
      "geometry": {
        "type": "LineString",
        "coordinates": [
          [
            114.1874365,
            22.320088
          ],
          [
            114.1874499,
            22.3200992
          ],
          [
            114.1874566,
            22.3201135
          ],
          [
            114.1874579,
            22.3201296
          ],
          [
            114.1874426,
            22.3209186
          ],
          [
            114.1874416,
            22.3209375
          ],
          [
            114.1874371,
            22.3209566
          ],
          [
            114.1874239,
            22.3209737
          ]
        ]
      }
    },
    {
      "type": "Feature",
      "properties": {
        "footway": "sidewalk",
        "highway": "footway",
        "name": "農圃道 Farm Road",
        "name:en": "Farm Road",
        "name:zh": "農圃道"
      },
      "geometry": {
        "type": "LineString",
        "coordinates": [
          [
            114.1859206,
            22.3209651
          ],
          [
            114.1859421,
            22.3209772
          ],
          [
            114.1859683,
            22.3209814
          ],
          [
            114.187406,
            22.3209816
          ],
          [
            114.1874239,
            22.3209737
          ]
        ]
      }
    },
    {
      "type": "Feature",
      "properties": {
        "footway": "sidewalk",
        "highway": "footway",
        "name": "馬頭圍道 Ma Tau Wai Road",
        "name:en": "Ma Tau Wai Road",
        "name:zh": "馬頭圍道"
      },
      "geometry": {
        "type": "LineString",
        "coordinates": [
          [
            114.1874206,
            22.3210807
          ],
          [
            114.1874295,
            22.321097
          ],
          [
            114.1874298,
            22.3211348
          ],
          [
            114.1874266,
            22.3218717
          ],
          [
            114.1874255,
            22.3219697
          ],
          [
            114.1874318,
            22.3221429
          ]
        ]
      }
    },
    {
      "type": "Feature",
      "properties": {
        "footway": "sidewalk",
        "highway": "footway",
        "name": "馬頭角道 Ma Tau Kok Road",
        "name:en": "Ma Tau Kok Road",
        "name:zh": "馬頭角道"
      },
      "geometry": {
        "type": "LineString",
        "coordinates": [
          [
            114.187727,
            22.3227465
          ],
          [
            114.1877171,
            22.3227537
          ],
          [
            114.1876943,
            22.3227632
          ],
          [
            114.1875829,
            22.3228097
          ],
          [
            114.1871298,
            22.322992
          ]
        ]
      }
    },
    {
      "type": "Feature",
      "properties": {
        "footway": "sidewalk",
        "highway": "footway"
      },
      "geometry": {
        "type": "LineString",
        "coordinates": [
          [
            114.1861378,
            22.3210709
          ],
          [
            114.1862437,
            22.3210704
          ],
          [
            114.1873492,
            22.3210651
          ],
          [
            114.1873919,
            22.321066
          ],
          [
            114.1874044,
            22.3210709
          ],
          [
            114.1874112,
            22.3210735
          ],
          [
            114.1874206,
            22.3210807
          ]
        ]
      }
    },
    {
      "type": "Feature",
      "properties": {
        "carriageway": "dual",
        "highway": "primary",
        "lanes": "3",
        "name": "馬頭圍道 Ma Tau Wai Road",
        "name:en": "Ma Tau Wai Road",
        "name:zh": "馬頭圍道",
        "oneway": "yes",
        "sidewalk": "left",
        "surface": "asphalt"
      },
      "geometry": {
        "type": "LineString",
        "coordinates": [
          [
            114.1876258,
            22.3220409
          ],
          [
            114.1876271,
            22.3217929
          ],
          [
            114.1876277,
            22.3215992
          ]
        ]
      }
    },
    {
      "type": "Feature",
      "properties": {
        "carriageway": "dual",
        "highway": "primary",
        "lanes": "3",
        "name": "馬頭圍道 Ma Tau Wai Road",
        "name:en": "Ma Tau Wai Road",
        "name:zh": "馬頭圍道",
        "oneway": "yes",
        "sidewalk": "left",
        "surface": "asphalt"
      },
      "geometry": {
        "type": "LineString",
        "coordinates": [
          [
            114.1876277,
            22.3215992
          ],
          [
            114.1876249,
            22.321193
          ],
          [
            114.1876245,
            22.3211358
          ],
          [
            114.1876331,
            22.3208712
          ]
        ]
      }
    },
    {
      "type": "Feature",
      "properties": {
        "carriageway": "dual",
        "highway": "primary",
        "lanes": "3",
        "name": "馬頭圍道 Ma Tau Wai Road",
        "name:en": "Ma Tau Wai Road",
        "name:zh": "馬頭圍道",
        "oneway": "yes",
        "sidewalk": "left",
        "surface": "asphalt"
      },
      "geometry": {
        "type": "LineString",
        "coordinates": [
          [
            114.1876331,
            22.3208712
          ],
          [
            114.1876392,
            22.3202879
          ],
          [
            114.1876405,
            22.3201216
          ]
        ]
      }
    },
    {
      "type": "Feature",
      "properties": {
        "access": "private",
        "highway": "service",
        "oneway": "yes"
      },
      "geometry": {
        "type": "LineString",
        "coordinates": [
          [
            114.1864232,
            22.3174535
          ],
          [
            114.1863686,
            22.3174531
          ],
          [
            114.1856385,
            22.3174478
          ],
          [
            114.1856365,
            22.3179913
          ],
          [
            114.1856406,
            22.3180421
          ],
          [
            114.1856629,
            22.3181022
          ],
          [
            114.1857137,
            22.3181605
          ],
          [
            114.1857889,
            22.3181925
          ],
          [
            114.1861731,
            22.3181963
          ],
          [
            114.1861935,
            22.3182075
          ],
          [
            114.1862138,
            22.318247
          ],
          [
            114.1862199,
            22.3183214
          ]
        ]
      }
    },
    {
      "type": "Feature",
      "properties": {
        "footway": "sidewalk",
        "highway": "footway"
      },
      "geometry": {
        "type": "LineString",
        "coordinates": [
          [
            114.1863798,
            22.3199466
          ],
          [
            114.1863834,
            22.3199346
          ],
          [
            114.1863849,
            22.3199209
          ],
          [
            114.1863805,
            22.319317
          ],
          [
            114.1863694,
            22.3184897
          ],
          [
            114.1863679,
            22.3183775
          ],
          [
            114.1863655,
            22.3183233
          ],
          [
            114.1863639,
            22.3182889
          ],
          [
            114.1863664,
            22.3178451
          ],
          [
            114.1863686,
            22.3174531
          ],
          [
            114.1863688,
            22.3174375
          ],
          [
            114.1863688,
            22.3174053
          ],
          [
            114.1863688,
            22.3164504
          ],
          [
            114.1863688,
            22.3162239
          ],
          [
            114.1863688,
            22.3157522
          ],
          [
            114.1863664,
            22.3155354
          ],
          [
            114.186366,
            22.3155026
          ],
          [
            114.1863658,
            22.315488
          ],
          [
            114.1863653,
            22.315437
          ]
        ]
      }
    },
    {
      "type": "Feature",
      "properties": {
        "footway": "sidewalk",
        "highway": "footway"
      },
      "geometry": {
        "type": "LineString",
        "coordinates": [
          [
            114.1863688,
            22.3174053
          ],
          [
            114.1860453,
            22.3174024
          ]
        ]
      }
    },
    {
      "type": "Feature",
      "properties": {
        "highway": "footway"
      },
      "geometry": {
        "type": "LineString",
        "coordinates": [
          [
            114.185974,
            22.3172446
          ],
          [
            114.185975,
            22.3173423
          ]
        ]
      }
    },
    {
      "type": "Feature",
      "properties": {
        "bridge": "yes",
        "highway": "footway",
        "layer": "1"
      },
      "geometry": {
        "type": "LineString",
        "coordinates": [
          [
            114.185975,
            22.3173423
          ],
          [
            114.1860453,
            22.3174024
          ]
        ]
      }
    },
    {
      "type": "Feature",
      "properties": {
        "highway": "footway"
      },
      "geometry": {
        "type": "LineString",
        "coordinates": [
          [
            114.185975,
            22.3173423
          ],
          [
            114.1863056,
            22.3173458
          ],
          [
            114.186307,
            22.3170223
          ]
        ]
      }
    },
    {
      "type": "Feature",
      "properties": {
        "highway": "steps"
      },
      "geometry": {
        "type": "LineString",
        "coordinates": [
          [
            114.186307,
            22.3170223
          ],
          [
            114.1862242,
            22.3168677
          ]
        ]
      }
    },
    {
      "type": "Feature",
      "properties": {
        "highway": "footway"
      },
      "geometry": {
        "type": "LineString",
        "coordinates": [
          [
            114.1858435,
            22.3170639
          ],
          [
            114.1861722,
            22.3169339
          ],
          [
            114.1862143,
            22.3168989
          ],
          [
            114.1862242,
            22.3168677
          ],
          [
            114.1862298,
            22.3166429
          ],
          [
            114.1862579,
            22.3165935
          ],
          [
            114.1862588,
            22.3165609
          ],
          [
            114.1862635,
            22.3163973
          ]
        ]
      }
    },
    {
      "type": "Feature",
      "properties": {
        "highway": "footway"
      },
      "geometry": {
        "type": "LineString",
        "coordinates": [
          [
            114.182358,
            22.3189656
          ],
          [
            114.1824153,
            22.3189799
          ]
        ]
      }
    },
    {
      "type": "Feature",
      "properties": {
        "highway": "steps"
      },
      "geometry": {
        "type": "LineString",
        "coordinates": [
          [
            114.1872266,
            22.3195222
          ],
          [
            114.1872436,
            22.3195223
          ]
        ]
      }
    },
    {
      "type": "Feature",
      "properties": {
        "highway": "footway"
      },
      "geometry": {
        "type": "LineString",
        "coordinates": [
          [
            114.1872436,
            22.3195223
          ],
          [
            114.1874657,
            22.3195211
          ]
        ]
      }
    },
    {
      "type": "Feature",
      "properties": {
        "highway": "footway"
      },
      "geometry": {
        "type": "LineString",
        "coordinates": [
          [
            114.1872266,
            22.3195222
          ],
          [
            114.1872269,
            22.3195636
          ],
          [
            114.1872297,
            22.3199743
          ]
        ]
      }
    },
    {
      "type": "Feature",
      "properties": {
        "highway": "footway"
      },
      "geometry": {
        "type": "LineString",
        "coordinates": [
          [
            114.1872266,
            22.3195222
          ],
          [
            114.1872268,
            22.3194895
          ],
          [
            114.1872366,
            22.3180248
          ]
        ]
      }
    },
    {
      "type": "Feature",
      "properties": {
        "bridge": "yes",
        "covered": "yes",
        "highway": "footway",
        "layer": "2",
        "start_date": "early 2017"
      },
      "geometry": {
        "type": "LineString",
        "coordinates": [
          [
            114.179688,
            22.3226901
          ],
          [
            114.1797553,
            22.3225503
          ]
        ]
      }
    },
    {
      "type": "Feature",
      "properties": {
        "covered": "yes",
        "highway": "footway"
      },
      "geometry": {
        "type": "LineString",
        "coordinates": [
          [
            114.1797632,
            22.3225183
          ],
          [
            114.1797553,
            22.3225503
          ]
        ]
      }
    },
    {
      "type": "Feature",
      "properties": {
        "bridge": "yes",
        "highway": "steps",
        "incline": "up",
        "layer": "1",
        "surface": "paved"
      },
      "geometry": {
        "type": "LineString",
        "coordinates": [
          [
            114.1901143,
            22.3206349
          ],
          [
            114.1900604,
            22.3205362
          ],
          [
            114.1900423,
            22.3205102
          ]
        ]
      }
    },
    {
      "type": "Feature",
      "properties": {
        "highway": "steps"
      },
      "geometry": {
        "type": "LineString",
        "coordinates": [
          [
            114.190338,
            22.3203866
          ],
          [
            114.1903471,
            22.3204036
          ]
        ]
      }
    },
    {
      "type": "Feature",
      "properties": {
        "bridge": "yes",
        "highway": "path",
        "layer": "1"
      },
      "geometry": {
        "type": "LineString",
        "coordinates": [
          [
            114.1903335,
            22.3203781
          ],
          [
            114.190338,
            22.3203866
          ]
        ]
      }
    },
    {
      "type": "Feature",
      "properties": {
        "access": "no",
        "bridge": "yes",
        "highway": "steps",
        "incline": "up",
        "layer": "1",
        "surface": "paved"
      },
      "geometry": {
        "type": "LineString",
        "coordinates": [
          [
            114.1902163,
            22.3206257
          ],
          [
            114.1901709,
            22.320466
          ],
          [
            114.1901653,
            22.3204544
          ]
        ]
      }
    },
    {
      "type": "Feature",
      "properties": {
        "handrail": "yes",
        "highway": "steps"
      },
      "geometry": {
        "type": "LineString",
        "coordinates": [
          [
            114.1850447,
            22.318672
          ],
          [
            114.1849715,
            22.3186161
          ],
          [
            114.1849418,
            22.3185615
          ],
          [
            114.1849066,
            22.318557
          ],
          [
            114.1848501,
            22.3185411
          ]
        ]
      }
    },
    {
      "type": "Feature",
      "properties": {
        "highway": "footway"
      },
      "geometry": {
        "type": "LineString",
        "coordinates": [
          [
            114.1848501,
            22.3185411
          ],
          [
            114.1847736,
            22.318477
          ],
          [
            114.1847161,
            22.3184119
          ]
        ]
      }
    },
    {
      "type": "Feature",
      "properties": {
        "highway": "steps"
      },
      "geometry": {
        "type": "LineString",
        "coordinates": [
          [
            114.1847161,
            22.3184119
          ],
          [
            114.1846661,
            22.3183479
          ]
        ]
      }
    },
    {
      "type": "Feature",
      "properties": {
        "highway": "service",
        "lanes": "2",
        "name": "常盛里 Sheung Shing Lane",
        "name:en": "Sheung Shing Lane",
        "name:zh": "常盛里",
        "operation": "government",
        "ownership": "government",
        "sidewalk": "both",
        "surface": "asphalt"
      },
      "geometry": {
        "type": "LineString",
        "coordinates": [
          [
            114.1815734,
            22.318202
          ],
          [
            114.1816608,
            22.3183164
          ],
          [
            114.181692,
            22.3183571
          ]
        ]
      }
    },
    {
      "type": "Feature",
      "properties": {
        "highway": "unclassified",
        "lanes": "2",
        "motor_vehicle:conditional": "no @ (learner AND Mo-Sa 07:30 - 19:30)",
        "name": "巴富街 Perth Street",
        "name:en": "Perth Street",
        "name:zh": "巴富街",
        "oneway": "yes",
        "surface": "asphalt"
      },
      "geometry": {
        "type": "LineString",
        "coordinates": [
          [
            114.1788447,
            22.3206468
          ],
          [
            114.1787397,
            22.3206194
          ],
          [
            114.1787007,
            22.3206138
          ],
          [
            114.1786709,
            22.3206172
          ]
        ]
      }
    },
    {
      "type": "Feature",
      "properties": {
        "footway": "sidewalk",
        "highway": "footway",
        "name": "盛德街 Shing Tak Street",
        "name:en": "Shing Tak Street",
        "name:zh": "盛德街",
        "surface": "paved"
      },
      "geometry": {
        "type": "LineString",
        "coordinates": [
          [
            114.1872676,
            22.3231118
          ],
          [
            114.1877615,
            22.3240931
          ],
          [
            114.1880736,
            22.3247282
          ],
          [
            114.1881161,
            22.3248149
          ]
        ]
      }
    },
    {
      "type": "Feature",
      "properties": {
        "footway": "sidewalk",
        "highway": "footway",
        "name": "馬頭角道 Ma Tau Kok Road",
        "name:en": "Ma Tau Kok Road",
        "name:zh": "馬頭角道",
        "surface": "paved"
      },
      "geometry": {
        "type": "LineString",
        "coordinates": [
          [
            114.18738,
            22.3230487
          ],
          [
            114.1877494,
            22.3228864
          ],
          [
            114.1877664,
            22.3228795
          ],
          [
            114.1877917,
            22.3228706
          ],
          [
            114.1878104,
            22.3228732
          ]
        ]
      }
    },
    {
      "type": "Feature",
      "properties": {
        "footway": "sidewalk",
        "highway": "footway",
        "name": "馬頭涌道 Ma Tau Chung Road",
        "name:en": "Ma Tau Chung Road",
        "name:zh": "馬頭涌道",
        "surface": "paved"
      },
      "geometry": {
        "type": "LineString",
        "coordinates": [
          [
            114.1884841,
            22.3236884
          ],
          [
            114.1884901,
            22.3237349
          ],
          [
            114.1886197,
            22.3239947
          ],
          [
            114.1886464,
            22.3240168
          ],
          [
            114.1886804,
            22.3240867
          ],
          [
            114.1886801,
            22.3241156
          ],
          [
            114.1888018,
            22.3243596
          ],
          [
            114.1888321,
            22.3244386
          ],
          [
            114.1888489,
            22.3244694
          ]
        ]
      }
    },
    {
      "type": "Feature",
      "properties": {
        "footway": "crossing_access",
        "highway": "footway",
        "surface": "paved",
        "virtual": "yes"
      },
      "geometry": {
        "type": "LineString",
        "coordinates": [
          [
            114.188601,
            22.3154129
          ],
          [
            114.1886135,
            22.3154269
          ]
        ]
      }
    },
    {
      "type": "Feature",
      "properties": {
        "highway": "service",
        "lanes": "1",
        "name": "常富街 Sheung Foo Street",
        "name:en": "Sheung Foo Street",
        "name:zh": "常富街",
        "oneway": "yes",
        "turning_loop": "yes"
      },
      "geometry": {
        "type": "LineString",
        "coordinates": [
          [
            114.1808555,
            22.3176723
          ],
          [
            114.1808664,
            22.3176937
          ],
          [
            114.1808833,
            22.3177117
          ],
          [
            114.180905,
            22.3177248
          ],
          [
            114.1809301,
            22.3177319
          ],
          [
            114.1809561,
            22.3177322
          ],
          [
            114.1809824,
            22.3177254
          ],
          [
            114.1810056,
            22.3177117
          ],
          [
            114.1810225,
            22.3176937
          ],
          [
            114.1810333,
            22.3176724
          ]
        ]
      }
    },
    {
      "type": "Feature",
      "properties": {
        "bicycle": "no",
        "change:lanes": "yes|not_right|no",
        "foot": "no",
        "hazmat:HK:1": "no",
        "hazmat:HK:2": "no",
        "hazmat:HK:3": "no",
        "hazmat:HK:3A": "no",
        "hazmat:HK:5": "no",
        "headlight:high": "prohibited",
        "headlight:low": "required",
        "highway": "trunk",
        "lanes": "3",
        "lanes:reversible": "1",
        "layer": "-1",
        "loc_name:zh": "機隧",
        "maxheight": "4.6",
        "maxspeed": "70",
        "maxspeed:variable": "obstruction",
        "minspeed": "25",
        "motor_vehicle:conditional": "no @ (hazmat:HK:1; hazmat:HK:2; hazmat:HK:3; hazmat:HK:3A; hazmat:HK:5); no @ (learner)",
        "motorroad": "yes",
        "motorway": "no",
        "name": "啟德隧道 Kai Tak Tunnel",
        "name:en": "Kai Tak Tunnel",
        "name:zh": "啟德隧道",
        "network": "HK",
        "network:area": "national",
        "network:guid": "HK",
        "network:name": "香港主要幹線 Hong Kong Strategic Routes",
        "network:name:en": "Hong Kong Strategic Routes",
        "network:name:zh": "香港主要幹線",
        "network:wikidata": "Q115916223",
        "old_name": "機場隧道 Airport Tunnel",
        "old_name:en": "Airport Tunnel",
        "old_name:zh": "機場隧道",
        "oneway": "yes",
        "ref": "5",
        "short_name:zh": "啟隧",
        "shoulder": "no",
        "supervised": "yes",
        "surface": "asphalt",
        "surveillance": "yes",
        "traffic_signals": "lane",
        "tunnel": "yes",
        "turn:lanes": "left|through|through",
        "was:name": "機場隧道 Airport Tunnel",
        "was:name:en": "Airport Tunnel",
        "was:name:zh": "機場隧道"
      },
      "geometry": {
        "type": "LineString",
        "coordinates": [
          [
            114.1906403,
            22.3217906
          ],
          [
            114.1909335,
            22.3223841
          ],
          [
            114.1909503,
            22.3224181
          ],
          [
            114.1914074,
            22.3233264
          ]
        ]
      }
    },
    {
      "type": "Feature",
      "properties": {
        "bicycle": "no",
        "change": "no",
        "foot": "no",
        "hazmat:HK:1": "no",
        "hazmat:HK:2": "no",
        "hazmat:HK:3": "no",
        "hazmat:HK:3A": "no",
        "hazmat:HK:5": "no",
        "headlight:high": "prohibited",
        "headlight:low": "required",
        "highway": "trunk",
        "lanes": "2",
        "lanes:reversible": "1",
        "layer": "-1",
        "loc_name:zh": "機隧",
        "maxheight": "4.6",
        "maxspeed": "70",
        "maxspeed:variable": "obstruction",
        "minspeed": "25",
        "motor_vehicle:conditional": "no @ (hazmat:HK:1; hazmat:HK:2; hazmat:HK:3; hazmat:HK:3A; hazmat:HK:5); no @ (learner)",
        "motorroad": "yes",
        "motorway": "no",
        "name": "啟德隧道 Kai Tak Tunnel",
        "name:en": "Kai Tak Tunnel",
        "name:zh": "啟德隧道",
        "network": "HK",
        "network:area": "national",
        "network:guid": "HK",
        "network:name": "香港主要幹線 Hong Kong Strategic Routes",
        "network:name:en": "Hong Kong Strategic Routes",
        "network:name:zh": "香港主要幹線",
        "network:wikidata": "Q115916223",
        "old_name": "機場隧道 Airport Tunnel",
        "old_name:en": "Airport Tunnel",
        "old_name:zh": "機場隧道",
        "oneway": "yes",
        "ref": "5",
        "short_name:zh": "啟隧",
        "shoulder": "no",
        "supervised": "yes",
        "surface": "asphalt",
        "surveillance": "yes",
        "traffic_signals": "lane",
        "tunnel": "yes",
        "was:name": "機場隧道 Airport Tunnel",
        "was:name:en": "Airport Tunnel",
        "was:name:zh": "機場隧道"
      },
      "geometry": {
        "type": "LineString",
        "coordinates": [
          [
            114.1904789,
            22.3212539
          ],
          [
            114.1905225,
            22.3214337
          ],
          [
            114.190588,
            22.3216492
          ],
          [
            114.1906403,
            22.3217906
          ]
        ]
      }
    },
    {
      "type": "Feature",
      "properties": {
        "footway": "sidewalk",
        "highway": "footway"
      },
      "geometry": {
        "type": "LineString",
        "coordinates": [
          [
            114.1790844,
            22.3140613
          ],
          [
            114.1790139,
            22.3137863
          ],
          [
            114.1789904,
            22.3137539
          ],
          [
            114.1789542,
            22.313741
          ],
          [
            114.1788892,
            22.3137391
          ],
          [
            114.17878,
            22.3137811
          ],
          [
            114.178629,
            22.3138363
          ],
          [
            114.1784842,
            22.3138905
          ],
          [
            114.1782206,
            22.3139749
          ],
          [
            114.177937,
            22.3140065
          ],
          [
            114.1779141,
            22.3140165
          ],
          [
            114.1778965,
            22.3140365
          ],
          [
            114.1778899,
            22.3140618
          ],
          [
            114.1778921,
            22.3141027
          ]
        ]
      }
    },
    {
      "type": "Feature",
      "properties": {
        "highway": "footway"
      },
      "geometry": {
        "type": "LineString",
        "coordinates": [
          [
            114.1785908,
            22.3138793
          ],
          [
            114.1786129,
            22.3139507
          ],
          [
            114.1786885,
            22.3142406
          ]
        ]
      }
    },
    {
      "type": "Feature",
      "properties": {
        "highway": "footway"
      },
      "geometry": {
        "type": "LineString",
        "coordinates": [
          [
            114.1788358,
            22.314221
          ],
          [
            114.1789173,
            22.3142404
          ],
          [
            114.1790844,
            22.3140613
          ]
        ]
      }
    },
    {
      "type": "Feature",
      "properties": {
        "highway": "footway"
      },
      "geometry": {
        "type": "LineString",
        "coordinates": [
          [
            114.1906131,
            22.3145624
          ],
          [
            114.1905522,
            22.3145648
          ],
          [
            114.1905167,
            22.3145531
          ],
          [
            114.1904918,
            22.3145431
          ]
        ]
      }
    },
    {
      "type": "Feature",
      "properties": {
        "highway": "footway"
      },
      "geometry": {
        "type": "LineString",
        "coordinates": [
          [
            114.191698,
            22.3144295
          ],
          [
            114.1914858,
            22.3144379
          ],
          [
            114.190729,
            22.3144681
          ],
          [
            114.1906105,
            22.3145064
          ],
          [
            114.1906131,
            22.3145624
          ],
          [
            114.1906165,
            22.3146343
          ],
          [
            114.1906746,
            22.314632
          ],
          [
            114.1906791,
            22.3147268
          ],
          [
            114.1906587,
            22.3147276
          ],
          [
            114.1906634,
            22.3148285
          ],
          [
            114.1906936,
            22.3148273
          ],
          [
            114.1906952,
            22.314862
          ],
          [
            114.190723,
            22.3148609
          ],
          [
            114.1907239,
            22.3148812
          ],
          [
            114.1908271,
            22.3148771
          ],
          [
            114.1908289,
            22.3149354
          ]
        ]
      }
    },
    {
      "type": "Feature",
      "properties": {
        "covered": "yes",
        "footway": "sidewalk",
        "highway": "footway",
        "name": "常富街 Sheung Foo Street",
        "name:en": "Sheung Foo Street",
        "name:zh": "常富街",
        "surface": "paving_stones"
      },
      "geometry": {
        "type": "LineString",
        "coordinates": [
          [
            114.1816715,
            22.3164957
          ],
          [
            114.1816326,
            22.3164556
          ]
        ]
      }
    },
    {
      "type": "Feature",
      "properties": {
        "footway": "sidewalk",
        "highway": "footway",
        "name": "常富街 Sheung Foo Street",
        "name:en": "Sheung Foo Street",
        "name:zh": "常富街",
        "surface": "paving_stones"
      },
      "geometry": {
        "type": "LineString",
        "coordinates": [
          [
            114.1820324,
            22.316791
          ],
          [
            114.1819194,
            22.3167776
          ],
          [
            114.1817952,
            22.3166552
          ],
          [
            114.1817811,
            22.3166088
          ],
          [
            114.1816715,
            22.3164957
          ]
        ]
      }
    },
    {
      "type": "Feature",
      "properties": {
        "highway": "residential",
        "lanes": "2",
        "name": "常富街 Sheung Foo Street",
        "name:en": "Sheung Foo Street",
        "name:zh": "常富街"
      },
      "geometry": {
        "type": "LineString",
        "coordinates": [
          [
            114.1813277,
            22.3175826
          ],
          [
            114.1813531,
            22.3175611
          ]
        ]
      }
    },
    {
      "type": "Feature",
      "properties": {
        "highway": "residential",
        "lanes": "2",
        "name": "常富街 Sheung Foo Street",
        "name:en": "Sheung Foo Street",
        "name:zh": "常富街"
      },
      "geometry": {
        "type": "LineString",
        "coordinates": [
          [
            114.1812232,
            22.3176628
          ],
          [
            114.181272,
            22.3176308
          ],
          [
            114.1813051,
            22.3176022
          ],
          [
            114.1813277,
            22.3175826
          ]
        ]
      }
    },
    {
      "type": "Feature",
      "properties": {
        "highway": "residential",
        "lanes": "2",
        "name": "常富街 Sheung Foo Street",
        "name:en": "Sheung Foo Street",
        "name:zh": "常富街"
      },
      "geometry": {
        "type": "LineString",
        "coordinates": [
          [
            114.1810333,
            22.3176724
          ],
          [
            114.1810992,
            22.3176773
          ],
          [
            114.1811589,
            22.3176786
          ],
          [
            114.1812232,
            22.3176628
          ]
        ]
      }
    },
    {
      "type": "Feature",
      "properties": {
        "highway": "secondary",
        "intersection": "normal",
        "junction": "intersection",
        "lanes": "3",
        "name": "浙江街 Chi Kiang Street",
        "name:en": "Chi Kiang Street",
        "name:zh": "浙江街",
        "oneway": "yes",
        "source": "Yahoo",
        "surface": "asphalt",
        "traffic_signals": "signal",
        "traffic_signals:ref": "K031"
      },
      "geometry": {
        "type": "LineString",
        "coordinates": [
          [
            114.1886538,
            22.3153391
          ],
          [
            114.1887434,
            22.3152904
          ]
        ]
      }
    },
    {
      "type": "Feature",
      "properties": {
        "bus:backward": "designated",
        "carriageway": "single",
        "highway": "unclassified",
        "lanes": "2",
        "lanes:backward": "1",
        "lanes:forward": "1",
        "motor_vehicle:backward": "no",
        "name": "盛德街 Shing Tak Street",
        "name:en": "Shing Tak Street",
        "name:zh": "盛德街",
        "oneway": "yes",
        "oneway:bicycle": "no",
        "oneway:bus": "no",
        "sidewalk": "both"
      },
      "geometry": {
        "type": "LineString",
        "coordinates": [
          [
            114.1876866,
            22.323816
          ],
          [
            114.1875666,
            22.3235831
          ]
        ]
      }
    },
    {
      "type": "Feature",
      "properties": {
        "bus:backward": "designated",
        "carriageway": "single",
        "highway": "unclassified",
        "lanes": "2",
        "lanes:backward": "1",
        "lanes:forward": "1",
        "motor_vehicle:backward": "no",
        "name": "盛德街 Shing Tak Street",
        "name:en": "Shing Tak Street",
        "name:zh": "盛德街",
        "oneway": "yes",
        "oneway:bicycle": "no",
        "oneway:bus": "no",
        "sidewalk": "both"
      },
      "geometry": {
        "type": "LineString",
        "coordinates": [
          [
            114.1875666,
            22.3235831
          ],
          [
            114.1873969,
            22.3232537
          ],
          [
            114.1873388,
            22.3231302
          ],
          [
            114.1872896,
            22.3230285
          ]
        ]
      }
    },
    {
      "type": "Feature",
      "properties": {
        "carriageway": "dual",
        "highway": "secondary",
        "lanes": "3",
        "name": "土瓜灣道 To Kwa Wan Road",
        "name:en": "To Kwa Wan Road",
        "name:zh": "土瓜灣道",
        "oneway": "yes",
        "surface": "asphalt"
      },
      "geometry": {
        "type": "LineString",
        "coordinates": [
          [
            114.1893142,
            22.3158887
          ],
          [
            114.1888483,
            22.3153995
          ],
          [
            114.1888225,
            22.3153724
          ],
          [
            114.1887434,
            22.3152904
          ]
        ]
      }
    },
    {
      "type": "Feature",
      "properties": {
        "highway": "footway"
      },
      "geometry": {
        "type": "LineString",
        "coordinates": [
          [
            114.1831135,
            22.317978
          ],
          [
            114.1830596,
            22.3179568
          ],
          [
            114.1830463,
            22.317726
          ],
          [
            114.1829399,
            22.3177374
          ]
        ]
      }
    },
    {
      "type": "Feature",
      "properties": {
        "highway": "path"
      },
      "geometry": {
        "type": "LineString",
        "coordinates": [
          [
            114.183562,
            22.316208
          ],
          [
            114.1834893,
            22.3163945
          ],
          [
            114.1834044,
            22.3166119
          ],
          [
            114.1834124,
            22.3170195
          ],
          [
            114.1835208,
            22.3173752
          ]
        ]
      }
    },
    {
      "type": "Feature",
      "properties": {
        "highway": "steps"
      },
      "geometry": {
        "type": "LineString",
        "coordinates": [
          [
            114.1834893,
            22.3163945
          ],
          [
            114.1832934,
            22.3164459
          ]
        ]
      }
    },
    {
      "type": "Feature",
      "properties": {
        "highway": "footway"
      },
      "geometry": {
        "type": "LineString",
        "coordinates": [
          [
            114.1832934,
            22.3164459
          ],
          [
            114.1832476,
            22.3164337
          ]
        ]
      }
    },
    {
      "type": "Feature",
      "properties": {
        "highway": "steps"
      },
      "geometry": {
        "type": "LineString",
        "coordinates": [
          [
            114.183562,
            22.316208
          ],
          [
            114.1834825,
            22.3161811
          ]
        ]
      }
    },
    {
      "type": "Feature",
      "properties": {
        "highway": "path"
      },
      "geometry": {
        "type": "LineString",
        "coordinates": [
          [
            114.1834825,
            22.3161811
          ],
          [
            114.1834188,
            22.3163523
          ]
        ]
      }
    },
    {
      "type": "Feature",
      "properties": {
        "highway": "path"
      },
      "geometry": {
        "type": "LineString",
        "coordinates": [
          [
            114.1834825,
            22.3161811
          ],
          [
            114.1835415,
            22.3159981
          ]
        ]
      }
    },
    {
      "type": "Feature",
      "properties": {
        "highway": "footway"
      },
      "geometry": {
        "type": "LineString",
        "coordinates": [
          [
            114.1893379,
            22.31363
          ],
          [
            114.1894353,
            22.3138318
          ],
          [
            114.1895445,
            22.3140567
          ],
          [
            114.1896351,
            22.3142389
          ],
          [
            114.1900049,
            22.3140832
          ],
          [
            114.1900188,
            22.3140725
          ],
          [
            114.190027,
            22.3140556
          ],
          [
            114.1900276,
            22.3140369
          ]
        ]
      }
    },
    {
      "type": "Feature",
      "properties": {
        "footway": "sidewalk",
        "highway": "footway"
      },
      "geometry": {
        "type": "LineString",
        "coordinates": [
          [
            114.188746,
            22.3151851
          ],
          [
            114.1887272,
            22.3151665
          ],
          [
            114.1884653,
            22.3148887
          ],
          [
            114.1883874,
            22.3148095
          ],
          [
            114.1883562,
            22.3147764
          ],
          [
            114.1880804,
            22.3144849
          ],
          [
            114.1880358,
            22.3144645
          ],
          [
            114.1880093,
            22.3144076
          ],
          [
            114.1877961,
            22.3141799
          ],
          [
            114.1877704,
            22.3141445
          ],
          [
            114.1877522,
            22.3141058
          ],
          [
            114.1877369,
            22.3140623
          ],
          [
            114.1877286,
            22.3140116
          ],
          [
            114.1877321,
            22.3137321
          ]
        ]
      }
    },
    {
      "type": "Feature",
      "properties": {
        "footway": "sidewalk",
        "highway": "footway",
        "name:left": "九龍城道 Kowloon City Road",
        "name:left:en": "Kowloon City Road",
        "name:left:zh": "九龍城道",
        "name:right": "馬頭圍道 Ma Tau Wai Road",
        "name:right:en": "Ma Tau Wai Road",
        "name:right:zh": "馬頭圍道",
        "surface": "paved"
      },
      "geometry": {
        "type": "LineString",
        "coordinates": [
          [
            114.1877492,
            22.3161963
          ],
          [
            114.1877576,
            22.3161111
          ],
          [
            114.1877981,
            22.3160164
          ],
          [
            114.1879343,
            22.3159308
          ]
        ]
      }
    },
    {
      "type": "Feature",
      "properties": {
        "footway": "sidewalk",
        "highway": "footway"
      },
      "geometry": {
        "type": "LineString",
        "coordinates": [
          [
            114.1880225,
            22.3161026
          ],
          [
            114.1882443,
            22.3165362
          ],
          [
            114.1882557,
            22.3165587
          ],
          [
            114.188646,
            22.3163874
          ],
          [
            114.1883894,
            22.3158928
          ]
        ]
      }
    },
    {
      "type": "Feature",
      "properties": {
        "footway": "sidewalk",
        "highway": "footway",
        "name": "九龍城道 Kowloon City Road",
        "name:en": "Kowloon City Road",
        "name:zh": "九龍城道",
        "surface": "paved"
      },
      "geometry": {
        "type": "LineString",
        "coordinates": [
          [
            114.1877492,
            22.3161963
          ],
          [
            114.1877945,
            22.316231
          ],
          [
            114.1880055,
            22.3166388
          ],
          [
            114.1880312,
            22.3166913
          ],
          [
            114.1883751,
            22.3173973
          ]
        ]
      }
    },
    {
      "type": "Feature",
      "properties": {
        "footway": "sidewalk",
        "highway": "footway"
      },
      "geometry": {
        "type": "LineString",
        "coordinates": [
          [
            114.1882443,
            22.3165362
          ],
          [
            114.1881842,
            22.3165571
          ],
          [
            114.1880389,
            22.3166236
          ],
          [
            114.1880055,
            22.3166388
          ]
        ]
      }
    },
    {
      "type": "Feature",
      "properties": {
        "footway": "sidewalk",
        "highway": "footway"
      },
      "geometry": {
        "type": "LineString",
        "coordinates": [
          [
            114.1882838,
            22.3166193
          ],
          [
            114.1885811,
            22.3172263
          ]
        ]
      }
    },
    {
      "type": "Feature",
      "properties": {
        "footway": "sidewalk",
        "highway": "footway"
      },
      "geometry": {
        "type": "LineString",
        "coordinates": [
          [
            114.1895548,
            22.3164265
          ],
          [
            114.1893418,
            22.3165946
          ],
          [
            114.1890381,
            22.3168612
          ]
        ]
      }
    },
    {
      "type": "Feature",
      "properties": {
        "footway": "sidewalk",
        "highway": "footway"
      },
      "geometry": {
        "type": "LineString",
        "coordinates": [
          [
            114.1893929,
            22.3166502
          ],
          [
            114.189369,
            22.3166701
          ],
          [
            114.1890695,
            22.3169198
          ],
          [
            114.1890395,
            22.3169435
          ]
        ]
      }
    },
    {
      "type": "Feature",
      "properties": {
        "highway": "footway",
        "surface": "paved",
        "tactile_paving": "kerb"
      },
      "geometry": {
        "type": "LineString",
        "coordinates": [
          [
            114.1907309,
            22.3176451
          ],
          [
            114.1908058,
            22.3177267
          ],
          [
            114.1908343,
            22.3177589
          ]
        ]
      }
    },
    {
      "type": "Feature",
      "properties": {
        "footway": "sidewalk",
        "highway": "footway"
      },
      "geometry": {
        "type": "LineString",
        "coordinates": [
          [
            114.1907309,
            22.3176451
          ],
          [
            114.1907356,
            22.3176683
          ],
          [
            114.190731,
            22.317688
          ],
          [
            114.1907189,
            22.3177062
          ],
          [
            114.190149,
            22.3179428
          ],
          [
            114.1895044,
            22.3166185
          ]
        ]
      }
    },
    {
      "type": "Feature",
      "properties": {
        "footway": "sidewalk",
        "highway": "footway"
      },
      "geometry": {
        "type": "LineString",
        "coordinates": [
          [
            114.1908343,
            22.3177589
          ],
          [
            114.1905977,
            22.3178608
          ],
          [
            114.1901955,
            22.318034
          ]
        ]
      }
    },
    {
      "type": "Feature",
      "properties": {
        "crossing": "unmarked",
        "crossing:markings": "no",
        "footway": "crossing",
        "highway": "footway"
      },
      "geometry": {
        "type": "LineString",
        "coordinates": [
          [
            114.1901955,
            22.318034
          ],
          [
            114.1901742,
            22.3179974
          ],
          [
            114.190149,
            22.3179428
          ]
        ]
      }
    },
    {
      "type": "Feature",
      "properties": {
        "footway": "sidewalk",
        "highway": "footway"
      },
      "geometry": {
        "type": "LineString",
        "coordinates": [
          [
            114.1901069,
            22.3180695
          ],
          [
            114.1900944,
            22.3180733
          ],
          [
            114.1897035,
            22.3182425
          ],
          [
            114.1896869,
            22.3182497
          ],
          [
            114.1896685,
            22.3182577
          ],
          [
            114.1896333,
            22.3182709
          ],
          [
            114.1895674,
            22.3182997
          ],
          [
            114.1895521,
            22.3183064
          ],
          [
            114.1892464,
            22.3184398
          ],
          [
            114.1892048,
            22.318458
          ]
        ]
      }
    },
    {
      "type": "Feature",
      "properties": {
        "footway": "sidewalk",
        "highway": "footway"
      },
      "geometry": {
        "type": "LineString",
        "coordinates": [
          [
            114.1885406,
            22.3186434
          ],
          [
            114.1885511,
            22.3186389
          ],
          [
            114.188892,
            22.318493
          ],
          [
            114.1889126,
            22.3184842
          ],
          [
            114.1889591,
            22.3184643
          ],
          [
            114.1891065,
            22.3184021
          ],
          [
            114.1891552,
            22.3183805
          ],
          [
            114.1891849,
            22.3183675
          ],
          [
            114.1892081,
            22.3183573
          ],
          [
            114.1895078,
            22.318226
          ],
          [
            114.1895153,
            22.3182227
          ]
        ]
      }
    },
    {
      "type": "Feature",
      "properties": {
        "crossing": "traffic_signals",
        "footway": "crossing",
        "highway": "footway"
      },
      "geometry": {
        "type": "LineString",
        "coordinates": [
          [
            114.1897607,
            22.316249
          ],
          [
            114.1897821,
            22.3162693
          ],
          [
            114.1898519,
            22.3163384
          ]
        ]
      }
    },
    {
      "type": "Feature",
      "properties": {
        "crossing": "traffic_signals",
        "footway": "crossing",
        "highway": "footway"
      },
      "geometry": {
        "type": "LineString",
        "coordinates": [
          [
            114.1895548,
            22.3164265
          ],
          [
            114.1895782,
            22.3164459
          ],
          [
            114.1896554,
            22.3165108
          ]
        ]
      }
    },
    {
      "type": "Feature",
      "properties": {
        "footway": "sidewalk",
        "highway": "footway"
      },
      "geometry": {
        "type": "LineString",
        "coordinates": [
          [
            114.1888568,
            22.3152886
          ],
          [
            114.1901747,
            22.3146411
          ],
          [
            114.1902206,
            22.3146281
          ],
          [
            114.1902631,
            22.3146384
          ],
          [
            114.1902991,
            22.3146542
          ],
          [
            114.190332,
            22.3146762
          ]
        ]
      }
    },
    {
      "type": "Feature",
      "properties": {
        "footway": "sidewalk",
        "highway": "footway"
      },
      "geometry": {
        "type": "LineString",
        "coordinates": [
          [
            114.1897607,
            22.316249
          ],
          [
            114.1901504,
            22.3159254
          ],
          [
            114.1902414,
            22.3158411
          ],
          [
            114.1905404,
            22.3155642
          ],
          [
            114.1905475,
            22.3155444
          ],
          [
            114.1907946,
            22.3153351
          ],
          [
            114.1908029,
            22.3153241
          ],
          [
            114.1908164,
            22.3153063
          ],
          [
            114.1908279,
            22.3152758
          ]
        ]
      }
    },
    {
      "type": "Feature",
      "properties": {
        "from:motorroad": "yes",
        "highway": "trunk_link",
        "lanes": "1",
        "maxspeed": "50",
        "name": "啟德隧道 Kai Tak Tunnel",
        "name:en": "Kai Tak Tunnel",
        "name:zh": "啟德隧道",
        "oneway": "yes",
        "surface": "concrete"
      },
      "geometry": {
        "type": "LineString",
        "coordinates": [
          [
            114.1906785,
            22.3238931
          ],
          [
            114.1904758,
            22.3239195
          ]
        ]
      }
    },
    {
      "type": "Feature",
      "properties": {
        "from:motorroad": "yes",
        "highway": "trunk_link",
        "lanes": "2",
        "maxspeed": "50",
        "name": "啟德隧道 Kai Tak Tunnel",
        "name:en": "Kai Tak Tunnel",
        "name:zh": "啟德隧道",
        "oneway": "yes",
        "placement": "transition",
        "surface": "concrete"
      },
      "geometry": {
        "type": "LineString",
        "coordinates": [
          [
            114.1904758,
            22.3239195
          ],
          [
            114.1903515,
            22.3239101
          ]
        ]
      }
    },
    {
      "type": "Feature",
      "properties": {
        "footway": "sidewalk",
        "highway": "footway",
        "name": "木廠街 Mok Cheong Street",
        "name:en": "Mok Cheong Street",
        "name:zh": "木廠街",
        "surface": "paved"
      },
      "geometry": {
        "type": "LineString",
        "coordinates": [
          [
            114.1888884,
            22.3235451
          ],
          [
            114.1888703,
            22.3235123
          ],
          [
            114.188816,
            22.323516
          ],
          [
            114.1886685,
            22.3235743
          ],
          [
            114.1885076,
            22.3236469
          ],
          [
            114.1884928,
            22.3236648
          ],
          [
            114.1884841,
            22.3236884
          ]
        ]
      }
    },
    {
      "type": "Feature",
      "properties": {
        "highway": "footway",
        "surface": "paved"
      },
      "geometry": {
        "type": "LineString",
        "coordinates": [
          [
            114.1885076,
            22.3236469
          ],
          [
            114.1884811,
            22.3235964
          ],
          [
            114.1884543,
            22.3235454
          ]
        ]
      }
    },
    {
      "type": "Feature",
      "properties": {
        "footway": "crossing",
        "highway": "footway",
        "surface": "paved"
      },
      "geometry": {
        "type": "LineString",
        "coordinates": [
          [
            114.1888884,
            22.3235451
          ],
          [
            114.1889295,
            22.323527
          ],
          [
            114.1889729,
            22.3235089
          ]
        ]
      }
    },
    {
      "type": "Feature",
      "properties": {
        "footway": "crossing",
        "highway": "footway",
        "surface": "paved"
      },
      "geometry": {
        "type": "LineString",
        "coordinates": [
          [
            114.188816,
            22.323516
          ],
          [
            114.1887904,
            22.3234645
          ],
          [
            114.1887654,
            22.3234142
          ]
        ]
      }
    },
    {
      "type": "Feature",
      "properties": {
        "footway": "alley",
        "highway": "footway",
        "surface": "paved"
      },
      "geometry": {
        "type": "LineString",
        "coordinates": [
          [
            114.1890621,
            22.3243881
          ],
          [
            114.1890349,
            22.3243612
          ],
          [
            114.1886598,
            22.3236082
          ],
          [
            114.1886685,
            22.3235743
          ]
        ]
      }
    },
    {
      "type": "Feature",
      "properties": {
        "highway": "footway",
        "surface": "paved"
      },
      "geometry": {
        "type": "LineString",
        "coordinates": [
          [
            114.1908643,
            22.320304
          ],
          [
            114.1908818,
            22.3202877
          ]
        ]
      }
    },
    {
      "type": "Feature",
      "properties": {
        "highway": "footway",
        "surface": "paved"
      },
      "geometry": {
        "type": "LineString",
        "coordinates": [
          [
            114.1907488,
            22.3199974
          ],
          [
            114.190826,
            22.319996
          ]
        ]
      }
    },
    {
      "type": "Feature",
      "properties": {
        "highway": "footway",
        "surface": "paved"
      },
      "geometry": {
        "type": "LineString",
        "coordinates": [
          [
            114.1899951,
            22.3206472
          ],
          [
            114.1899901,
            22.3206594
          ]
        ]
      }
    },
    {
      "type": "Feature",
      "properties": {
        "carriageway": "single",
        "highway": "tertiary",
        "lanes:unmarked": "2",
        "maxspeed": "50",
        "name": "木廠街 Mok Cheong Street",
        "name:en": "Mok Cheong Street",
        "name:zh": "木廠街",
        "oneway": "yes",
        "parking:right": "street_side",
        "parking:right:maxstay": "0 min",
        "parking:right:orientation": "parallel",
        "parking:right:restriction:conditional": "no_stopping @ (07:00-19:00; PH off)",
        "parking:right:restriction:reason": "driveway",
        "parking:right:restriction:taxi:conditional": "no_standing @ (07:00-19:00; PH off))",
        "sidewalk": "both",
        "surface": "concrete",
        "turn": "left;through",
        "wikidata": "Q28003876",
        "wikipedia": "zh:木廠街"
      },
      "geometry": {
        "type": "LineString",
        "coordinates": [
          [
            114.1890147,
            22.3233689
          ],
          [
            114.189207,
            22.323287
          ],
          [
            114.189271,
            22.3232596
          ]
        ]
      }
    },
    {
      "type": "Feature",
      "properties": {
        "carriageway": "single",
        "highway": "tertiary",
        "lanes:unmarked": "2",
        "maxspeed": "50",
        "name": "木廠街 Mok Cheong Street",
        "name:en": "Mok Cheong Street",
        "name:zh": "木廠街",
        "oneway": "yes",
        "parking:right:restriction:conditional": "no_stopping @ (07:00-19:00; PH off)",
        "parking:right:restriction:taxi:conditional": "no_standing @ (07:00-19:00; PH off))",
        "sidewalk": "both",
        "surface": "concrete",
        "turn": "left;through",
        "wikidata": "Q28003876",
        "wikipedia": "zh:木廠街"
      },
      "geometry": {
        "type": "LineString",
        "coordinates": [
          [
            114.1888795,
            22.3234266
          ],
          [
            114.1889593,
            22.3233926
          ],
          [
            114.1890147,
            22.3233689
          ]
        ]
      }
    },
    {
      "type": "Feature",
      "properties": {
        "carriageway": "single",
        "highway": "tertiary",
        "lanes": "3",
        "maxspeed": "50",
        "name": "木廠街 Mok Cheong Street",
        "name:en": "Mok Cheong Street",
        "name:zh": "木廠街",
        "oneway": "yes",
        "parking:left:restriction:conditional": "no_stopping @ (07:00-19:00)",
        "parking:left:restriction:taxi:conditional": "no_standing @ (07:00-19:00)",
        "sidewalk": "both",
        "surface": "concrete",
        "turn": "left;through",
        "turn:lanes": "left|through|through",
        "wikidata": "Q28003876",
        "wikipedia": "zh:木廠街"
      },
      "geometry": {
        "type": "LineString",
        "coordinates": [
          [
            114.190481,
            22.3227394
          ],
          [
            114.1909145,
            22.3225514
          ],
          [
            114.1909428,
            22.3225392
          ],
          [
            114.1910275,
            22.3224981
          ]
        ]
      }
    },
    {
      "type": "Feature",
      "properties": {
        "carriageway": "single",
        "highway": "tertiary",
        "lanes": "2",
        "lanes:marked": "2",
        "lanes:unmarked": "3",
        "maxspeed": "50",
        "name": "木廠街 Mok Cheong Street",
        "name:en": "Mok Cheong Street",
        "name:zh": "木廠街",
        "oneway": "yes",
        "parking:both:restriction:conditional": "no_stopping @ (07:00-19:00)",
        "parking:both:restriction:taxi:conditional": "no_standing @ (07:00-19:00)",
        "parking:right": "street_side",
        "parking:right:fee:conditional": "yes @ (Mo-Sa 08:00-24:00; Su,PH 10:00-22:00)",
        "parking:right:orientation": "parallel",
        "parking:right:restriction:conditional": "no_stopping @ (07:00-19:00)",
        "parking:right:restriction:reason": "driveway",
        "parking:right:restriction:taxi:conditional": "no_standing @ (07:00-19:00)",
        "sidewalk": "both",
        "surface": "concrete",
        "wikidata": "Q28003876",
        "wikipedia": "zh:木廠街"
      },
      "geometry": {
        "type": "LineString",
        "coordinates": [
          [
            114.1900235,
            22.3229372
          ],
          [
            114.1901328,
            22.32289
          ],
          [
            114.190481,
            22.3227394
          ]
        ]
      }
    },
    {
      "type": "Feature",
      "properties": {
        "carriageway": "single",
        "highway": "tertiary",
        "lanes": "2",
        "lanes:marked": "2",
        "lanes:unmarked": "3",
        "maxspeed": "50",
        "name": "木廠街 Mok Cheong Street",
        "name:en": "Mok Cheong Street",
        "name:zh": "木廠街",
        "oneway": "yes",
        "parking:both:restriction:conditional": "no_stopping @ (07:00-19:00)",
        "parking:both:restriction:taxi:conditional": "no_standing @ (07:00-19:00)",
        "parking:right": "street_side",
        "parking:right:fee:conditional": "yes @ (Mo-Sa 08:00-24:00; Su,PH 10:00-22:00)",
        "parking:right:orientation": "parallel",
        "parking:right:restriction:conditional": "no_stopping @ (07:00-19:00)",
        "parking:right:restriction:reason": "driveway",
        "parking:right:restriction:taxi:conditional": "no_standing @ (07:00-19:00)",
        "sidewalk": "both",
        "surface": "concrete",
        "wikidata": "Q28003876",
        "wikipedia": "zh:木廠街"
      },
      "geometry": {
        "type": "LineString",
        "coordinates": [
          [
            114.1895515,
            22.3231399
          ],
          [
            114.1896763,
            22.3230865
          ]
        ]
      }
    },
    {
      "type": "Feature",
      "properties": {
        "carriageway": "single",
        "highway": "tertiary",
        "lanes": "2",
        "lanes:marked": "2",
        "lanes:unmarked": "3",
        "maxspeed": "50",
        "name": "木廠街 Mok Cheong Street",
        "name:en": "Mok Cheong Street",
        "name:zh": "木廠街",
        "oneway": "yes",
        "parking:both:restriction:conditional": "no_stopping @ (07:00-19:00)",
        "parking:both:restriction:taxi:conditional": "no_standing @ (07:00-19:00)",
        "parking:right": "street_side",
        "parking:right:fee:conditional": "yes @ (Mo-Sa 08:00-24:00; Su,PH 10:00-22:00)",
        "parking:right:orientation": "parallel",
        "parking:right:restriction:reason": "driveway",
        "sidewalk": "both",
        "surface": "concrete",
        "wikidata": "Q28003876",
        "wikipedia": "zh:木廠街"
      },
      "geometry": {
        "type": "LineString",
        "coordinates": [
          [
            114.1896763,
            22.3230865
          ],
          [
            114.1898694,
            22.3230039
          ],
          [
            114.1900235,
            22.3229372
          ]
        ]
      }
    },
    {
      "type": "Feature",
      "properties": {
        "carriageway": "single",
        "highway": "tertiary",
        "lanes": "2",
        "maxspeed": "50",
        "name": "木廠街 Mok Cheong Street",
        "name:en": "Mok Cheong Street",
        "name:zh": "木廠街",
        "oneway": "yes",
        "parking:both:restriction:conditional": "no_stopping @ (07:00-19:00)",
        "parking:both:restriction:taxi:conditional": "no_standing @ (07:00-19:00)",
        "parking:right:restriction:conditional": "no_stopping @ (07:00-19:00)",
        "parking:right:restriction:taxi:conditional": "no_standing @ (07:00-19:00)",
        "sidewalk": "both",
        "surface": "concrete",
        "wikidata": "Q28003876",
        "wikipedia": "zh:木廠街"
      },
      "geometry": {
        "type": "LineString",
        "coordinates": [
          [
            114.1894027,
            22.3232035
          ],
          [
            114.1894777,
            22.3231715
          ],
          [
            114.1895515,
            22.3231399
          ]
        ]
      }
    },
    {
      "type": "Feature",
      "properties": {
        "carriageway": "single",
        "highway": "tertiary",
        "lanes:unmarked": "2",
        "maxspeed": "50",
        "name": "木廠街 Mok Cheong Street",
        "name:en": "Mok Cheong Street",
        "name:zh": "木廠街",
        "oneway": "yes",
        "parking:right:restriction:conditional": "no_stopping @ (07:00-19:00; PH off)",
        "parking:right:restriction:taxi:conditional": "no_standing @ (07:00-19:00; PH off))",
        "sidewalk": "both",
        "surface": "concrete",
        "turn": "left;through",
        "wikidata": "Q28003876",
        "wikipedia": "zh:木廠街"
      },
      "geometry": {
        "type": "LineString",
        "coordinates": [
          [
            114.189271,
            22.3232596
          ],
          [
            114.1892999,
            22.3232473
          ],
          [
            114.1893306,
            22.3232343
          ],
          [
            114.1894027,
            22.3232035
          ]
        ]
      }
    },
    {
      "type": "Feature",
      "properties": {
        "carriageway": "single",
        "highway": "tertiary",
        "lanes": "1",
        "lanes:marked": "1",
        "lanes:unmarked": "2",
        "maxspeed": "50",
        "name": "木廠街 Mok Cheong Street",
        "name:en": "Mok Cheong Street",
        "name:zh": "木廠街",
        "oneway": "yes",
        "sidewalk": "both",
        "surface": "concrete",
        "wikidata": "Q28003876",
        "wikipedia": "zh:木廠街"
      },
      "geometry": {
        "type": "LineString",
        "coordinates": [
          [
            114.1883767,
            22.3236409
          ],
          [
            114.1884811,
            22.3235964
          ],
          [
            114.1885177,
            22.3235808
          ]
        ]
      }
    },
    {
      "type": "Feature",
      "properties": {
        "carriageway": "single",
        "highway": "tertiary",
        "lanes": "2",
        "name": "譚公道 Tam Kung Road",
        "name:en": "Tam Kung Road",
        "name:zh": "譚公道",
        "note:highway:criteria": "restriction",
        "oneway": "yes",
        "sidewalk": "both",
        "surface": "asphalt"
      },
      "geometry": {
        "type": "LineString",
        "coordinates": [
          [
            114.1888795,
            22.3234266
          ],
          [
            114.1888427,
            22.3233527
          ],
          [
            114.1884609,
            22.3225865
          ],
          [
            114.1884324,
            22.3225292
          ]
        ]
      }
    },
    {
      "type": "Feature",
      "properties": {
        "footway": "alley",
        "highway": "footway",
        "surface": "paved"
      },
      "geometry": {
        "type": "LineString",
        "coordinates": [
          [
            114.1892142,
            22.3234917
          ],
          [
            114.1895369,
            22.3241648
          ]
        ]
      }
    },
    {
      "type": "Feature",
      "properties": {
        "highway": "footway",
        "surface": "paved"
      },
      "geometry": {
        "type": "LineString",
        "coordinates": [
          [
            114.1901143,
            22.3206349
          ],
          [
            114.1901323,
            22.3206831
          ],
          [
            114.1900897,
            22.3207086
          ],
          [
            114.1900543,
            22.3207223
          ]
        ]
      }
    },
    {
      "type": "Feature",
      "properties": {
        "highway": "unclassified",
        "lanes": "2",
        "name": "北帝街 Pak Tai Street",
        "name:en": "Pak Tai Street",
        "name:zh": "北帝街",
        "oneway": "yes",
        "parking:left": "street_side",
        "parking:left:fee": "yes",
        "parking:left:markings": "yes",
        "parking:left:orientation": "parallel",
        "sidewalk": "both",
        "surface": "asphalt"
      },
      "geometry": {
        "type": "LineString",
        "coordinates": [
          [
            114.1894546,
            22.3233162
          ],
          [
            114.1894857,
            22.3233817
          ],
          [
            114.1896543,
            22.3237379
          ]
        ]
      }
    },
    {
      "type": "Feature",
      "properties": {
        "highway": "unclassified",
        "lanes": "2",
        "name": "北帝街 Pak Tai Street",
        "name:en": "Pak Tai Street",
        "name:zh": "北帝街",
        "oneway": "yes",
        "sidewalk": "both",
        "surface": "asphalt"
      },
      "geometry": {
        "type": "LineString",
        "coordinates": [
          [
            114.1896543,
            22.3237379
          ],
          [
            114.1897053,
            22.3238458
          ],
          [
            114.1897598,
            22.3239608
          ]
        ]
      }
    },
    {
      "type": "Feature",
      "properties": {
        "highway": "footway"
      },
      "geometry": {
        "type": "LineString",
        "coordinates": [
          [
            114.1892142,
            22.3234917
          ],
          [
            114.1894308,
            22.323401
          ]
        ]
      }
    },
    {
      "type": "Feature",
      "properties": {
        "highway": "unclassified",
        "lanes": "1",
        "name": "北帝街 Pak Tai Street",
        "name:en": "Pak Tai Street",
        "name:zh": "北帝街",
        "oneway": "yes",
        "sidewalk": "both",
        "surface": "asphalt",
        "turn": "left"
      },
      "geometry": {
        "type": "LineString",
        "coordinates": [
          [
            114.1897598,
            22.3239608
          ],
          [
            114.1897936,
            22.3240609
          ],
          [
            114.1898209,
            22.3241415
          ]
        ]
      }
    },
    {
      "type": "Feature",
      "properties": {
        "highway": "service"
      },
      "geometry": {
        "type": "LineString",
        "coordinates": [
          [
            114.1896232,
            22.3238787
          ],
          [
            114.189653,
            22.3238668
          ],
          [
            114.1897053,
            22.3238458
          ]
        ]
      }
    },
    {
      "type": "Feature",
      "properties": {
        "highway": "service"
      },
      "geometry": {
        "type": "LineString",
        "coordinates": [
          [
            114.1889886,
            22.3236456
          ],
          [
            114.1889481,
            22.3236627
          ],
          [
            114.1888997,
            22.3236831
          ]
        ]
      }
    },
    {
      "type": "Feature",
      "properties": {
        "footway": "sidewalk",
        "highway": "footway",
        "name": "馬頭涌道 Ma Tau Chung Road",
        "name:en": "Ma Tau Chung Road",
        "name:zh": "馬頭涌道",
        "surface": "paved"
      },
      "geometry": {
        "type": "LineString",
        "coordinates": [
          [
            114.1880245,
            22.3227776
          ],
          [
            114.1880233,
            22.3228003
          ],
          [
            114.1883815,
            22.3235132
          ],
          [
            114.1884078,
            22.3235613
          ]
        ]
      }
    },
    {
      "type": "Feature",
      "properties": {
        "footway": "sidewalk",
        "highway": "footway",
        "name": "木廠街 Mok Cheong Street",
        "name:en": "Mok Cheong Street",
        "name:zh": "木廠街",
        "surface": "paved"
      },
      "geometry": {
        "type": "LineString",
        "coordinates": [
          [
            114.1887654,
            22.3234142
          ],
          [
            114.1884543,
            22.3235454
          ],
          [
            114.1884078,
            22.3235613
          ]
        ]
      }
    },
    {
      "type": "Feature",
      "properties": {
        "footway": "sidewalk",
        "highway": "footway",
        "name": "譚公道 Tam Kung Road",
        "name:en": "Tam Kung Road",
        "name:zh": "譚公道",
        "surface": "paved"
      },
      "geometry": {
        "type": "LineString",
        "coordinates": [
          [
            114.1892596,
            22.3243
          ],
          [
            114.1892586,
            22.3242789
          ],
          [
            114.1892246,
            22.3242098
          ],
          [
            114.1891902,
            22.32414
          ],
          [
            114.1889481,
            22.3236627
          ],
          [
            114.1888884,
            22.3235451
          ]
        ]
      }
    },
    {
      "type": "Feature",
      "properties": {
        "footway": "sidewalk",
        "highway": "footway",
        "name": "譚公道 Tam Kung Road",
        "name:en": "Tam Kung Road",
        "name:zh": "譚公道",
        "surface": "paved"
      },
      "geometry": {
        "type": "LineString",
        "coordinates": [
          [
            114.1893531,
            22.3242287
          ],
          [
            114.1893256,
            22.3242126
          ],
          [
            114.1893028,
            22.3241723
          ],
          [
            114.1892807,
            22.324127
          ],
          [
            114.1889729,
            22.3235089
          ],
          [
            114.188962,
            22.3234869
          ]
        ]
      }
    },
    {
      "type": "Feature",
      "properties": {
        "carriageway": "dual",
        "highway": "secondary",
        "lanes": "3",
        "name": "馬頭圍道 Ma Tau Wai Road",
        "name:en": "Ma Tau Wai Road",
        "name:zh": "馬頭圍道",
        "oneway": "yes",
        "sidewalk": "left",
        "surface": "asphalt"
      },
      "geometry": {
        "type": "LineString",
        "coordinates": [
          [
            114.1876788,
            22.3140965
          ],
          [
            114.1876701,
            22.3140264
          ],
          [
            114.1876695,
            22.3135435
          ],
          [
            114.187668,
            22.3134374
          ]
        ]
      }
    },
    {
      "type": "Feature",
      "properties": {
        "highway": "unclassified",
        "lanes": "4",
        "name": "崇安街 Sung On Street",
        "name:en": "Sung On Street",
        "name:zh": "崇安街",
        "surface": "asphalt",
        "turn:lanes:backward": "through|right"
      },
      "geometry": {
        "type": "LineString",
        "coordinates": [
          [
            114.1903204,
            22.3144907
          ],
          [
            114.1902626,
            22.3143649
          ],
          [
            114.1901377,
            22.3140944
          ],
          [
            114.1899844,
            22.3137528
          ]
        ]
      }
    },
    {
      "type": "Feature",
      "properties": {
        "highway": "service",
        "tunnel": "building_passage"
      },
      "geometry": {
        "type": "LineString",
        "coordinates": [
          [
            114.1870484,
            22.3231249
          ],
          [
            114.1868931,
            22.3231897
          ]
        ]
      }
    },
    {
      "type": "Feature",
      "properties": {
        "footway": "sidewalk",
        "highway": "footway"
      },
      "geometry": {
        "type": "LineString",
        "coordinates": [
          [
            114.1877922,
            22.3238957
          ],
          [
            114.1878691,
            22.3240509
          ],
          [
            114.1881451,
            22.3246078
          ],
          [
            114.188155,
            22.3246279
          ],
          [
            114.1881683,
            22.3246547
          ]
        ]
      }
    },
    {
      "type": "Feature",
      "properties": {
        "carriageway": "dual",
        "change:lanes": "no|not_left|yes",
        "highway": "secondary",
        "lanes": "3",
        "name": "亞皆老街 Argyle Street",
        "name:en": "Argyle Street",
        "name:zh": "亞皆老街",
        "oneway": "yes",
        "placement": "left_of:2",
        "sidewalk:left": "separate",
        "surface": "concrete",
        "turn:lanes": "left|through|through"
      },
      "geometry": {
        "type": "LineString",
        "coordinates": [
          [
            114.1786222,
            22.3216727
          ],
          [
            114.17845,
            22.3215912
          ],
          [
            114.1784265,
            22.3215806
          ],
          [
            114.1783794,
            22.3215564
          ],
          [
            114.1783125,
            22.3215158
          ]
        ]
      }
    },
    {
      "type": "Feature",
      "properties": {
        "carriageway": "dual",
        "highway": "primary",
        "lanes": "4",
        "maxspeed": "50",
        "name": "窩打老道 Waterloo Road",
        "name:en": "Waterloo Road",
        "name:zh": "窩打老道",
        "oneway": "yes",
        "sidewalk": "left",
        "surface": "concrete",
        "turn:lanes": "left|through|right|right;reverse"
      },
      "geometry": {
        "type": "LineString",
        "coordinates": [
          [
            114.178129,
            22.3220208
          ],
          [
            114.1781269,
            22.3219098
          ]
        ]
      }
    },
    {
      "type": "Feature",
      "properties": {
        "carriageway": "dual",
        "highway": "secondary",
        "lanes": "2",
        "name": "亞皆老街 Argyle Street",
        "name:en": "Argyle Street",
        "name:zh": "亞皆老街",
        "oneway": "yes",
        "sidewalk:left": "separate",
        "surface": "concrete"
      },
      "geometry": {
        "type": "LineString",
        "coordinates": [
          [
            114.1798981,
            22.3222647
          ],
          [
            114.1798234,
            22.3222281
          ],
          [
            114.1796158,
            22.3221266
          ],
          [
            114.1795376,
            22.3220884
          ],
          [
            114.1793433,
            22.3219934
          ],
          [
            114.1792725,
            22.3219587
          ]
        ]
      }
    },
    {
      "type": "Feature",
      "properties": {
        "carriageway": "dual",
        "change:lanes": "yes|not_right|not_left|yes",
        "highway": "primary",
        "lanes": "4",
        "name": "亞皆老街 Argyle Street",
        "name:en": "Argyle Street",
        "name:zh": "亞皆老街",
        "oneway": "yes",
        "surface": "concrete",
        "turn:lanes": "through|through|right|right"
      },
      "geometry": {
        "type": "LineString",
        "coordinates": [
          [
            114.1831395,
            22.3238496
          ],
          [
            114.1834371,
            22.3239811
          ]
        ]
      }
    },
    {
      "type": "Feature",
      "properties": {
        "carriageway": "dual",
        "change:lanes": "yes|not_right|not_left|yes",
        "highway": "primary",
        "lanes": "4",
        "name": "亞皆老街 Argyle Street",
        "name:en": "Argyle Street",
        "name:zh": "亞皆老街",
        "oneway": "yes",
        "surface": "concrete",
        "turn:lanes": "through|through|right|right"
      },
      "geometry": {
        "type": "LineString",
        "coordinates": [
          [
            114.1834371,
            22.3239811
          ],
          [
            114.1835591,
            22.3240399
          ],
          [
            114.1836701,
            22.3240913
          ]
        ]
      }
    },
    {
      "type": "Feature",
      "properties": {
        "carriageway": "single",
        "highway": "secondary",
        "lanes": "4",
        "name": "浙江街 Chi Kiang Street",
        "name:en": "Chi Kiang Street",
        "name:zh": "浙江街",
        "oneway": "yes",
        "sidewalk": "both",
        "source": "Yahoo",
        "surface": "asphalt"
      },
      "geometry": {
        "type": "LineString",
        "coordinates": [
          [
            114.1879443,
            22.3156727
          ],
          [
            114.1882639,
            22.315528
          ]
        ]
      }
    },
    {
      "type": "Feature",
      "properties": {
        "carriageway": "single",
        "highway": "secondary",
        "lanes": "4",
        "name": "浙江街 Chi Kiang Street",
        "name:en": "Chi Kiang Street",
        "name:zh": "浙江街",
        "oneway": "yes",
        "sidewalk": "both",
        "source": "Yahoo",
        "surface": "asphalt",
        "turn:lanes": "left|through|right|right"
      },
      "geometry": {
        "type": "LineString",
        "coordinates": [
          [
            114.1882639,
            22.315528
          ],
          [
            114.1885396,
            22.3153994
          ],
          [
            114.1885759,
            22.3153825
          ],
          [
            114.1886538,
            22.3153391
          ]
        ]
      }
    },
    {
      "type": "Feature",
      "properties": {
        "carriageway": "single",
        "highway": "secondary",
        "lanes": "2",
        "name": "浙江街 Chi Kiang Street",
        "name:en": "Chi Kiang Street",
        "name:zh": "浙江街",
        "oneway": "yes",
        "sidewalk": "both",
        "source": "Yahoo",
        "surface": "asphalt"
      },
      "geometry": {
        "type": "LineString",
        "coordinates": [
          [
            114.1887434,
            22.3152904
          ],
          [
            114.1888173,
            22.3152488
          ],
          [
            114.1892583,
            22.3150268
          ]
        ]
      }
    },
    {
      "type": "Feature",
      "properties": {
        "carriageway": "dual",
        "highway": "primary",
        "lanes": "3",
        "maxspeed": "50",
        "name": "馬頭圍道 Ma Tau Wai Road",
        "name:en": "Ma Tau Wai Road",
        "name:zh": "馬頭圍道",
        "oneway": "yes",
        "sidewalk": "left",
        "surface": "asphalt",
        "turn:lanes": "left|left;through|through"
      },
      "geometry": {
        "type": "LineString",
        "coordinates": [
          [
            114.187669,
            22.3161279
          ],
          [
            114.1877017,
            22.3159629
          ],
          [
            114.1877281,
            22.3158561
          ],
          [
            114.1877414,
            22.3158021
          ],
          [
            114.1877537,
            22.3157369
          ]
        ]
      }
    },
    {
      "type": "Feature",
      "properties": {
        "highway": "service",
        "name": "半山徑 Celestial Avenue",
        "name:en": "Celestial Avenue",
        "name:zh": "半山徑",
        "oneway": "yes",
        "surface": "concrete"
      },
      "geometry": {
        "type": "LineString",
        "coordinates": [
          [
            114.1849633,
            22.3190924
          ],
          [
            114.1849389,
            22.3190838
          ],
          [
            114.1849158,
            22.319079
          ],
          [
            114.1848898,
            22.3190785
          ],
          [
            114.1848611,
            22.3190884
          ],
          [
            114.1848376,
            22.319106
          ],
          [
            114.1848188,
            22.3191352
          ],
          [
            114.1847744,
            22.3192263
          ],
          [
            114.1847466,
            22.3192833
          ],
          [
            114.1847185,
            22.3193411
          ]
        ]
      }
    },
    {
      "type": "Feature",
      "properties": {
        "highway": "service",
        "name": "半山徑 Celestial Avenue",
        "name:en": "Celestial Avenue",
        "name:zh": "半山徑",
        "oneway": "yes",
        "surface": "concrete"
      },
      "geometry": {
        "type": "LineString",
        "coordinates": [
          [
            114.1847934,
            22.3193452
          ],
          [
            114.184821,
            22.3192857
          ],
          [
            114.184837,
            22.3192511
          ],
          [
            114.1848531,
            22.3192164
          ],
          [
            114.184859,
            22.3191979
          ],
          [
            114.1848613,
            22.3191809
          ],
          [
            114.1848608,
            22.3191533
          ],
          [
            114.1848667,
            22.3191304
          ],
          [
            114.184879,
            22.3191104
          ],
          [
            114.1848957,
            22.3190978
          ],
          [
            114.1849205,
            22.3190902
          ],
          [
            114.1849426,
            22.3190887
          ],
          [
            114.1849633,
            22.3190924
          ]
        ]
      }
    },
    {
      "type": "Feature",
      "properties": {
        "change:lanes:backward": "yes|not_right",
        "change:lanes:forward": "yes|not_right",
        "highway": "tertiary",
        "lanes": "4",
        "lanes:backward": "2",
        "lanes:forward": "2",
        "motor_vehicle:conditional": "no @ (learner AND Mo-Sa 07:30-19:30)",
        "name": "天光道 Tin Kwong Road",
        "name:en": "Tin Kwong Road",
        "name:zh": "天光道",
        "sidewalk": "both",
        "surface": "asphalt",
        "turn:lanes:backward": "left|through"
      },
      "geometry": {
        "type": "LineString",
        "coordinates": [
          [
            114.1864104,
            22.3200185
          ],
          [
            114.1868754,
            22.3200162
          ]
        ]
      }
    },
    {
      "type": "Feature",
      "properties": {
        "change:lanes:backward": "yes|not_right",
        "change:lanes:forward": "yes|not_right",
        "highway": "tertiary",
        "lanes": "4",
        "lanes:backward": "2",
        "lanes:forward": "2",
        "motor_vehicle:conditional": "no @ (learner AND Mo-Sa 07:30-19:30)",
        "name": "天光道 Tin Kwong Road",
        "name:en": "Tin Kwong Road",
        "name:zh": "天光道",
        "sidewalk": "both",
        "surface": "asphalt",
        "turn:lanes:forward": "left|through;right"
      },
      "geometry": {
        "type": "LineString",
        "coordinates": [
          [
            114.18723,
            22.3200232
          ],
          [
            114.1873421,
            22.3200254
          ],
          [
            114.1873989,
            22.3200265
          ],
          [
            114.1874386,
            22.3200316
          ]
        ]
      }
    },
    {
      "type": "Feature",
      "properties": {
        "highway": "footway"
      },
      "geometry": {
        "type": "LineString",
        "coordinates": [
          [
            114.1831962,
            22.3239701
          ],
          [
            114.1831914,
            22.3240053
          ],
          [
            114.1831858,
            22.3240469
          ]
        ]
      }
    },
    {
      "type": "Feature",
      "properties": {
        "highway": "footway",
        "name": "九龍城道 Kowloon City Road",
        "name:en": "Kowloon City Road",
        "name:zh": "九龍城道"
      },
      "geometry": {
        "type": "LineString",
        "coordinates": [
          [
            114.1913383,
            22.3233572
          ],
          [
            114.191339,
            22.3233355
          ],
          [
            114.1909905,
            22.3226202
          ],
          [
            114.1909792,
            22.3225982
          ]
        ]
      }
    },
    {
      "type": "Feature",
      "properties": {
        "footway": "sidewalk",
        "highway": "footway",
        "name": "宋皇臺道 Sung Wong Toi Road",
        "name:en": "Sung Wong Toi Road",
        "name:zh": "宋皇臺道",
        "surface": "paved"
      },
      "geometry": {
        "type": "LineString",
        "coordinates": [
          [
            114.1913383,
            22.3233572
          ],
          [
            114.1913176,
            22.3233805
          ],
          [
            114.1912666,
            22.3234027
          ],
          [
            114.1899741,
            22.323987
          ]
        ]
      }
    },
    {
      "type": "Feature",
      "properties": {
        "highway": "footway",
        "name": "北帝街 Pak Tai Street",
        "name:en": "Pak Tai Street",
        "name:zh": "北帝街"
      },
      "geometry": {
        "type": "LineString",
        "coordinates": [
          [
            114.1899741,
            22.323987
          ],
          [
            114.1896011,
            22.3232086
          ],
          [
            114.1895933,
            22.3231848
          ]
        ]
      }
    },
    {
      "type": "Feature",
      "properties": {
        "highway": "footway",
        "surface": "concrete"
      },
      "geometry": {
        "type": "LineString",
        "coordinates": [
          [
            114.1899741,
            22.323987
          ],
          [
            114.1897936,
            22.3240609
          ],
          [
            114.1897445,
            22.324081
          ]
        ]
      }
    },
    {
      "type": "Feature",
      "properties": {
        "highway": "footway",
        "name": "北帝街 Pak Tai Street",
        "name:en": "Pak Tai Street",
        "name:zh": "北帝街",
        "surface": "concrete"
      },
      "geometry": {
        "type": "LineString",
        "coordinates": [
          [
            114.1897445,
            22.324081
          ],
          [
            114.1897076,
            22.3239813
          ],
          [
            114.189653,
            22.3238668
          ],
          [
            114.1894308,
            22.323401
          ],
          [
            114.1893833,
            22.3233015
          ]
        ]
      }
    },
    {
      "type": "Feature",
      "properties": {
        "highway": "footway",
        "surface": "paved"
      },
      "geometry": {
        "type": "LineString",
        "coordinates": [
          [
            114.1909905,
            22.3226202
          ],
          [
            114.1910713,
            22.3225837
          ],
          [
            114.1912258,
            22.32253
          ]
        ]
      }
    },
    {
      "type": "Feature",
      "properties": {
        "highway": "footway",
        "surface": "concrete"
      },
      "geometry": {
        "type": "LineString",
        "coordinates": [
          [
            114.1909792,
            22.3225982
          ],
          [
            114.1902312,
            22.3229198
          ],
          [
            114.1901453,
            22.322983
          ],
          [
            114.1900146,
            22.3230377
          ],
          [
            114.1898983,
            22.3230562
          ],
          [
            114.1895933,
            22.3231848
          ]
        ]
      }
    },
    {
      "type": "Feature",
      "properties": {
        "highway": "footway"
      },
      "geometry": {
        "type": "LineString",
        "coordinates": [
          [
            114.1909091,
            22.3224747
          ],
          [
            114.19085,
            22.3225
          ],
          [
            114.1904533,
            22.3226837
          ],
          [
            114.1899955,
            22.322881
          ]
        ]
      }
    },
    {
      "type": "Feature",
      "properties": {
        "highway": "footway"
      },
      "geometry": {
        "type": "LineString",
        "coordinates": [
          [
            114.1899955,
            22.322881
          ],
          [
            114.18945,
            22.3231162
          ],
          [
            114.1894242,
            22.3231273
          ]
        ]
      }
    },
    {
      "type": "Feature",
      "properties": {
        "highway": "footway"
      },
      "geometry": {
        "type": "LineString",
        "coordinates": [
          [
            114.188962,
            22.3234869
          ],
          [
            114.1889641,
            22.3234637
          ],
          [
            114.1889869,
            22.3234451
          ],
          [
            114.1891569,
            22.3233705
          ],
          [
            114.1893316,
            22.3232938
          ],
          [
            114.1893597,
            22.3232925
          ],
          [
            114.1893833,
            22.3233015
          ]
        ]
      }
    },
    {
      "type": "Feature",
      "properties": {
        "highway": "footway"
      },
      "geometry": {
        "type": "LineString",
        "coordinates": [
          [
            114.1892142,
            22.3234917
          ],
          [
            114.1891569,
            22.3233705
          ]
        ]
      }
    },
    {
      "type": "Feature",
      "properties": {
        "highway": "footway"
      },
      "geometry": {
        "type": "LineString",
        "coordinates": [
          [
            114.1889343,
            22.323345
          ],
          [
            114.1893033,
            22.3231796
          ]
        ]
      }
    },
    {
      "type": "Feature",
      "properties": {
        "highway": "footway"
      },
      "geometry": {
        "type": "LineString",
        "coordinates": [
          [
            114.1889869,
            22.3234451
          ],
          [
            114.1889593,
            22.3233926
          ],
          [
            114.1889343,
            22.323345
          ]
        ]
      }
    },
    {
      "type": "Feature",
      "properties": {
        "highway": "footway",
        "name": "譚公道 Tam Kung Road",
        "name:en": "Tam Kung Road",
        "name:zh": "譚公道",
        "surface": "concrete"
      },
      "geometry": {
        "type": "LineString",
        "coordinates": [
          [
            114.1889343,
            22.323345
          ],
          [
            114.1889131,
            22.3233441
          ],
          [
            114.1889016,
            22.323336
          ],
          [
            114.1888981,
            22.3233289
          ],
          [
            114.1885349,
            22.3225755
          ],
          [
            114.1885411,
            22.3225575
          ]
        ]
      }
    },
    {
      "type": "Feature",
      "properties": {
        "highway": "footway",
        "name": "譚公道 Tam Kung Road",
        "name:en": "Tam Kung Road",
        "name:zh": "譚公道"
      },
      "geometry": {
        "type": "LineString",
        "coordinates": [
          [
            114.188403,
            22.3226074
          ],
          [
            114.1884207,
            22.3226164
          ],
          [
            114.188782,
            22.3233788
          ],
          [
            114.1887862,
            22.3233875
          ],
          [
            114.1887808,
            22.323403
          ],
          [
            114.1887654,
            22.3234142
          ]
        ]
      }
    },
    {
      "type": "Feature",
      "properties": {
        "highway": "footway"
      },
      "geometry": {
        "type": "LineString",
        "coordinates": [
          [
            114.188782,
            22.3233788
          ],
          [
            114.1888427,
            22.3233527
          ],
          [
            114.1888981,
            22.3233289
          ]
        ]
      }
    },
    {
      "type": "Feature",
      "properties": {
        "highway": "footway",
        "surface": "paved"
      },
      "geometry": {
        "type": "LineString",
        "coordinates": [
          [
            114.1893833,
            22.3233015
          ],
          [
            114.1894377,
            22.3232783
          ],
          [
            114.1895146,
            22.3232455
          ],
          [
            114.1896011,
            22.3232086
          ]
        ]
      }
    },
    {
      "type": "Feature",
      "properties": {
        "highway": "footway",
        "surface": "paved"
      },
      "geometry": {
        "type": "LineString",
        "coordinates": [
          [
            114.1895146,
            22.3232455
          ],
          [
            114.1894777,
            22.3231715
          ],
          [
            114.18945,
            22.3231162
          ]
        ]
      }
    },
    {
      "type": "Feature",
      "properties": {
        "highway": "footway",
        "surface": "paved"
      },
      "geometry": {
        "type": "LineString",
        "coordinates": [
          [
            114.1893597,
            22.3232925
          ],
          [
            114.1893306,
            22.3232343
          ],
          [
            114.1893033,
            22.3231796
          ]
        ]
      }
    },
    {
      "type": "Feature",
      "properties": {
        "highway": "footway"
      },
      "geometry": {
        "type": "LineString",
        "coordinates": [
          [
            114.1893033,
            22.3231796
          ],
          [
            114.1893046,
            22.3231607
          ],
          [
            114.1889357,
            22.3224143
          ],
          [
            114.1889091,
            22.3223995
          ]
        ]
      }
    },
    {
      "type": "Feature",
      "properties": {
        "highway": "footway",
        "surface": "concrete"
      },
      "geometry": {
        "type": "LineString",
        "coordinates": [
          [
            114.1894242,
            22.3231273
          ],
          [
            114.1894166,
            22.323112
          ],
          [
            114.1891244,
            22.3225239
          ],
          [
            114.1890472,
            22.3223684
          ],
          [
            114.1890613,
            22.322339
          ]
        ]
      }
    },
    {
      "type": "Feature",
      "properties": {
        "highway": "footway"
      },
      "geometry": {
        "type": "LineString",
        "coordinates": [
          [
            114.1893046,
            22.3231607
          ],
          [
            114.1893681,
            22.3231331
          ],
          [
            114.1894166,
            22.323112
          ]
        ]
      }
    },
    {
      "type": "Feature",
      "properties": {
        "highway": "footway",
        "surface": "paved"
      },
      "geometry": {
        "type": "LineString",
        "coordinates": [
          [
            114.1909091,
            22.3224747
          ],
          [
            114.1908972,
            22.3224535
          ],
          [
            114.1906041,
            22.3218676
          ],
          [
            114.1905371,
            22.3217232
          ],
          [
            114.1905216,
            22.3216898
          ]
        ]
      }
    },
    {
      "type": "Feature",
      "properties": {
        "covered": "yes",
        "footway": "sidewalk",
        "highway": "footway",
        "name": "九龍城道 Kowloon City Road",
        "name:en": "Kowloon City Road",
        "name:zh": "九龍城道"
      },
      "geometry": {
        "type": "LineString",
        "coordinates": [
          [
            114.1911432,
            22.3223599
          ],
          [
            114.1911184,
            22.3223171
          ],
          [
            114.1911009,
            22.3222812
          ],
          [
            114.1908101,
            22.3216907
          ],
          [
            114.1907854,
            22.3216436
          ],
          [
            114.1907755,
            22.3216277
          ],
          [
            114.1907665,
            22.3216063
          ]
        ]
      }
    },
    {
      "type": "Feature",
      "properties": {
        "highway": "footway",
        "surface": "paved"
      },
      "geometry": {
        "type": "LineString",
        "coordinates": [
          [
            114.1908972,
            22.3224535
          ],
          [
            114.1909825,
            22.3224197
          ],
          [
            114.1911432,
            22.3223599
          ]
        ]
      }
    },
    {
      "type": "Feature",
      "properties": {
        "highway": "footway",
        "name": "馬頭角道 Ma Tau Kok Road",
        "name:en": "Ma Tau Kok Road",
        "name:zh": "馬頭角道"
      },
      "geometry": {
        "type": "LineString",
        "coordinates": [
          [
            114.1907665,
            22.3216063
          ],
          [
            114.1907597,
            22.3215934
          ],
          [
            114.1909302,
            22.3215186
          ],
          [
            114.1909652,
            22.3215032
          ],
          [
            114.1909861,
            22.321494
          ],
          [
            114.1911722,
            22.3214124
          ],
          [
            114.1912,
            22.3214002
          ],
          [
            114.1912195,
            22.3213916
          ],
          [
            114.1914038,
            22.3213108
          ],
          [
            114.1914327,
            22.3212981
          ],
          [
            114.1914543,
            22.3212886
          ],
          [
            114.1916397,
            22.3212072
          ],
          [
            114.1916679,
            22.3211949
          ],
          [
            114.1916914,
            22.3211846
          ],
          [
            114.191875,
            22.321104
          ],
          [
            114.1919018,
            22.3210922
          ],
          [
            114.1919202,
            22.3210842
          ],
          [
            114.1921059,
            22.3210027
          ],
          [
            114.192135,
            22.3209899
          ],
          [
            114.1921572,
            22.3209802
          ],
          [
            114.1923391,
            22.3209004
          ],
          [
            114.1923684,
            22.3208875
          ],
          [
            114.1923897,
            22.3208781
          ],
          [
            114.1925738,
            22.3207974
          ],
          [
            114.1926002,
            22.3207858
          ],
          [
            114.1926197,
            22.3207772
          ],
          [
            114.1928066,
            22.3206952
          ],
          [
            114.1928364,
            22.3206821
          ],
          [
            114.1928567,
            22.3206732
          ],
          [
            114.1930453,
            22.3205905
          ],
          [
            114.1930687,
            22.3205802
          ],
          [
            114.1930933,
            22.3205694
          ],
          [
            114.1932707,
            22.3204916
          ],
          [
            114.1933041,
            22.3204758
          ],
          [
            114.1933376,
            22.3204622
          ]
        ]
      }
    },
    {
      "type": "Feature",
      "properties": {
        "highway": "footway"
      },
      "geometry": {
        "type": "LineString",
        "coordinates": [
          [
            114.1909861,
            22.321494
          ],
          [
            114.1913854,
            22.3222618
          ]
        ]
      }
    },
    {
      "type": "Feature",
      "properties": {
        "highway": "footway"
      },
      "geometry": {
        "type": "LineString",
        "coordinates": [
          [
            114.1913159,
            22.3222889
          ],
          [
            114.1909302,
            22.3215186
          ]
        ]
      }
    },
    {
      "type": "Feature",
      "properties": {
        "highway": "footway"
      },
      "geometry": {
        "type": "LineString",
        "coordinates": [
          [
            114.1877922,
            22.3238957
          ],
          [
            114.1873729,
            22.3230743
          ],
          [
            114.18738,
            22.3230487
          ]
        ]
      }
    },
    {
      "type": "Feature",
      "properties": {
        "highway": "footway"
      },
      "geometry": {
        "type": "LineString",
        "coordinates": [
          [
            114.1872676,
            22.3231118
          ],
          [
            114.1872247,
            22.3231059
          ],
          [
            114.1870797,
            22.3231609
          ]
        ]
      }
    },
    {
      "type": "Feature",
      "properties": {
        "highway": "footway"
      },
      "geometry": {
        "type": "LineString",
        "coordinates": [
          [
            114.1871298,
            22.322992
          ],
          [
            114.1870346,
            22.3230321
          ]
        ]
      }
    },
    {
      "type": "Feature",
      "properties": {
        "highway": "footway"
      },
      "geometry": {
        "type": "LineString",
        "coordinates": [
          [
            114.1879509,
            22.322662
          ],
          [
            114.1879151,
            22.3225959
          ],
          [
            114.1877116,
            22.3221814
          ],
          [
            114.1876906,
            22.322122
          ],
          [
            114.1876836,
            22.3220659
          ],
          [
            114.1876824,
            22.3216317
          ],
          [
            114.1876941,
            22.3216004
          ],
          [
            114.1877131,
            22.3215673
          ],
          [
            114.1877393,
            22.3215417
          ],
          [
            114.1877778,
            22.321526
          ],
          [
            114.1878056,
            22.3215231
          ],
          [
            114.1878327,
            22.3215312
          ]
        ]
      }
    },
    {
      "type": "Feature",
      "properties": {
        "highway": "footway"
      },
      "geometry": {
        "type": "LineString",
        "coordinates": [
          [
            114.1880245,
            22.3227776
          ],
          [
            114.188403,
            22.3226074
          ],
          [
            114.1884609,
            22.3225865
          ],
          [
            114.1885411,
            22.3225575
          ],
          [
            114.1889091,
            22.3223995
          ],
          [
            114.1889847,
            22.3223694
          ],
          [
            114.1890613,
            22.322339
          ],
          [
            114.1896111,
            22.3220952
          ],
          [
            114.1900017,
            22.321922
          ],
          [
            114.1900607,
            22.3218959
          ],
          [
            114.1901102,
            22.3218739
          ],
          [
            114.1905216,
            22.3216898
          ]
        ]
      }
    },
    {
      "type": "Feature",
      "properties": {
        "highway": "footway"
      },
      "geometry": {
        "type": "LineString",
        "coordinates": [
          [
            114.188403,
            22.3226074
          ],
          [
            114.1883754,
            22.3225557
          ],
          [
            114.1883518,
            22.3225115
          ]
        ]
      }
    },
    {
      "type": "Feature",
      "properties": {
        "highway": "footway"
      },
      "geometry": {
        "type": "LineString",
        "coordinates": [
          [
            114.1883518,
            22.3225115
          ],
          [
            114.1883557,
            22.3224987
          ],
          [
            114.1880614,
            22.3219117
          ],
          [
            114.1879362,
            22.3216621
          ],
          [
            114.1878917,
            22.3215734
          ],
          [
            114.1878702,
            22.3215511
          ],
          [
            114.1878327,
            22.3215312
          ]
        ]
      }
    },
    {
      "type": "Feature",
      "properties": {
        "highway": "footway"
      },
      "geometry": {
        "type": "LineString",
        "coordinates": [
          [
            114.1885411,
            22.3225575
          ],
          [
            114.1885117,
            22.3224972
          ],
          [
            114.1884916,
            22.3224559
          ]
        ]
      }
    },
    {
      "type": "Feature",
      "properties": {
        "highway": "footway"
      },
      "geometry": {
        "type": "LineString",
        "coordinates": [
          [
            114.1884916,
            22.3224559
          ],
          [
            114.1884794,
            22.3224512
          ],
          [
            114.188046,
            22.3216115
          ],
          [
            114.1879844,
            22.3214922
          ]
        ]
      }
    },
    {
      "type": "Feature",
      "properties": {
        "highway": "footway"
      },
      "geometry": {
        "type": "LineString",
        "coordinates": [
          [
            114.1890613,
            22.322339
          ],
          [
            114.1890344,
            22.3222831
          ],
          [
            114.1890099,
            22.3222321
          ]
        ]
      }
    },
    {
      "type": "Feature",
      "properties": {
        "highway": "footway"
      },
      "geometry": {
        "type": "LineString",
        "coordinates": [
          [
            114.1890099,
            22.3222321
          ],
          [
            114.1889815,
            22.3222293
          ],
          [
            114.1885134,
            22.3212923
          ],
          [
            114.1885227,
            22.3212695
          ]
        ]
      }
    },
    {
      "type": "Feature",
      "properties": {
        "highway": "footway",
        "surface": "paved"
      },
      "geometry": {
        "type": "LineString",
        "coordinates": [
          [
            114.1888528,
            22.3223037
          ],
          [
            114.1888609,
            22.3222859
          ],
          [
            114.1884016,
            22.3213384
          ],
          [
            114.1883813,
            22.3213327
          ]
        ]
      }
    },
    {
      "type": "Feature",
      "properties": {
        "highway": "footway",
        "surface": "paved"
      },
      "geometry": {
        "type": "LineString",
        "coordinates": [
          [
            114.1888609,
            22.3222859
          ],
          [
            114.1889272,
            22.3222548
          ],
          [
            114.1889815,
            22.3222293
          ]
        ]
      }
    },
    {
      "type": "Feature",
      "properties": {
        "highway": "footway"
      },
      "geometry": {
        "type": "LineString",
        "coordinates": [
          [
            114.1900017,
            22.321922
          ],
          [
            114.1899712,
            22.3218617
          ],
          [
            114.1899451,
            22.3218104
          ]
        ]
      }
    },
    {
      "type": "Feature",
      "properties": {
        "highway": "footway"
      },
      "geometry": {
        "type": "LineString",
        "coordinates": [
          [
            114.1901102,
            22.3218739
          ],
          [
            114.190083,
            22.3218132
          ],
          [
            114.1900598,
            22.3217613
          ]
        ]
      }
    },
    {
      "type": "Feature",
      "properties": {
        "highway": "footway"
      },
      "geometry": {
        "type": "LineString",
        "coordinates": [
          [
            114.1899451,
            22.3218104
          ],
          [
            114.1899458,
            22.3217973
          ],
          [
            114.1895102,
            22.3208722
          ],
          [
            114.1894837,
            22.3208609
          ]
        ]
      }
    },
    {
      "type": "Feature",
      "properties": {
        "highway": "footway"
      },
      "geometry": {
        "type": "LineString",
        "coordinates": [
          [
            114.1900598,
            22.3217613
          ],
          [
            114.1900438,
            22.321756
          ],
          [
            114.189623,
            22.3208271
          ],
          [
            114.189627,
            22.3208064
          ]
        ]
      }
    },
    {
      "type": "Feature",
      "properties": {
        "highway": "footway"
      },
      "geometry": {
        "type": "LineString",
        "coordinates": [
          [
            114.1907597,
            22.3215934
          ],
          [
            114.1907295,
            22.3215405
          ],
          [
            114.1906978,
            22.3214722
          ]
        ]
      }
    },
    {
      "type": "Feature",
      "properties": {
        "highway": "footway"
      },
      "geometry": {
        "type": "LineString",
        "coordinates": [
          [
            114.1905216,
            22.3216898
          ],
          [
            114.1904959,
            22.3216414
          ],
          [
            114.1904657,
            22.3215848
          ]
        ]
      }
    },
    {
      "type": "Feature",
      "properties": {
        "highway": "footway"
      },
      "geometry": {
        "type": "LineString",
        "coordinates": [
          [
            114.1906978,
            22.3214722
          ],
          [
            114.1905497,
            22.3215338
          ],
          [
            114.1904657,
            22.3215848
          ],
          [
            114.1900598,
            22.3217613
          ],
          [
            114.1900069,
            22.3217839
          ],
          [
            114.1899451,
            22.3218104
          ],
          [
            114.1890099,
            22.3222321
          ]
        ]
      }
    },
    {
      "type": "Feature",
      "properties": {
        "highway": "footway",
        "surface": "paved"
      },
      "geometry": {
        "type": "LineString",
        "coordinates": [
          [
            114.1888528,
            22.3223037
          ],
          [
            114.1884916,
            22.3224559
          ]
        ]
      }
    },
    {
      "type": "Feature",
      "properties": {
        "highway": "footway"
      },
      "geometry": {
        "type": "LineString",
        "coordinates": [
          [
            114.1883518,
            22.3225115
          ],
          [
            114.1879791,
            22.322669
          ],
          [
            114.1879509,
            22.322662
          ]
        ]
      }
    },
    {
      "type": "Feature",
      "properties": {
        "highway": "footway"
      },
      "geometry": {
        "type": "LineString",
        "coordinates": [
          [
            114.1883557,
            22.3224987
          ],
          [
            114.1884073,
            22.3224788
          ],
          [
            114.1884794,
            22.3224512
          ]
        ]
      }
    },
    {
      "type": "Feature",
      "properties": {
        "highway": "footway"
      },
      "geometry": {
        "type": "LineString",
        "coordinates": [
          [
            114.1880245,
            22.3227776
          ],
          [
            114.1880031,
            22.3227265
          ],
          [
            114.1879791,
            22.322669
          ]
        ]
      }
    },
    {
      "type": "Feature",
      "properties": {
        "highway": "footway"
      },
      "geometry": {
        "type": "LineString",
        "coordinates": [
          [
            114.1904657,
            22.3215848
          ],
          [
            114.1902703,
            22.3211579
          ],
          [
            114.1900543,
            22.3207223
          ],
          [
            114.1900243,
            22.3206619
          ]
        ]
      }
    },
    {
      "type": "Feature",
      "properties": {
        "highway": "footway"
      },
      "geometry": {
        "type": "LineString",
        "coordinates": [
          [
            114.1900243,
            22.3206619
          ],
          [
            114.1899901,
            22.3206594
          ]
        ]
      }
    },
    {
      "type": "Feature",
      "properties": {
        "highway": "footway"
      },
      "geometry": {
        "type": "LineString",
        "coordinates": [
          [
            114.1879362,
            22.3216621
          ],
          [
            114.1879884,
            22.321638
          ],
          [
            114.188046,
            22.3216115
          ]
        ]
      }
    },
    {
      "type": "Feature",
      "properties": {
        "highway": "footway"
      },
      "geometry": {
        "type": "LineString",
        "coordinates": [
          [
            114.1879844,
            22.3214922
          ],
          [
            114.1879966,
            22.3214761
          ],
          [
            114.1883813,
            22.3213327
          ]
        ]
      }
    },
    {
      "type": "Feature",
      "properties": {
        "highway": "footway"
      },
      "geometry": {
        "type": "LineString",
        "coordinates": [
          [
            114.1879319,
            22.3213735
          ],
          [
            114.1879504,
            22.3213792
          ],
          [
            114.1883216,
            22.3212296
          ],
          [
            114.1883309,
            22.3212167
          ]
        ]
      }
    },
    {
      "type": "Feature",
      "properties": {
        "highway": "footway"
      },
      "geometry": {
        "type": "LineString",
        "coordinates": [
          [
            114.1883309,
            22.3212167
          ],
          [
            114.1878718,
            22.320299
          ]
        ]
      }
    },
    {
      "type": "Feature",
      "properties": {
        "highway": "footway",
        "surface": "concrete"
      },
      "geometry": {
        "type": "LineString",
        "coordinates": [
          [
            114.1878718,
            22.320299
          ],
          [
            114.1878518,
            22.3202804
          ],
          [
            114.187764,
            22.3202391
          ],
          [
            114.1877371,
            22.3202383
          ]
        ]
      }
    },
    {
      "type": "Feature",
      "properties": {
        "highway": "footway"
      },
      "geometry": {
        "type": "LineString",
        "coordinates": [
          [
            114.1884726,
            22.3211726
          ],
          [
            114.1884464,
            22.3211711
          ],
          [
            114.1879689,
            22.3202363
          ],
          [
            114.1879766,
            22.3202177
          ]
        ]
      }
    },
    {
      "type": "Feature",
      "properties": {
        "highway": "footway"
      },
      "geometry": {
        "type": "LineString",
        "coordinates": [
          [
            114.1884016,
            22.3213384
          ],
          [
            114.1884559,
            22.321316
          ],
          [
            114.1885134,
            22.3212923
          ]
        ]
      }
    },
    {
      "type": "Feature",
      "properties": {
        "highway": "footway"
      },
      "geometry": {
        "type": "LineString",
        "coordinates": [
          [
            114.1883813,
            22.3213327
          ],
          [
            114.1883496,
            22.3212778
          ],
          [
            114.1883216,
            22.3212296
          ]
        ]
      }
    },
    {
      "type": "Feature",
      "properties": {
        "highway": "footway"
      },
      "geometry": {
        "type": "LineString",
        "coordinates": [
          [
            114.1883309,
            22.3212167
          ],
          [
            114.1883933,
            22.3211921
          ],
          [
            114.1884464,
            22.3211711
          ]
        ]
      }
    },
    {
      "type": "Feature",
      "properties": {
        "highway": "footway"
      },
      "geometry": {
        "type": "LineString",
        "coordinates": [
          [
            114.1885227,
            22.3212695
          ],
          [
            114.1884955,
            22.3212169
          ],
          [
            114.1884726,
            22.3211726
          ]
        ]
      }
    },
    {
      "type": "Feature",
      "properties": {
        "highway": "footway"
      },
      "geometry": {
        "type": "LineString",
        "coordinates": [
          [
            114.1885227,
            22.3212695
          ],
          [
            114.189229,
            22.3209692
          ],
          [
            114.1894837,
            22.3208609
          ]
        ]
      }
    },
    {
      "type": "Feature",
      "properties": {
        "highway": "footway"
      },
      "geometry": {
        "type": "LineString",
        "coordinates": [
          [
            114.1884726,
            22.3211726
          ],
          [
            114.188686,
            22.3210825
          ],
          [
            114.1894416,
            22.3207636
          ],
          [
            114.1894493,
            22.320745
          ]
        ]
      }
    },
    {
      "type": "Feature",
      "properties": {
        "highway": "footway"
      },
      "geometry": {
        "type": "LineString",
        "coordinates": [
          [
            114.189627,
            22.3208064
          ],
          [
            114.1899621,
            22.3206708
          ],
          [
            114.1899774,
            22.3206645
          ],
          [
            114.1899901,
            22.3206594
          ]
        ]
      }
    },
    {
      "type": "Feature",
      "properties": {
        "highway": "footway"
      },
      "geometry": {
        "type": "LineString",
        "coordinates": [
          [
            114.1895598,
            22.3207074
          ],
          [
            114.1895808,
            22.3207139
          ],
          [
            114.1899392,
            22.3205703
          ],
          [
            114.1899474,
            22.3205541
          ]
        ]
      }
    },
    {
      "type": "Feature",
      "properties": {
        "highway": "footway"
      },
      "geometry": {
        "type": "LineString",
        "coordinates": [
          [
            114.1894493,
            22.320745
          ],
          [
            114.1889772,
            22.3197948
          ],
          [
            114.1889609,
            22.3197905
          ]
        ]
      }
    },
    {
      "type": "Feature",
      "properties": {
        "highway": "footway"
      },
      "geometry": {
        "type": "LineString",
        "coordinates": [
          [
            114.1895598,
            22.3207074
          ],
          [
            114.1893492,
            22.3202887
          ],
          [
            114.1892533,
            22.3200982
          ],
          [
            114.1890811,
            22.3197559
          ],
          [
            114.1890858,
            22.3197419
          ]
        ]
      }
    },
    {
      "type": "Feature",
      "properties": {
        "highway": "footway"
      },
      "geometry": {
        "type": "LineString",
        "coordinates": [
          [
            114.1894837,
            22.3208609
          ],
          [
            114.1894622,
            22.3208113
          ],
          [
            114.1894416,
            22.3207636
          ]
        ]
      }
    },
    {
      "type": "Feature",
      "properties": {
        "highway": "footway"
      },
      "geometry": {
        "type": "LineString",
        "coordinates": [
          [
            114.1895102,
            22.3208722
          ],
          [
            114.189575,
            22.3208463
          ],
          [
            114.189623,
            22.3208271
          ]
        ]
      }
    },
    {
      "type": "Feature",
      "properties": {
        "highway": "footway"
      },
      "geometry": {
        "type": "LineString",
        "coordinates": [
          [
            114.189627,
            22.3208064
          ],
          [
            114.1896014,
            22.3207552
          ],
          [
            114.1895808,
            22.3207139
          ]
        ]
      }
    },
    {
      "type": "Feature",
      "properties": {
        "highway": "footway"
      },
      "geometry": {
        "type": "LineString",
        "coordinates": [
          [
            114.1894493,
            22.320745
          ],
          [
            114.1895154,
            22.3207225
          ],
          [
            114.1895598,
            22.3207074
          ]
        ]
      }
    },
    {
      "type": "Feature",
      "properties": {
        "highway": "footway"
      },
      "geometry": {
        "type": "LineString",
        "coordinates": [
          [
            114.1899774,
            22.3206645
          ],
          [
            114.1899572,
            22.3206146
          ],
          [
            114.1899392,
            22.3205703
          ]
        ]
      }
    },
    {
      "type": "Feature",
      "properties": {
        "highway": "footway"
      },
      "geometry": {
        "type": "LineString",
        "coordinates": [
          [
            114.1899474,
            22.3205541
          ],
          [
            114.1894781,
            22.3195961
          ],
          [
            114.1894605,
            22.3195874
          ]
        ]
      }
    },
    {
      "type": "Feature",
      "properties": {
        "highway": "footway",
        "surface": "paving_stones"
      },
      "geometry": {
        "type": "LineString",
        "coordinates": [
          [
            114.1878109,
            22.320066
          ],
          [
            114.187704,
            22.3200189
          ]
        ]
      }
    },
    {
      "type": "Feature",
      "properties": {
        "highway": "footway"
      },
      "geometry": {
        "type": "LineString",
        "coordinates": [
          [
            114.187704,
            22.3200189
          ],
          [
            114.1877023,
            22.3199612
          ],
          [
            114.1876901,
            22.3196769
          ],
          [
            114.1878996,
            22.3201002
          ],
          [
            114.1878109,
            22.320066
          ]
        ]
      }
    },
    {
      "type": "Feature",
      "properties": {
        "highway": "footway",
        "surface": "asphalt"
      },
      "geometry": {
        "type": "LineString",
        "coordinates": [
          [
            114.1877881,
            22.3201639
          ],
          [
            114.1878588,
            22.3202025
          ],
          [
            114.1879014,
            22.3202156
          ],
          [
            114.1879689,
            22.3202363
          ]
        ]
      }
    },
    {
      "type": "Feature",
      "properties": {
        "highway": "footway"
      },
      "geometry": {
        "type": "LineString",
        "coordinates": [
          [
            114.1879766,
            22.3202177
          ],
          [
            114.1879837,
            22.3202046
          ],
          [
            114.1889609,
            22.3197905
          ]
        ]
      }
    },
    {
      "type": "Feature",
      "properties": {
        "highway": "footway"
      },
      "geometry": {
        "type": "LineString",
        "coordinates": [
          [
            114.1878996,
            22.3201002
          ],
          [
            114.1879183,
            22.3201096
          ],
          [
            114.1889049,
            22.3196949
          ],
          [
            114.1889119,
            22.319683
          ]
        ]
      }
    },
    {
      "type": "Feature",
      "properties": {
        "highway": "footway"
      },
      "geometry": {
        "type": "LineString",
        "coordinates": [
          [
            114.1890858,
            22.3197419
          ],
          [
            114.1894605,
            22.3195874
          ]
        ]
      }
    },
    {
      "type": "Feature",
      "properties": {
        "highway": "footway"
      },
      "geometry": {
        "type": "LineString",
        "coordinates": [
          [
            114.1890156,
            22.3196415
          ],
          [
            114.189026,
            22.3196465
          ],
          [
            114.1890387,
            22.319646
          ],
          [
            114.1894045,
            22.3194789
          ],
          [
            114.1894116,
            22.3194648
          ]
        ]
      }
    },
    {
      "type": "Feature",
      "properties": {
        "highway": "footway"
      },
      "geometry": {
        "type": "LineString",
        "coordinates": [
          [
            114.1889772,
            22.3197948
          ],
          [
            114.1890307,
            22.3197748
          ],
          [
            114.1890811,
            22.3197559
          ]
        ]
      }
    },
    {
      "type": "Feature",
      "properties": {
        "highway": "footway"
      },
      "geometry": {
        "type": "LineString",
        "coordinates": [
          [
            114.1890858,
            22.3197419
          ],
          [
            114.1890611,
            22.3196917
          ],
          [
            114.1890387,
            22.319646
          ]
        ]
      }
    },
    {
      "type": "Feature",
      "properties": {
        "highway": "footway"
      },
      "geometry": {
        "type": "LineString",
        "coordinates": [
          [
            114.1890156,
            22.3196415
          ],
          [
            114.1889714,
            22.3196592
          ],
          [
            114.1889119,
            22.319683
          ]
        ]
      }
    },
    {
      "type": "Feature",
      "properties": {
        "highway": "footway"
      },
      "geometry": {
        "type": "LineString",
        "coordinates": [
          [
            114.1889609,
            22.3197905
          ],
          [
            114.1889351,
            22.3197465
          ],
          [
            114.1889049,
            22.3196949
          ]
        ]
      }
    },
    {
      "type": "Feature",
      "properties": {
        "highway": "footway"
      },
      "geometry": {
        "type": "LineString",
        "coordinates": [
          [
            114.1889119,
            22.319683
          ],
          [
            114.1886475,
            22.3191639
          ],
          [
            114.1885501,
            22.3189726
          ],
          [
            114.1884597,
            22.318795
          ],
          [
            114.1884399,
            22.3187862
          ]
        ]
      }
    },
    {
      "type": "Feature",
      "properties": {
        "highway": "footway"
      },
      "geometry": {
        "type": "LineString",
        "coordinates": [
          [
            114.1890156,
            22.3196415
          ],
          [
            114.18857,
            22.318749
          ],
          [
            114.1885725,
            22.3187298
          ]
        ]
      }
    },
    {
      "type": "Feature",
      "properties": {
        "highway": "footway"
      },
      "geometry": {
        "type": "LineString",
        "coordinates": [
          [
            114.1894605,
            22.3195874
          ],
          [
            114.1894287,
            22.3195257
          ],
          [
            114.1894045,
            22.3194789
          ]
        ]
      }
    },
    {
      "type": "Feature",
      "properties": {
        "highway": "footway"
      },
      "geometry": {
        "type": "LineString",
        "coordinates": [
          [
            114.1894116,
            22.3194648
          ],
          [
            114.1889897,
            22.3186278
          ],
          [
            114.188962,
            22.3185729
          ],
          [
            114.1889508,
            22.3185651
          ]
        ]
      }
    },
    {
      "type": "Feature",
      "properties": {
        "highway": "footway"
      },
      "geometry": {
        "type": "LineString",
        "coordinates": [
          [
            114.1898631,
            22.3188895
          ],
          [
            114.1895498,
            22.3190294
          ],
          [
            114.1895119,
            22.3190463
          ],
          [
            114.1894934,
            22.3190477
          ],
          [
            114.189478,
            22.3190363
          ],
          [
            114.1892022,
            22.3184876
          ],
          [
            114.1892048,
            22.318458
          ]
        ]
      }
    },
    {
      "type": "Feature",
      "properties": {
        "highway": "footway"
      },
      "geometry": {
        "type": "LineString",
        "coordinates": [
          [
            114.1895897,
            22.3191027
          ],
          [
            114.1895693,
            22.3190652
          ],
          [
            114.1895498,
            22.3190294
          ]
        ]
      }
    },
    {
      "type": "Feature",
      "properties": {
        "highway": "footway"
      },
      "geometry": {
        "type": "LineString",
        "coordinates": [
          [
            114.1900187,
            22.3189052
          ],
          [
            114.1896855,
            22.3182669
          ],
          [
            114.1896869,
            22.3182497
          ]
        ]
      }
    },
    {
      "type": "Feature",
      "properties": {
        "highway": "footway"
      },
      "geometry": {
        "type": "LineString",
        "coordinates": [
          [
            114.1898631,
            22.3188895
          ],
          [
            114.1898669,
            22.3188792
          ],
          [
            114.1895855,
            22.3183087
          ],
          [
            114.1895674,
            22.3182997
          ]
        ]
      }
    },
    {
      "type": "Feature",
      "properties": {
        "highway": "footway"
      },
      "geometry": {
        "type": "LineString",
        "coordinates": [
          [
            114.1910158,
            22.3187708
          ],
          [
            114.1907357,
            22.3181901
          ]
        ]
      }
    },
    {
      "type": "Feature",
      "properties": {
        "highway": "footway"
      },
      "geometry": {
        "type": "LineString",
        "coordinates": [
          [
            114.1903492,
            22.3183548
          ],
          [
            114.1907357,
            22.3181901
          ],
          [
            114.1907545,
            22.3181821
          ]
        ]
      }
    },
    {
      "type": "Feature",
      "properties": {
        "highway": "footway"
      },
      "geometry": {
        "type": "LineString",
        "coordinates": [
          [
            114.1907545,
            22.3181821
          ],
          [
            114.1905977,
            22.3178608
          ]
        ]
      }
    },
    {
      "type": "Feature",
      "properties": {
        "highway": "footway"
      },
      "geometry": {
        "type": "LineString",
        "coordinates": [
          [
            114.1903492,
            22.3183548
          ],
          [
            114.1901955,
            22.318034
          ]
        ]
      }
    },
    {
      "type": "Feature",
      "properties": {
        "highway": "footway"
      },
      "geometry": {
        "type": "LineString",
        "coordinates": [
          [
            114.1902704,
            22.3183959
          ],
          [
            114.1901069,
            22.3180695
          ]
        ]
      }
    },
    {
      "type": "Feature",
      "properties": {
        "highway": "footway"
      },
      "geometry": {
        "type": "LineString",
        "coordinates": [
          [
            114.1902704,
            22.3183959
          ],
          [
            114.1903101,
            22.3183753
          ],
          [
            114.1903492,
            22.3183548
          ]
        ]
      }
    },
    {
      "type": "Feature",
      "properties": {
        "highway": "footway"
      },
      "geometry": {
        "type": "LineString",
        "coordinates": [
          [
            114.1914793,
            22.3174883
          ],
          [
            114.1914739,
            22.3174672
          ],
          [
            114.1901696,
            22.3161014
          ],
          [
            114.1901529,
            22.3160839
          ],
          [
            114.1901284,
            22.3160826
          ]
        ]
      }
    },
    {
      "type": "Feature",
      "properties": {
        "highway": "footway"
      },
      "geometry": {
        "type": "LineString",
        "coordinates": [
          [
            114.1915745,
            22.3174126
          ],
          [
            114.1908047,
            22.3166285
          ]
        ]
      }
    },
    {
      "type": "Feature",
      "properties": {
        "highway": "footway"
      },
      "geometry": {
        "type": "LineString",
        "coordinates": [
          [
            114.1923736,
            22.3167809
          ],
          [
            114.1923685,
            22.3167599
          ],
          [
            114.1923561,
            22.3167403
          ],
          [
            114.1923162,
            22.3167006
          ],
          [
            114.1922306,
            22.3166871
          ],
          [
            114.1916581,
            22.316106
          ],
          [
            114.191654,
            22.3160527
          ],
          [
            114.1916182,
            22.3160133
          ],
          [
            114.1915851,
            22.3159807
          ],
          [
            114.1915414,
            22.3159822
          ],
          [
            114.1910141,
            22.3154558
          ],
          [
            114.191015,
            22.3154203
          ],
          [
            114.1910011,
            22.3154055
          ],
          [
            114.1909862,
            22.3153909
          ],
          [
            114.1909658,
            22.3153853
          ],
          [
            114.1909343,
            22.3153824
          ],
          [
            114.1909048,
            22.31539
          ],
          [
            114.1908865,
            22.3154003
          ],
          [
            114.1908594,
            22.3154231
          ],
          [
            114.1908685,
            22.3154457
          ],
          [
            114.1906325,
            22.3156335
          ],
          [
            114.190595,
            22.3156307
          ],
          [
            114.1905606,
            22.3156609
          ],
          [
            114.190521,
            22.3156957
          ],
          [
            114.1905238,
            22.3157236
          ],
          [
            114.1902678,
            22.3159432
          ],
          [
            114.1902341,
            22.315943
          ],
          [
            114.1902003,
            22.3159774
          ],
          [
            114.1901968,
            22.316002
          ],
          [
            114.1902074,
            22.3160184
          ],
          [
            114.1902342,
            22.3160458
          ],
          [
            114.190717,
            22.3165389
          ],
          [
            114.1907782,
            22.3166001
          ],
          [
            114.1907985,
            22.3166205
          ]
        ]
      }
    },
    {
      "type": "Feature",
      "properties": {
        "footway": "sidewalk",
        "highway": "footway"
      },
      "geometry": {
        "type": "LineString",
        "coordinates": [
          [
            114.1908279,
            22.3152758
          ],
          [
            114.1908308,
            22.3152472
          ],
          [
            114.1908152,
            22.315217
          ],
          [
            114.1907867,
            22.3151822
          ],
          [
            114.1905017,
            22.3148903
          ],
          [
            114.190332,
            22.3146762
          ]
        ]
      }
    },
    {
      "type": "Feature",
      "properties": {
        "highway": "footway"
      },
      "geometry": {
        "type": "LineString",
        "coordinates": [
          [
            114.191743,
            22.3172813
          ],
          [
            114.191731,
            22.3172592
          ],
          [
            114.1909947,
            22.3165018
          ],
          [
            114.1909866,
            22.3164966
          ],
          [
            114.1909766,
            22.3164928
          ],
          [
            114.1909664,
            22.316492
          ],
          [
            114.1909528,
            22.3164926
          ],
          [
            114.1909394,
            22.3164952
          ],
          [
            114.1909252,
            22.3165008
          ],
          [
            114.1908032,
            22.3166006
          ],
          [
            114.1907985,
            22.3166118
          ],
          [
            114.1907985,
            22.3166205
          ],
          [
            114.1908047,
            22.3166285
          ]
        ]
      }
    },
    {
      "type": "Feature",
      "properties": {
        "highway": "footway"
      },
      "geometry": {
        "type": "LineString",
        "coordinates": [
          [
            114.1908865,
            22.3154003
          ],
          [
            114.19085,
            22.315367
          ],
          [
            114.1908029,
            22.3153241
          ]
        ]
      }
    },
    {
      "type": "Feature",
      "properties": {
        "highway": "footway"
      },
      "geometry": {
        "type": "LineString",
        "coordinates": [
          [
            114.1902003,
            22.3159774
          ],
          [
            114.1901673,
            22.315943
          ],
          [
            114.1901504,
            22.3159254
          ]
        ]
      }
    },
    {
      "type": "Feature",
      "properties": {
        "highway": "footway"
      },
      "geometry": {
        "type": "LineString",
        "coordinates": [
          [
            114.1901696,
            22.3161014
          ],
          [
            114.1901981,
            22.31608
          ],
          [
            114.1902342,
            22.3160458
          ]
        ]
      }
    },
    {
      "type": "Feature",
      "properties": {
        "highway": "footway"
      },
      "geometry": {
        "type": "LineString",
        "coordinates": [
          [
            114.189532,
            22.3163715
          ],
          [
            114.1895907,
            22.3163249
          ],
          [
            114.1896698,
            22.3162621
          ],
          [
            114.1897224,
            22.3162203
          ]
        ]
      }
    },
    {
      "type": "Feature",
      "properties": {
        "footway": "sidewalk",
        "highway": "footway"
      },
      "geometry": {
        "type": "LineString",
        "coordinates": [
          [
            114.1900671,
            22.3179741
          ],
          [
            114.1900989,
            22.317962
          ],
          [
            114.190149,
            22.3179428
          ]
        ]
      }
    },
    {
      "type": "Feature",
      "properties": {
        "highway": "footway"
      },
      "geometry": {
        "type": "LineString",
        "coordinates": [
          [
            114.1900944,
            22.3180733
          ],
          [
            114.1900779,
            22.3180387
          ],
          [
            114.1900592,
            22.3179994
          ]
        ]
      }
    },
    {
      "type": "Feature",
      "properties": {
        "footway": "sidewalk",
        "highway": "footway"
      },
      "geometry": {
        "type": "LineString",
        "coordinates": [
          [
            114.1901955,
            22.318034
          ],
          [
            114.1901453,
            22.3180541
          ],
          [
            114.1901069,
            22.3180695
          ]
        ]
      }
    },
    {
      "type": "Feature",
      "properties": {
        "highway": "footway"
      },
      "geometry": {
        "type": "LineString",
        "coordinates": [
          [
            114.1900671,
            22.3179741
          ],
          [
            114.1893929,
            22.3166502
          ]
        ]
      }
    },
    {
      "type": "Feature",
      "properties": {
        "footway": "sidewalk",
        "highway": "footway"
      },
      "geometry": {
        "type": "LineString",
        "coordinates": [
          [
            114.1896554,
            22.3165108
          ],
          [
            114.1895044,
            22.3166185
          ],
          [
            114.1894423,
            22.3166362
          ],
          [
            114.1893929,
            22.3166502
          ]
        ]
      }
    },
    {
      "type": "Feature",
      "properties": {
        "highway": "footway"
      },
      "geometry": {
        "type": "LineString",
        "coordinates": [
          [
            114.1897035,
            22.3182425
          ],
          [
            114.1896873,
            22.3182061
          ],
          [
            114.1896781,
            22.3181857
          ],
          [
            114.189672,
            22.3181721
          ]
        ]
      }
    },
    {
      "type": "Feature",
      "properties": {
        "highway": "footway"
      },
      "geometry": {
        "type": "LineString",
        "coordinates": [
          [
            114.1896603,
            22.3181773
          ],
          [
            114.1896436,
            22.3181694
          ],
          [
            114.1896335,
            22.3181581
          ],
          [
            114.1896245,
            22.3181403
          ],
          [
            114.1890844,
            22.3170711
          ],
          [
            114.1890356,
            22.3169744
          ],
          [
            114.1890333,
            22.3169638
          ],
          [
            114.1890395,
            22.3169435
          ]
        ]
      }
    },
    {
      "type": "Feature",
      "properties": {
        "highway": "footway"
      },
      "geometry": {
        "type": "LineString",
        "coordinates": [
          [
            114.1889214,
            22.3170463
          ],
          [
            114.1889324,
            22.3170428
          ],
          [
            114.1889494,
            22.3170443
          ],
          [
            114.1889625,
            22.3170542
          ],
          [
            114.1889725,
            22.3170678
          ],
          [
            114.1889918,
            22.3171064
          ],
          [
            114.1895276,
            22.3181805
          ],
          [
            114.1895294,
            22.3181913
          ],
          [
            114.1895264,
            22.3182021
          ],
          [
            114.1895235,
            22.3182123
          ],
          [
            114.1895153,
            22.3182227
          ]
        ]
      }
    },
    {
      "type": "Feature",
      "properties": {
        "footway": "sidewalk",
        "highway": "footway"
      },
      "geometry": {
        "type": "LineString",
        "coordinates": [
          [
            114.1896603,
            22.3181773
          ],
          [
            114.189672,
            22.3181721
          ],
          [
            114.1900592,
            22.3179994
          ],
          [
            114.1900686,
            22.317989
          ],
          [
            114.1900671,
            22.3179741
          ]
        ]
      }
    },
    {
      "type": "Feature",
      "properties": {
        "footway": "sidewalk",
        "highway": "footway"
      },
      "geometry": {
        "type": "LineString",
        "coordinates": [
          [
            114.1895276,
            22.3181805
          ],
          [
            114.1895775,
            22.3181598
          ],
          [
            114.1896245,
            22.3181403
          ]
        ]
      }
    },
    {
      "type": "Feature",
      "properties": {
        "highway": "footway"
      },
      "geometry": {
        "type": "LineString",
        "coordinates": [
          [
            114.1895521,
            22.3183064
          ],
          [
            114.1895332,
            22.3182721
          ],
          [
            114.1895078,
            22.318226
          ]
        ]
      }
    },
    {
      "type": "Feature",
      "properties": {
        "highway": "footway"
      },
      "geometry": {
        "type": "LineString",
        "coordinates": [
          [
            114.189369,
            22.3166701
          ],
          [
            114.1893549,
            22.316631
          ],
          [
            114.1893418,
            22.3165946
          ]
        ]
      }
    },
    {
      "type": "Feature",
      "properties": {
        "highway": "footway"
      },
      "geometry": {
        "type": "LineString",
        "coordinates": [
          [
            114.1888811,
            22.3169889
          ],
          [
            114.1888893,
            22.3169636
          ],
          [
            114.1888903,
            22.3169392
          ],
          [
            114.1888822,
            22.3169175
          ],
          [
            114.188677,
            22.3164988
          ],
          [
            114.1886561,
            22.3164614
          ],
          [
            114.1884968,
            22.3165204
          ],
          [
            114.1884789,
            22.3165303
          ],
          [
            114.188465,
            22.3165372
          ],
          [
            114.1883035,
            22.3166108
          ],
          [
            114.1882838,
            22.3166193
          ]
        ]
      }
    },
    {
      "type": "Feature",
      "properties": {
        "highway": "footway"
      },
      "geometry": {
        "type": "LineString",
        "coordinates": [
          [
            114.1890381,
            22.3168612
          ],
          [
            114.1890222,
            22.3168675
          ],
          [
            114.1890099,
            22.316867
          ],
          [
            114.1890012,
            22.3168605
          ],
          [
            114.1889964,
            22.3168533
          ],
          [
            114.1889872,
            22.3168394
          ],
          [
            114.1888916,
            22.3166415
          ],
          [
            114.1887834,
            22.3164228
          ],
          [
            114.188357,
            22.315563
          ],
          [
            114.1883513,
            22.3155505
          ]
        ]
      }
    },
    {
      "type": "Feature",
      "properties": {
        "footway": "sidewalk",
        "highway": "footway"
      },
      "geometry": {
        "type": "LineString",
        "coordinates": [
          [
            114.1889214,
            22.3170463
          ],
          [
            114.1889058,
            22.3170597
          ],
          [
            114.1886281,
            22.3172986
          ]
        ]
      }
    },
    {
      "type": "Feature",
      "properties": {
        "highway": "footway"
      },
      "geometry": {
        "type": "LineString",
        "coordinates": [
          [
            114.1889918,
            22.3171064
          ],
          [
            114.1890423,
            22.3170872
          ],
          [
            114.1890844,
            22.3170711
          ]
        ]
      }
    },
    {
      "type": "Feature",
      "properties": {
        "highway": "footway"
      },
      "geometry": {
        "type": "LineString",
        "coordinates": [
          [
            114.1889058,
            22.3170597
          ],
          [
            114.1888804,
            22.3170323
          ],
          [
            114.1888591,
            22.3170101
          ]
        ]
      }
    },
    {
      "type": "Feature",
      "properties": {
        "footway": "sidewalk",
        "highway": "footway"
      },
      "geometry": {
        "type": "LineString",
        "coordinates": [
          [
            114.1888811,
            22.3169889
          ],
          [
            114.1888591,
            22.3170101
          ],
          [
            114.188753,
            22.3170984
          ],
          [
            114.1885811,
            22.3172263
          ]
        ]
      }
    },
    {
      "type": "Feature",
      "properties": {
        "highway": "footway"
      },
      "geometry": {
        "type": "LineString",
        "coordinates": [
          [
            114.1889964,
            22.3168533
          ],
          [
            114.1889417,
            22.3168855
          ],
          [
            114.1888822,
            22.3169175
          ]
        ]
      }
    },
    {
      "type": "Feature",
      "properties": {
        "highway": "footway"
      },
      "geometry": {
        "type": "LineString",
        "coordinates": [
          [
            114.1890695,
            22.3169198
          ],
          [
            114.1890533,
            22.3168878
          ],
          [
            114.1890381,
            22.3168612
          ]
        ]
      }
    },
    {
      "type": "Feature",
      "properties": {
        "highway": "footway"
      },
      "geometry": {
        "type": "LineString",
        "coordinates": [
          [
            114.1880318,
            22.3189558
          ],
          [
            114.1878254,
            22.3190427
          ],
          [
            114.1877075,
            22.3190962
          ],
          [
            114.1876937,
            22.3191111
          ],
          [
            114.187689,
            22.3191297
          ],
          [
            114.1876894,
            22.3193235
          ],
          [
            114.1876899,
            22.3195586
          ],
          [
            114.1876901,
            22.3196769
          ]
        ]
      }
    },
    {
      "type": "Feature",
      "properties": {
        "highway": "footway"
      },
      "geometry": {
        "type": "LineString",
        "coordinates": [
          [
            114.1885406,
            22.3186434
          ],
          [
            114.1885151,
            22.3186376
          ],
          [
            114.1884997,
            22.3186205
          ],
          [
            114.1884946,
            22.3186107
          ],
          [
            114.1880714,
            22.3177954
          ],
          [
            114.1880668,
            22.3177683
          ],
          [
            114.1880745,
            22.3177512
          ],
          [
            114.1880945,
            22.3177298
          ],
          [
            114.1883434,
            22.3175209
          ],
          [
            114.1884165,
            22.3174776
          ],
          [
            114.1884304,
            22.3174818
          ],
          [
            114.1884396,
            22.3174975
          ],
          [
            114.1889172,
            22.3184367
          ],
          [
            114.1889203,
            22.3184552
          ],
          [
            114.1889126,
            22.3184842
          ]
        ]
      }
    },
    {
      "type": "Feature",
      "properties": {
        "highway": "footway"
      },
      "geometry": {
        "type": "LineString",
        "coordinates": [
          [
            114.1891849,
            22.3183675
          ],
          [
            114.1891544,
            22.3183654
          ],
          [
            114.1891375,
            22.3183526
          ],
          [
            114.1891128,
            22.3183227
          ],
          [
            114.1886168,
            22.3173607
          ],
          [
            114.1886122,
            22.3173393
          ],
          [
            114.1886183,
            22.317318
          ],
          [
            114.1886281,
            22.3172986
          ]
        ]
      }
    },
    {
      "type": "Feature",
      "properties": {
        "highway": "footway"
      },
      "geometry": {
        "type": "LineString",
        "coordinates": [
          [
            114.1892464,
            22.3184398
          ],
          [
            114.189229,
            22.3184023
          ],
          [
            114.1892081,
            22.3183573
          ]
        ]
      }
    },
    {
      "type": "Feature",
      "properties": {
        "highway": "footway"
      },
      "geometry": {
        "type": "LineString",
        "coordinates": [
          [
            114.1889288,
            22.3185747
          ],
          [
            114.1889123,
            22.3185382
          ],
          [
            114.188892,
            22.318493
          ]
        ]
      }
    },
    {
      "type": "Feature",
      "properties": {
        "footway": "sidewalk",
        "highway": "footway"
      },
      "geometry": {
        "type": "LineString",
        "coordinates": [
          [
            114.1889508,
            22.3185651
          ],
          [
            114.1889288,
            22.3185747
          ],
          [
            114.1885895,
            22.3187224
          ],
          [
            114.1885725,
            22.3187298
          ],
          [
            114.188546,
            22.3187413
          ],
          [
            114.1885123,
            22.3187573
          ],
          [
            114.1884726,
            22.3187726
          ],
          [
            114.1884482,
            22.3187827
          ],
          [
            114.1884399,
            22.3187862
          ],
          [
            114.188414,
            22.318797
          ],
          [
            114.1880318,
            22.3189558
          ]
        ]
      }
    },
    {
      "type": "Feature",
      "properties": {
        "highway": "footway"
      },
      "geometry": {
        "type": "LineString",
        "coordinates": [
          [
            114.1892048,
            22.318458
          ],
          [
            114.1891466,
            22.3184822
          ],
          [
            114.1890524,
            22.3185255
          ]
        ]
      }
    },
    {
      "type": "Feature",
      "properties": {
        "highway": "footway"
      },
      "geometry": {
        "type": "LineString",
        "coordinates": [
          [
            114.1889897,
            22.3186278
          ],
          [
            114.1890345,
            22.3186079
          ],
          [
            114.1890839,
            22.3185859
          ],
          [
            114.1890524,
            22.3185255
          ]
        ]
      }
    },
    {
      "type": "Feature",
      "properties": {
        "highway": "footway"
      },
      "geometry": {
        "type": "LineString",
        "coordinates": [
          [
            114.1885895,
            22.3187224
          ],
          [
            114.1885719,
            22.318684
          ],
          [
            114.1885511,
            22.3186389
          ]
        ]
      }
    },
    {
      "type": "Feature",
      "properties": {
        "highway": "footway"
      },
      "geometry": {
        "type": "LineString",
        "coordinates": [
          [
            114.188414,
            22.318797
          ],
          [
            114.1883963,
            22.3187592
          ],
          [
            114.1883755,
            22.318715
          ]
        ]
      }
    },
    {
      "type": "Feature",
      "properties": {
        "highway": "footway"
      },
      "geometry": {
        "type": "LineString",
        "coordinates": [
          [
            114.1883894,
            22.3186588
          ],
          [
            114.1884484,
            22.3186318
          ],
          [
            114.1884946,
            22.3186107
          ]
        ]
      }
    },
    {
      "type": "Feature",
      "properties": {
        "footway": "sidewalk",
        "highway": "footway",
        "name": "上鄉道 Sheung Heung Road",
        "name:en": "Sheung Heung Road",
        "name:zh": "上鄉道",
        "surface": "paved"
      },
      "geometry": {
        "type": "LineString",
        "coordinates": [
          [
            114.1876999,
            22.3189894
          ],
          [
            114.1877789,
            22.3189617
          ],
          [
            114.1879958,
            22.3188677
          ],
          [
            114.1883755,
            22.318715
          ],
          [
            114.1883898,
            22.3187087
          ],
          [
            114.1883957,
            22.3186881
          ]
        ]
      }
    },
    {
      "type": "Feature",
      "properties": {
        "highway": "footway",
        "surface": "paved"
      },
      "geometry": {
        "type": "LineString",
        "coordinates": [
          [
            114.1877789,
            22.3189617
          ],
          [
            114.1878077,
            22.3190108
          ],
          [
            114.1878254,
            22.3190427
          ]
        ]
      }
    },
    {
      "type": "Feature",
      "properties": {
        "highway": "footway"
      },
      "geometry": {
        "type": "LineString",
        "coordinates": [
          [
            114.1883434,
            22.3175209
          ],
          [
            114.188324,
            22.3174812
          ],
          [
            114.1883058,
            22.3174441
          ]
        ]
      }
    },
    {
      "type": "Feature",
      "properties": {
        "highway": "footway"
      },
      "geometry": {
        "type": "LineString",
        "coordinates": [
          [
            114.1884396,
            22.3174975
          ],
          [
            114.1884657,
            22.3174773
          ],
          [
            114.1885945,
            22.3173779
          ],
          [
            114.1886168,
            22.3173607
          ]
        ]
      }
    },
    {
      "type": "Feature",
      "properties": {
        "footway": "sidewalk",
        "highway": "footway"
      },
      "geometry": {
        "type": "LineString",
        "coordinates": [
          [
            114.1886281,
            22.3172986
          ],
          [
            114.1886087,
            22.3172596
          ],
          [
            114.1885811,
            22.3172263
          ]
        ]
      }
    },
    {
      "type": "Feature",
      "properties": {
        "footway": "sidewalk",
        "highway": "footway"
      },
      "geometry": {
        "type": "LineString",
        "coordinates": [
          [
            114.1882557,
            22.3165587
          ],
          [
            114.188272,
            22.3165901
          ],
          [
            114.1882838,
            22.3166193
          ]
        ]
      }
    },
    {
      "type": "Feature",
      "properties": {
        "carriageway": "dual",
        "highway": "unclassified",
        "name": "九龍城道 Kowloon City Road",
        "name:en": "Kowloon City Road",
        "name:zh": "九龍城道",
        "oneway": "yes",
        "sidewalk": "left"
      },
      "geometry": {
        "type": "LineString",
        "coordinates": [
          [
            114.1882138,
            22.3166163
          ],
          [
            114.1881842,
            22.3165571
          ],
          [
            114.187979,
            22.3161466
          ],
          [
            114.1879635,
            22.3161271
          ],
          [
            114.1879422,
            22.3161131
          ],
          [
            114.1879172,
            22.3161061
          ],
          [
            114.187891,
            22.3161069
          ],
          [
            114.1878665,
            22.3161153
          ],
          [
            114.1878481,
            22.3161287
          ],
          [
            114.1878345,
            22.3161463
          ],
          [
            114.1878269,
            22.3161669
          ],
          [
            114.1878261,
            22.3161885
          ],
          [
            114.1878319,
            22.3162095
          ],
          [
            114.1880389,
            22.3166236
          ],
          [
            114.1880676,
            22.316681
          ],
          [
            114.1884108,
            22.3173675
          ],
          [
            114.1884301,
            22.3174061
          ]
        ]
      }
    },
    {
      "type": "Feature",
      "properties": {
        "highway": "residential",
        "name": "四川街 Sze Chuen Street",
        "name:en": "Sze Chuen Street",
        "name:zh": "四川街",
        "oneway": "no",
        "surface": "asphalt"
      },
      "geometry": {
        "type": "LineString",
        "coordinates": [
          [
            114.188272,
            22.3165901
          ],
          [
            114.1882138,
            22.3166163
          ]
        ]
      }
    },
    {
      "type": "Feature",
      "properties": {
        "highway": "footway",
        "surface": "paved"
      },
      "geometry": {
        "type": "LineString",
        "coordinates": [
          [
            114.1884417,
            22.3152175
          ],
          [
            114.1885034,
            22.3151787
          ],
          [
            114.1885338,
            22.3151597
          ],
          [
            114.1886103,
            22.3152341
          ],
          [
            114.1886625,
            22.3152051
          ],
          [
            114.1887272,
            22.3151665
          ]
        ]
      }
    },
    {
      "type": "Feature",
      "properties": {
        "footway": "sidewalk",
        "highway": "footway"
      },
      "geometry": {
        "type": "LineString",
        "coordinates": [
          [
            114.188746,
            22.3151851
          ],
          [
            114.1887636,
            22.315202
          ],
          [
            114.1891607,
            22.3149995
          ],
          [
            114.1891707,
            22.3149865
          ]
        ]
      }
    },
    {
      "type": "Feature",
      "properties": {
        "highway": "footway"
      },
      "geometry": {
        "type": "LineString",
        "coordinates": [
          [
            114.1892338,
            22.3149557
          ],
          [
            114.1901616,
            22.3145038
          ]
        ]
      }
    },
    {
      "type": "Feature",
      "properties": {
        "highway": "footway"
      },
      "geometry": {
        "type": "LineString",
        "coordinates": [
          [
            114.1901616,
            22.3145038
          ],
          [
            114.1902085,
            22.314479
          ],
          [
            114.1902205,
            22.3144685
          ],
          [
            114.1902236,
            22.3144544
          ],
          [
            114.1901945,
            22.3143935
          ],
          [
            114.1900925,
            22.3141752
          ],
          [
            114.1900673,
            22.3141201
          ]
        ]
      }
    },
    {
      "type": "Feature",
      "properties": {
        "highway": "footway"
      },
      "geometry": {
        "type": "LineString",
        "coordinates": [
          [
            114.190485,
            22.3143528
          ],
          [
            114.1909825,
            22.3142001
          ],
          [
            114.1910847,
            22.3141592
          ],
          [
            114.1911287,
            22.3141375
          ],
          [
            114.1911596,
            22.3141187
          ],
          [
            114.1911939,
            22.3140939
          ],
          [
            114.1912269,
            22.3140657
          ],
          [
            114.1912601,
            22.3140326
          ],
          [
            114.1912879,
            22.3139988
          ],
          [
            114.1913109,
            22.3139639
          ],
          [
            114.191332,
            22.3139232
          ],
          [
            114.1913473,
            22.3138857
          ],
          [
            114.1913598,
            22.3138451
          ],
          [
            114.1913687,
            22.3138055
          ],
          [
            114.1913736,
            22.313763
          ],
          [
            114.1913729,
            22.3137255
          ],
          [
            114.1913673,
            22.3136781
          ],
          [
            114.1913586,
            22.3136281
          ],
          [
            114.1913444,
            22.3135815
          ],
          [
            114.1913258,
            22.3135421
          ],
          [
            114.1913004,
            22.3134978
          ],
          [
            114.19127,
            22.3134589
          ],
          [
            114.1912447,
            22.313433
          ],
          [
            114.1912125,
            22.3134039
          ],
          [
            114.1909468,
            22.3132047
          ]
        ]
      }
    },
    {
      "type": "Feature",
      "properties": {
        "highway": "footway"
      },
      "geometry": {
        "type": "LineString",
        "coordinates": [
          [
            114.190485,
            22.3143528
          ],
          [
            114.1904186,
            22.3143419
          ],
          [
            114.190368,
            22.3143198
          ],
          [
            114.1902409,
            22.3141041
          ],
          [
            114.1897008,
            22.3129892
          ],
          [
            114.1896515,
            22.3128182
          ],
          [
            114.1896083,
            22.3126586
          ],
          [
            114.1895868,
            22.3125446
          ],
          [
            114.189596,
            22.3124733
          ],
          [
            114.1896256,
            22.3124339
          ]
        ]
      }
    },
    {
      "type": "Feature",
      "properties": {
        "highway": "footway"
      },
      "geometry": {
        "type": "LineString",
        "coordinates": [
          [
            114.1904918,
            22.3145431
          ],
          [
            114.1904504,
            22.3144354
          ],
          [
            114.1904186,
            22.3143419
          ]
        ]
      }
    },
    {
      "type": "Feature",
      "properties": {
        "highway": "footway"
      },
      "geometry": {
        "type": "LineString",
        "coordinates": [
          [
            114.1901945,
            22.3143935
          ],
          [
            114.1902626,
            22.3143649
          ],
          [
            114.190368,
            22.3143198
          ]
        ]
      }
    },
    {
      "type": "Feature",
      "properties": {
        "highway": "footway"
      },
      "geometry": {
        "type": "LineString",
        "coordinates": [
          [
            114.1902206,
            22.3146281
          ],
          [
            114.1901886,
            22.3145585
          ],
          [
            114.1901616,
            22.3145038
          ]
        ]
      }
    },
    {
      "type": "Feature",
      "properties": {
        "highway": "footway"
      },
      "geometry": {
        "type": "LineString",
        "coordinates": [
          [
            114.1891707,
            22.3149865
          ],
          [
            114.1892038,
            22.3149706
          ],
          [
            114.1892338,
            22.3149557
          ]
        ]
      }
    },
    {
      "type": "Feature",
      "properties": {
        "highway": "footway"
      },
      "geometry": {
        "type": "LineString",
        "coordinates": [
          [
            114.1891707,
            22.3149865
          ],
          [
            114.1889642,
            22.3146317
          ]
        ]
      }
    },
    {
      "type": "Feature",
      "properties": {
        "highway": "footway"
      },
      "geometry": {
        "type": "LineString",
        "coordinates": [
          [
            114.1892338,
            22.3149557
          ],
          [
            114.1890274,
            22.3146008
          ]
        ]
      }
    },
    {
      "type": "Feature",
      "properties": {
        "highway": "footway"
      },
      "geometry": {
        "type": "LineString",
        "coordinates": [
          [
            114.1884653,
            22.3148887
          ],
          [
            114.1884557,
            22.3148729
          ],
          [
            114.1884545,
            22.3148575
          ],
          [
            114.1884612,
            22.3148421
          ],
          [
            114.1884829,
            22.3148258
          ],
          [
            114.1889415,
            22.3146273
          ],
          [
            114.1889642,
            22.3146317
          ]
        ]
      }
    },
    {
      "type": "Feature",
      "properties": {
        "highway": "footway"
      },
      "geometry": {
        "type": "LineString",
        "coordinates": [
          [
            114.1883562,
            22.3147764
          ],
          [
            114.1895431,
            22.3142792
          ]
        ]
      }
    },
    {
      "type": "Feature",
      "properties": {
        "highway": "footway"
      },
      "geometry": {
        "type": "LineString",
        "coordinates": [
          [
            114.1890274,
            22.3146008
          ],
          [
            114.1890339,
            22.3145921
          ],
          [
            114.1890468,
            22.3145839
          ],
          [
            114.1900457,
            22.314161
          ],
          [
            114.1900654,
            22.3141571
          ],
          [
            114.1900846,
            22.3141624
          ],
          [
            114.1900925,
            22.3141752
          ]
        ]
      }
    },
    {
      "type": "Feature",
      "properties": {
        "highway": "footway"
      },
      "geometry": {
        "type": "LineString",
        "coordinates": [
          [
            114.1889642,
            22.3146317
          ],
          [
            114.1889966,
            22.3146159
          ],
          [
            114.1890274,
            22.3146008
          ]
        ]
      }
    },
    {
      "type": "Feature",
      "properties": {
        "highway": "footway"
      },
      "geometry": {
        "type": "LineString",
        "coordinates": [
          [
            114.1895431,
            22.3142792
          ],
          [
            114.1893819,
            22.3139408
          ],
          [
            114.1893589,
            22.3139415
          ],
          [
            114.1880804,
            22.3144849
          ]
        ]
      }
    },
    {
      "type": "Feature",
      "properties": {
        "highway": "footway"
      },
      "geometry": {
        "type": "LineString",
        "coordinates": [
          [
            114.1880093,
            22.3144076
          ],
          [
            114.1883941,
            22.3142438
          ]
        ]
      }
    },
    {
      "type": "Feature",
      "properties": {
        "highway": "footway"
      },
      "geometry": {
        "type": "LineString",
        "coordinates": [
          [
            114.1883941,
            22.3142438
          ],
          [
            114.1881214,
            22.3139465
          ],
          [
            114.1877522,
            22.3141058
          ]
        ]
      }
    },
    {
      "type": "Feature",
      "properties": {
        "highway": "footway"
      },
      "geometry": {
        "type": "LineString",
        "coordinates": [
          [
            114.1877286,
            22.3140116
          ],
          [
            114.1889024,
            22.3135159
          ],
          [
            114.1889234,
            22.3135043
          ],
          [
            114.188934,
            22.3134925
          ],
          [
            114.1889289,
            22.3134773
          ],
          [
            114.1889149,
            22.3134698
          ],
          [
            114.1888939,
            22.3134644
          ],
          [
            114.1888434,
            22.313466
          ]
        ]
      }
    },
    {
      "type": "Feature",
      "properties": {
        "highway": "footway"
      },
      "geometry": {
        "type": "LineString",
        "coordinates": [
          [
            114.1882308,
            22.3139007
          ],
          [
            114.1891636,
            22.3134957
          ],
          [
            114.1891836,
            22.3135347
          ],
          [
            114.1893434,
            22.3138467
          ],
          [
            114.189318,
            22.3138578
          ],
          [
            114.1884983,
            22.3142016
          ],
          [
            114.1882308,
            22.3139007
          ]
        ]
      }
    },
    {
      "type": "Feature",
      "properties": {
        "highway": "footway"
      },
      "geometry": {
        "type": "LineString",
        "coordinates": [
          [
            114.1883941,
            22.3142438
          ],
          [
            114.1884452,
            22.3142245
          ],
          [
            114.1884983,
            22.3142016
          ]
        ]
      }
    },
    {
      "type": "Feature",
      "properties": {
        "highway": "footway"
      },
      "geometry": {
        "type": "LineString",
        "coordinates": [
          [
            114.1895431,
            22.3142792
          ],
          [
            114.1895877,
            22.3142592
          ],
          [
            114.1896351,
            22.3142389
          ]
        ]
      }
    },
    {
      "type": "Feature",
      "properties": {
        "highway": "footway"
      },
      "geometry": {
        "type": "LineString",
        "coordinates": [
          [
            114.1861378,
            22.3210709
          ],
          [
            114.1852691,
            22.3210608
          ],
          [
            114.1852304,
            22.3210664
          ],
          [
            114.1851979,
            22.3210871
          ],
          [
            114.1851715,
            22.3211191
          ],
          [
            114.1851663,
            22.3211335
          ],
          [
            114.1851613,
            22.3211473
          ]
        ]
      }
    },
    {
      "type": "Feature",
      "properties": {
        "highway": "footway"
      },
      "geometry": {
        "type": "LineString",
        "coordinates": [
          [
            114.1859206,
            22.3209651
          ],
          [
            114.1859105,
            22.3209516
          ],
          [
            114.1859036,
            22.3209302
          ],
          [
            114.1859013,
            22.3209053
          ],
          [
            114.185911,
            22.3204289
          ],
          [
            114.1859093,
            22.3204153
          ],
          [
            114.1859011,
            22.3204072
          ],
          [
            114.1858877,
            22.3204007
          ],
          [
            114.1858737,
            22.3203996
          ],
          [
            114.185855,
            22.3203991
          ],
          [
            114.1857686,
            22.3203996
          ],
          [
            114.1857691,
            22.3204208
          ],
          [
            114.1857681,
            22.320527
          ],
          [
            114.1857727,
            22.3205373
          ],
          [
            114.1857844,
            22.3205422
          ],
          [
            114.1857967,
            22.3205432
          ],
          [
            114.1858089,
            22.3205432
          ],
          [
            114.1858165,
            22.3205481
          ],
          [
            114.1858206,
            22.3205567
          ],
          [
            114.1858218,
            22.3205665
          ],
          [
            114.1858218,
            22.3209439
          ],
          [
            114.1858188,
            22.3209558
          ],
          [
            114.1858126,
            22.3209632
          ],
          [
            114.1858083,
            22.3209682
          ],
          [
            114.1857955,
            22.3209736
          ],
          [
            114.1857756,
            22.3209785
          ],
          [
            114.1852925,
            22.3209724
          ],
          [
            114.1852709,
            22.3209688
          ],
          [
            114.1852555,
            22.3209567
          ],
          [
            114.185247,
            22.3209417
          ],
          [
            114.1852439,
            22.3209268
          ],
          [
            114.1852478,
            22.3209132
          ],
          [
            114.185257,
            22.3208933
          ],
          [
            114.1854535,
            22.3204217
          ]
        ]
      }
    },
    {
      "type": "Feature",
      "properties": {
        "highway": "footway"
      },
      "geometry": {
        "type": "LineString",
        "coordinates": [
          [
            114.1859206,
            22.3209651
          ],
          [
            114.1858624,
            22.3209641
          ],
          [
            114.1858126,
            22.3209632
          ]
        ]
      }
    },
    {
      "type": "Feature",
      "properties": {
        "highway": "footway"
      },
      "geometry": {
        "type": "LineString",
        "coordinates": [
          [
            114.1851613,
            22.3211473
          ],
          [
            114.1848383,
            22.3220799
          ],
          [
            114.1847182,
            22.3223707
          ],
          [
            114.1846706,
            22.322477
          ],
          [
            114.1846641,
            22.3224904
          ],
          [
            114.1841876,
            22.3234031
          ],
          [
            114.183899,
            22.323901
          ],
          [
            114.1838885,
            22.3239253
          ],
          [
            114.183885,
            22.3239482
          ],
          [
            114.1838856,
            22.3239668
          ],
          [
            114.1838939,
            22.3239842
          ],
          [
            114.1839152,
            22.3239992
          ],
          [
            114.1839438,
            22.3240135
          ]
        ]
      }
    },
    {
      "type": "Feature",
      "properties": {
        "highway": "footway"
      },
      "geometry": {
        "type": "LineString",
        "coordinates": [
          [
            114.1874365,
            22.320088
          ],
          [
            114.1874181,
            22.3200826
          ],
          [
            114.1873973,
            22.3200805
          ],
          [
            114.1872299,
            22.3200798
          ],
          [
            114.1869166,
            22.3200762
          ]
        ]
      }
    },
    {
      "type": "Feature",
      "properties": {
        "highway": "footway"
      },
      "geometry": {
        "type": "LineString",
        "coordinates": [
          [
            114.1874662,
            22.3198872
          ],
          [
            114.1874651,
            22.3199187
          ],
          [
            114.1874604,
            22.3199394
          ],
          [
            114.187452,
            22.3199565
          ],
          [
            114.1874358,
            22.3199672
          ],
          [
            114.1874135,
            22.3199722
          ],
          [
            114.1874004,
            22.3199743
          ]
        ]
      }
    },
    {
      "type": "Feature",
      "properties": {
        "highway": "footway"
      },
      "geometry": {
        "type": "LineString",
        "coordinates": [
          [
            114.1872297,
            22.3199743
          ],
          [
            114.1868937,
            22.3199723
          ],
          [
            114.1864915,
            22.31997
          ],
          [
            114.186475,
            22.3199658
          ],
          [
            114.1864649,
            22.3199578
          ],
          [
            114.1864589,
            22.3199447
          ]
        ]
      }
    },
    {
      "type": "Feature",
      "properties": {
        "highway": "footway"
      },
      "geometry": {
        "type": "LineString",
        "coordinates": [
          [
            114.1874004,
            22.3199743
          ],
          [
            114.1872297,
            22.3199743
          ]
        ]
      }
    },
    {
      "type": "Feature",
      "properties": {
        "highway": "footway"
      },
      "geometry": {
        "type": "LineString",
        "coordinates": [
          [
            114.1869166,
            22.3200762
          ],
          [
            114.1868745,
            22.3200752
          ],
          [
            114.1868369,
            22.3200743
          ]
        ]
      }
    },
    {
      "type": "Feature",
      "properties": {
        "highway": "footway"
      },
      "geometry": {
        "type": "LineString",
        "coordinates": [
          [
            114.1868369,
            22.3200743
          ],
          [
            114.1868348,
            22.3204072
          ],
          [
            114.1863795,
            22.3204091
          ],
          [
            114.1863815,
            22.3200894
          ],
          [
            114.1863998,
            22.3200734
          ]
        ]
      }
    },
    {
      "type": "Feature",
      "properties": {
        "highway": "footway"
      },
      "geometry": {
        "type": "LineString",
        "coordinates": [
          [
            114.1869166,
            22.3200762
          ],
          [
            114.186908,
            22.3204692
          ],
          [
            114.1863053,
            22.3204664
          ],
          [
            114.1863114,
            22.3200772
          ]
        ]
      }
    },
    {
      "type": "Feature",
      "properties": {
        "highway": "footway"
      },
      "geometry": {
        "type": "LineString",
        "coordinates": [
          [
            114.1863114,
            22.3200772
          ],
          [
            114.1863666,
            22.3200748
          ],
          [
            114.1863998,
            22.3200734
          ]
        ]
      }
    },
    {
      "type": "Feature",
      "properties": {
        "highway": "footway"
      },
      "geometry": {
        "type": "LineString",
        "coordinates": [
          [
            114.1863998,
            22.3200734
          ],
          [
            114.1868369,
            22.3200743
          ]
        ]
      }
    },
    {
      "type": "Feature",
      "properties": {
        "highway": "footway"
      },
      "geometry": {
        "type": "LineString",
        "coordinates": [
          [
            114.1864589,
            22.3199447
          ],
          [
            114.1864108,
            22.3199459
          ],
          [
            114.1863798,
            22.3199466
          ]
        ]
      }
    },
    {
      "type": "Feature",
      "properties": {
        "highway": "footway",
        "surface": "concrete"
      },
      "geometry": {
        "type": "LineString",
        "coordinates": [
          [
            114.1863798,
            22.3199466
          ],
          [
            114.1863724,
            22.3199547
          ],
          [
            114.1863603,
            22.3199609
          ],
          [
            114.1863442,
            22.3199652
          ],
          [
            114.1863255,
            22.3199658
          ],
          [
            114.1858536,
            22.3199599
          ],
          [
            114.185818,
            22.3199627
          ],
          [
            114.1857773,
            22.3199702
          ],
          [
            114.1857458,
            22.3199768
          ],
          [
            114.1857143,
            22.3199813
          ],
          [
            114.1856753,
            22.3199825
          ],
          [
            114.185646,
            22.3199711
          ],
          [
            114.1856252,
            22.3199569
          ],
          [
            114.1856153,
            22.3199459
          ],
          [
            114.185606,
            22.3199355
          ],
          [
            114.1855875,
            22.3199141
          ],
          [
            114.1852507,
            22.3195197
          ],
          [
            114.1851729,
            22.3194493
          ],
          [
            114.1850968,
            22.3193887
          ],
          [
            114.1850225,
            22.3193363
          ],
          [
            114.1849499,
            22.3193085
          ],
          [
            114.1848579,
            22.3192905
          ],
          [
            114.184821,
            22.3192857
          ],
          [
            114.1847466,
            22.3192833
          ],
          [
            114.1846286,
            22.3192946
          ],
          [
            114.1845285,
            22.3193095
          ],
          [
            114.1844284,
            22.3193316
          ],
          [
            114.1843444,
            22.3193701
          ],
          [
            114.1842551,
            22.3194314
          ],
          [
            114.1841757,
            22.3194884
          ],
          [
            114.1840224,
            22.3196017
          ],
          [
            114.1836452,
            22.3198843
          ],
          [
            114.1835203,
            22.3199481
          ],
          [
            114.183337,
            22.3200085
          ],
          [
            114.1832062,
            22.320028
          ],
          [
            114.1830439,
            22.3200334
          ],
          [
            114.182912,
            22.3200129
          ],
          [
            114.1827988,
            22.3199837
          ],
          [
            114.1822816,
            22.3198552
          ],
          [
            114.18225,
            22.3198303
          ],
          [
            114.182236,
            22.3198023
          ],
          [
            114.1822302,
            22.3197731
          ],
          [
            114.1824158,
            22.319097
          ],
          [
            114.1824322,
            22.3190808
          ],
          [
            114.1824684,
            22.3190678
          ],
          [
            114.1824828,
            22.3190664
          ],
          [
            114.1825127,
            22.3190635
          ],
          [
            114.1825559,
            22.3190657
          ],
          [
            114.1829272,
            22.3191456
          ],
          [
            114.1829634,
            22.3191672
          ],
          [
            114.1829797,
            22.3191985
          ],
          [
            114.1829786,
            22.3192536
          ],
          [
            114.1829241,
            22.3194261
          ],
          [
            114.1828961,
            22.3194502
          ],
          [
            114.1828778,
            22.3194653
          ],
          [
            114.1828586,
            22.3194802
          ],
          [
            114.1828447,
            22.3194995
          ],
          [
            114.1828378,
            22.3195197
          ],
          [
            114.1828369,
            22.3195408
          ],
          [
            114.1828403,
            22.3195568
          ],
          [
            114.1828471,
            22.3195719
          ],
          [
            114.1828596,
            22.3195879
          ],
          [
            114.182876,
            22.3196007
          ],
          [
            114.1828969,
            22.3196098
          ],
          [
            114.1829197,
            22.3196134
          ],
          [
            114.1829413,
            22.3196117
          ],
          [
            114.1829618,
            22.319605
          ],
          [
            114.1829767,
            22.3195962
          ],
          [
            114.1829893,
            22.3195848
          ],
          [
            114.1830008,
            22.3195684
          ],
          [
            114.1830076,
            22.3195499
          ],
          [
            114.1830089,
            22.3195247
          ],
          [
            114.1830089,
            22.3194912
          ],
          [
            114.1830147,
            22.3194588
          ],
          [
            114.1830988,
            22.3191823
          ],
          [
            114.1831,
            22.3191478
          ],
          [
            114.1831,
            22.3191208
          ],
          [
            114.183093,
            22.3190916
          ],
          [
            114.183072,
            22.3190754
          ],
          [
            114.1830381,
            22.3190624
          ],
          [
            114.1829705,
            22.3190449
          ],
          [
            114.1825337,
            22.3189566
          ],
          [
            114.1825034,
            22.3189382
          ],
          [
            114.1824917,
            22.3189134
          ],
          [
            114.1824835,
            22.3188767
          ],
          [
            114.182494,
            22.3188421
          ],
          [
            114.1825084,
            22.318802
          ],
          [
            114.1826178,
            22.3184969
          ],
          [
            114.1826747,
            22.3183897
          ],
          [
            114.1829399,
            22.3177374
          ]
        ]
      }
    },
    {
      "type": "Feature",
      "properties": {
        "highway": "footway"
      },
      "geometry": {
        "type": "LineString",
        "coordinates": [
          [
            114.1863114,
            22.3200772
          ],
          [
            114.185821,
            22.3200802
          ],
          [
            114.1857651,
            22.3200896
          ],
          [
            114.1857072,
            22.3201131
          ],
          [
            114.1856564,
            22.3201413
          ],
          [
            114.1856043,
            22.3201789
          ],
          [
            114.1856015,
            22.3201808
          ],
          [
            114.1855588,
            22.3202194
          ],
          [
            114.1855202,
            22.3202673
          ],
          [
            114.1854897,
            22.3203209
          ],
          [
            114.1854535,
            22.3204217
          ]
        ]
      }
    },
    {
      "type": "Feature",
      "properties": {
        "highway": "footway"
      },
      "geometry": {
        "type": "LineString",
        "coordinates": [
          [
            114.1856043,
            22.3201789
          ],
          [
            114.1855652,
            22.3201383
          ],
          [
            114.1855095,
            22.3201997
          ],
          [
            114.1855022,
            22.3201951
          ],
          [
            114.1854701,
            22.3201747
          ]
        ]
      }
    },
    {
      "type": "Feature",
      "properties": {
        "highway": "footway"
      },
      "geometry": {
        "type": "LineString",
        "coordinates": [
          [
            114.1854701,
            22.3201747
          ],
          [
            114.1855066,
            22.3201329
          ],
          [
            114.1855151,
            22.3200894
          ],
          [
            114.1855135,
            22.3200523
          ],
          [
            114.1855043,
            22.3200231
          ],
          [
            114.1854843,
            22.3199861
          ],
          [
            114.1854713,
            22.3199699
          ],
          [
            114.1854596,
            22.3199554
          ]
        ]
      }
    },
    {
      "type": "Feature",
      "properties": {
        "highway": "footway"
      },
      "geometry": {
        "type": "LineString",
        "coordinates": [
          [
            114.1854713,
            22.3199699
          ],
          [
            114.1855105,
            22.3199476
          ],
          [
            114.1855459,
            22.3199882
          ],
          [
            114.1855587,
            22.3199804
          ],
          [
            114.1856153,
            22.3199459
          ]
        ]
      }
    },
    {
      "type": "Feature",
      "properties": {
        "highway": "footway"
      },
      "geometry": {
        "type": "LineString",
        "coordinates": [
          [
            114.1854701,
            22.3201747
          ],
          [
            114.185423,
            22.320231
          ],
          [
            114.1853985,
            22.3202791
          ],
          [
            114.1851682,
            22.3208674
          ],
          [
            114.1850745,
            22.3211069
          ],
          [
            114.1845999,
            22.3223192
          ],
          [
            114.1845381,
            22.3224478
          ],
          [
            114.1844435,
            22.3226249
          ],
          [
            114.1843162,
            22.3228614
          ],
          [
            114.1842193,
            22.3230364
          ],
          [
            114.1841883,
            22.3230589
          ],
          [
            114.1841497,
            22.3230665
          ],
          [
            114.1841278,
            22.3230631
          ],
          [
            114.1841077,
            22.32306
          ],
          [
            114.1840715,
            22.3230492
          ],
          [
            114.1833594,
            22.322723
          ]
        ]
      }
    },
    {
      "type": "Feature",
      "properties": {
        "highway": "footway"
      },
      "geometry": {
        "type": "LineString",
        "coordinates": [
          [
            114.1851663,
            22.3211335
          ],
          [
            114.1851123,
            22.3211179
          ],
          [
            114.1850745,
            22.3211069
          ]
        ]
      }
    },
    {
      "type": "Feature",
      "properties": {
        "highway": "footway"
      },
      "geometry": {
        "type": "LineString",
        "coordinates": [
          [
            114.1852304,
            22.3210664
          ],
          [
            114.1852523,
            22.3210136
          ],
          [
            114.1852709,
            22.3209688
          ]
        ]
      }
    },
    {
      "type": "Feature",
      "properties": {
        "highway": "footway"
      },
      "geometry": {
        "type": "LineString",
        "coordinates": [
          [
            114.185257,
            22.3208933
          ],
          [
            114.1852069,
            22.3208787
          ],
          [
            114.1851682,
            22.3208674
          ]
        ]
      }
    },
    {
      "type": "Feature",
      "properties": {
        "highway": "footway"
      },
      "geometry": {
        "type": "LineString",
        "coordinates": [
          [
            114.184082,
            22.3231464
          ],
          [
            114.1841078,
            22.3230994
          ],
          [
            114.1841278,
            22.3230631
          ]
        ]
      }
    },
    {
      "type": "Feature",
      "properties": {
        "highway": "footway"
      },
      "geometry": {
        "type": "LineString",
        "coordinates": [
          [
            114.1837339,
            22.32385
          ],
          [
            114.183801,
            22.3238762
          ],
          [
            114.1838182,
            22.323883
          ],
          [
            114.1837867,
            22.3239316
          ],
          [
            114.1838856,
            22.3239668
          ]
        ]
      }
    },
    {
      "type": "Feature",
      "properties": {
        "footway": "sidewalk",
        "highway": "footway",
        "name": "亞皆老街 Argyle Street",
        "name:en": "Argyle Street",
        "name:zh": "亞皆老街"
      },
      "geometry": {
        "type": "LineString",
        "coordinates": [
          [
            114.1835812,
            22.3238797
          ],
          [
            114.1829117,
            22.323569
          ],
          [
            114.1820531,
            22.323182
          ],
          [
            114.1815593,
            22.3229534
          ],
          [
            114.1814385,
            22.3228947
          ],
          [
            114.180994,
            22.3226965
          ],
          [
            114.1803409,
            22.3223852
          ]
        ]
      }
    },
    {
      "type": "Feature",
      "properties": {
        "highway": "footway"
      },
      "geometry": {
        "type": "LineString",
        "coordinates": [
          [
            114.1803656,
            22.3223344
          ],
          [
            114.1805242,
            22.3220099
          ],
          [
            114.1805367,
            22.3219844
          ]
        ]
      }
    },
    {
      "type": "Feature",
      "properties": {
        "highway": "footway"
      },
      "geometry": {
        "type": "LineString",
        "coordinates": [
          [
            114.1803656,
            22.3223344
          ],
          [
            114.1803314,
            22.3223221
          ],
          [
            114.1802658,
            22.3222983
          ]
        ]
      }
    },
    {
      "type": "Feature",
      "properties": {
        "highway": "footway"
      },
      "geometry": {
        "type": "LineString",
        "coordinates": [
          [
            114.1802658,
            22.3222983
          ],
          [
            114.1804404,
            22.3219729
          ],
          [
            114.1804495,
            22.3219559
          ]
        ]
      }
    },
    {
      "type": "Feature",
      "properties": {
        "footway": "sidewalk",
        "highway": "footway",
        "name": "亞皆老街 Argyle Street",
        "name:en": "Argyle Street",
        "name:zh": "亞皆老街"
      },
      "geometry": {
        "type": "LineString",
        "coordinates": [
          [
            114.1802658,
            22.3222983
          ],
          [
            114.1802537,
            22.3223144
          ],
          [
            114.1799383,
            22.3221664
          ]
        ]
      }
    },
    {
      "type": "Feature",
      "properties": {
        "highway": "footway"
      },
      "geometry": {
        "type": "LineString",
        "coordinates": [
          [
            114.1784372,
            22.3237313
          ],
          [
            114.1787922,
            22.3237164
          ],
          [
            114.1787902,
            22.323672
          ]
        ]
      }
    },
    {
      "type": "Feature",
      "properties": {
        "highway": "footway"
      },
      "geometry": {
        "type": "LineString",
        "coordinates": [
          [
            114.1784319,
            22.3236561
          ],
          [
            114.1787921,
            22.3236399
          ],
          [
            114.1787902,
            22.323672
          ]
        ]
      }
    },
    {
      "type": "Feature",
      "properties": {
        "highway": "footway"
      },
      "geometry": {
        "type": "LineString",
        "coordinates": [
          [
            114.1785808,
            22.3210699
          ],
          [
            114.1786254,
            22.3210894
          ],
          [
            114.1795393,
            22.3215033
          ],
          [
            114.1801401,
            22.3217829
          ],
          [
            114.1804285,
            22.3219181
          ],
          [
            114.1804397,
            22.3219234
          ],
          [
            114.1804498,
            22.3219337
          ],
          [
            114.1804495,
            22.3219559
          ]
        ]
      }
    },
    {
      "type": "Feature",
      "properties": {
        "highway": "footway"
      },
      "geometry": {
        "type": "LineString",
        "coordinates": [
          [
            114.1786164,
            22.3210181
          ],
          [
            114.1786592,
            22.3210374
          ],
          [
            114.1804609,
            22.3218506
          ],
          [
            114.1804723,
            22.3218558
          ],
          [
            114.1804855,
            22.3218568
          ],
          [
            114.1804967,
            22.3218483
          ],
          [
            114.1806319,
            22.3215841
          ],
          [
            114.1806329,
            22.3215738
          ],
          [
            114.1806309,
            22.3215559
          ],
          [
            114.1806187,
            22.3215437
          ],
          [
            114.1789109,
            22.320746
          ],
          [
            114.1788654,
            22.3207248
          ],
          [
            114.1788512,
            22.3207219
          ],
          [
            114.178835,
            22.3207295
          ],
          [
            114.1786164,
            22.3210181
          ]
        ]
      }
    },
    {
      "type": "Feature",
      "properties": {
        "highway": "footway"
      },
      "geometry": {
        "type": "LineString",
        "coordinates": [
          [
            114.1789109,
            22.320746
          ],
          [
            114.1789415,
            22.320694
          ],
          [
            114.1789661,
            22.3206524
          ]
        ]
      }
    },
    {
      "type": "Feature",
      "properties": {
        "highway": "footway"
      },
      "geometry": {
        "type": "LineString",
        "coordinates": [
          [
            114.1789661,
            22.3206524
          ],
          [
            114.1797258,
            22.3210142
          ],
          [
            114.1797458,
            22.3210114
          ],
          [
            114.1797597,
            22.3209971
          ],
          [
            114.1797971,
            22.320925
          ],
          [
            114.1802064,
            22.3201364
          ],
          [
            114.1802138,
            22.3201007
          ],
          [
            114.1802071,
            22.3200759
          ],
          [
            114.1801977,
            22.3200585
          ],
          [
            114.1801628,
            22.3200399
          ],
          [
            114.1799616,
            22.3199481
          ],
          [
            114.1799026,
            22.3199121
          ],
          [
            114.1798637,
            22.3198761
          ],
          [
            114.1798423,
            22.3198439
          ],
          [
            114.1797107,
            22.3195608
          ],
          [
            114.1797045,
            22.3195476
          ],
          [
            114.1797021,
            22.3195359
          ],
          [
            114.1797022,
            22.319524
          ],
          [
            114.1797052,
            22.3195109
          ],
          [
            114.1797113,
            22.3194987
          ],
          [
            114.1797185,
            22.3194898
          ],
          [
            114.1797274,
            22.3194821
          ],
          [
            114.1797454,
            22.319473
          ],
          [
            114.1797672,
            22.3194694
          ],
          [
            114.1797798,
            22.3194705
          ],
          [
            114.179792,
            22.3194738
          ],
          [
            114.17981,
            22.3194838
          ],
          [
            114.1798218,
            22.3194959
          ],
          [
            114.1798277,
            22.3195057
          ],
          [
            114.1798315,
            22.3195163
          ],
          [
            114.1798463,
            22.319566
          ],
          [
            114.1799455,
            22.3198178
          ],
          [
            114.1799777,
            22.3198575
          ],
          [
            114.1800206,
            22.3198922
          ],
          [
            114.1800864,
            22.3199381
          ],
          [
            114.1801467,
            22.3199605
          ],
          [
            114.180199,
            22.3199766
          ],
          [
            114.1802366,
            22.3199791
          ],
          [
            114.1802687,
            22.3199766
          ],
          [
            114.1802996,
            22.3199654
          ],
          [
            114.1803398,
            22.3199419
          ],
          [
            114.1803921,
            22.3198612
          ],
          [
            114.1804257,
            22.3198339
          ],
          [
            114.1810275,
            22.3194542
          ],
          [
            114.1810667,
            22.3194295
          ],
          [
            114.1810801,
            22.3194047
          ],
          [
            114.1810828,
            22.3193799
          ],
          [
            114.1810782,
            22.3193454
          ],
          [
            114.1810644,
            22.3193149
          ]
        ]
      }
    },
    {
      "type": "Feature",
      "properties": {
        "highway": "footway",
        "name": "公主道 Princess Margaret Road",
        "name:en": "Princess Margaret Road",
        "name:zh": "公主道"
      },
      "geometry": {
        "type": "LineString",
        "coordinates": [
          [
            114.1789661,
            22.3206524
          ],
          [
            114.1789142,
            22.3206241
          ],
          [
            114.1789142,
            22.3206027
          ],
          [
            114.1789312,
            22.3205785
          ],
          [
            114.1791653,
            22.3201724
          ],
          [
            114.1792269,
            22.3200854
          ],
          [
            114.1792848,
            22.3199892
          ]
        ]
      }
    },
    {
      "type": "Feature",
      "properties": {
        "highway": "footway"
      },
      "geometry": {
        "type": "LineString",
        "coordinates": [
          [
            114.1786254,
            22.3210894
          ],
          [
            114.1786458,
            22.3210581
          ],
          [
            114.1786592,
            22.3210374
          ]
        ]
      }
    },
    {
      "type": "Feature",
      "properties": {
        "highway": "footway"
      },
      "geometry": {
        "type": "LineString",
        "coordinates": [
          [
            114.1769245,
            22.3193914
          ],
          [
            114.1772,
            22.3197449
          ],
          [
            114.1772447,
            22.3197797
          ],
          [
            114.1772833,
            22.3197994
          ],
          [
            114.177328,
            22.3198163
          ],
          [
            114.1773819,
            22.3198192
          ],
          [
            114.1774276,
            22.3198163
          ],
          [
            114.1774683,
            22.3197966
          ],
          [
            114.1775161,
            22.3197712
          ],
          [
            114.1776337,
            22.3196983
          ],
          [
            114.1783658,
            22.3192447
          ],
          [
            114.1784166,
            22.3191939
          ],
          [
            114.1784532,
            22.3191507
          ],
          [
            114.1784715,
            22.3190999
          ],
          [
            114.1784826,
            22.3190576
          ],
          [
            114.1784826,
            22.3190153
          ],
          [
            114.1784684,
            22.3189786
          ],
          [
            114.1784501,
            22.3189363
          ],
          [
            114.1783353,
            22.3187247
          ],
          [
            114.1782966,
            22.3186806
          ],
          [
            114.1782479,
            22.3186382
          ],
          [
            114.178196,
            22.3186204
          ],
          [
            114.1781411,
            22.31861
          ],
          [
            114.178073,
            22.31861
          ],
          [
            114.1780151,
            22.3186298
          ],
          [
            114.1779582,
            22.3186608
          ],
          [
            114.177884,
            22.3187116
          ],
          [
            114.1769489,
            22.3192889
          ]
        ]
      }
    },
    {
      "type": "Feature",
      "properties": {
        "highway": "footway"
      },
      "geometry": {
        "type": "LineString",
        "coordinates": [
          [
            114.1804404,
            22.3219729
          ],
          [
            114.1804921,
            22.3219957
          ],
          [
            114.1805242,
            22.3220099
          ]
        ]
      }
    },
    {
      "type": "Feature",
      "properties": {
        "highway": "footway"
      },
      "geometry": {
        "type": "LineString",
        "coordinates": [
          [
            114.1804285,
            22.3219181
          ],
          [
            114.1804414,
            22.3218912
          ],
          [
            114.1804609,
            22.3218506
          ]
        ]
      }
    },
    {
      "type": "Feature",
      "properties": {
        "highway": "footway"
      },
      "geometry": {
        "type": "LineString",
        "coordinates": [
          [
            114.1805367,
            22.3219844
          ],
          [
            114.1805469,
            22.3219792
          ],
          [
            114.1805633,
            22.3219852
          ],
          [
            114.1805795,
            22.3219927
          ],
          [
            114.1815784,
            22.3224587
          ],
          [
            114.1817188,
            22.3225269
          ]
        ]
      }
    },
    {
      "type": "Feature",
      "properties": {
        "highway": "footway"
      },
      "geometry": {
        "type": "LineString",
        "coordinates": [
          [
            114.1805818,
            22.3218825
          ],
          [
            114.1805771,
            22.3219003
          ],
          [
            114.1805847,
            22.3219187
          ],
          [
            114.1806016,
            22.3219327
          ],
          [
            114.1806094,
            22.3219362
          ],
          [
            114.1808218,
            22.3220312
          ],
          [
            114.1817658,
            22.3224388
          ],
          [
            114.1818399,
            22.3224594
          ],
          [
            114.1818875,
            22.3224577
          ],
          [
            114.1819331,
            22.3224445
          ],
          [
            114.1819611,
            22.3224294
          ],
          [
            114.1819858,
            22.32241
          ],
          [
            114.1820169,
            22.3223706
          ],
          [
            114.1820348,
            22.3223226
          ],
          [
            114.1820366,
            22.3222732
          ],
          [
            114.1820208,
            22.3222217
          ],
          [
            114.1820041,
            22.3221953
          ],
          [
            114.1819826,
            22.3221721
          ],
          [
            114.1819314,
            22.3221449
          ],
          [
            114.1807791,
            22.3215979
          ],
          [
            114.1807428,
            22.3215814
          ],
          [
            114.180721,
            22.3216222
          ],
          [
            114.1805818,
            22.3218825
          ]
        ]
      }
    },
    {
      "type": "Feature",
      "properties": {
        "highway": "footway"
      },
      "geometry": {
        "type": "LineString",
        "coordinates": [
          [
            114.1805795,
            22.3219927
          ],
          [
            114.1805942,
            22.321965
          ],
          [
            114.1806094,
            22.3219362
          ]
        ]
      }
    },
    {
      "type": "Feature",
      "properties": {
        "highway": "footway",
        "surface": "paving_stones"
      },
      "geometry": {
        "type": "LineString",
        "coordinates": [
          [
            114.1820803,
            22.3224302
          ],
          [
            114.182103,
            22.3223762
          ],
          [
            114.1821169,
            22.3223178
          ],
          [
            114.18212,
            22.3222679
          ],
          [
            114.1821107,
            22.3222166
          ],
          [
            114.1820799,
            22.3221596
          ],
          [
            114.1820414,
            22.3221097
          ],
          [
            114.1820013,
            22.3220826
          ],
          [
            114.1819443,
            22.3220527
          ],
          [
            114.1808151,
            22.3215227
          ],
          [
            114.1798431,
            22.3210665
          ],
          [
            114.1798338,
            22.3210466
          ],
          [
            114.17984,
            22.3210238
          ],
          [
            114.1798747,
            22.320958
          ],
          [
            114.1802991,
            22.3201545
          ],
          [
            114.1804189,
            22.3199543
          ],
          [
            114.1804592,
            22.3199146
          ],
          [
            114.1805155,
            22.3198774
          ],
          [
            114.1810792,
            22.3195224
          ],
          [
            114.1810949,
            22.3195126
          ],
          [
            114.1811244,
            22.3195027
          ],
          [
            114.1811633,
            22.3195076
          ],
          [
            114.1811961,
            22.3195127
          ],
          [
            114.181241,
            22.3195573
          ],
          [
            114.181528,
            22.3197731
          ],
          [
            114.1815897,
            22.3198116
          ],
          [
            114.1816595,
            22.3198364
          ],
          [
            114.181748,
            22.3198587
          ],
          [
            114.1822542,
            22.3199768
          ],
          [
            114.1828919,
            22.3201255
          ],
          [
            114.1829791,
            22.3201404
          ],
          [
            114.1830971,
            22.3201478
          ],
          [
            114.1831441,
            22.320154
          ],
          [
            114.1831655,
            22.3201751
          ],
          [
            114.1831883,
            22.3201987
          ],
          [
            114.1831991,
            22.3202322
          ],
          [
            114.183243,
            22.32064
          ]
        ]
      }
    },
    {
      "type": "Feature",
      "properties": {
        "highway": "footway"
      },
      "geometry": {
        "type": "LineString",
        "coordinates": [
          [
            114.180721,
            22.3216222
          ],
          [
            114.1806869,
            22.3216076
          ],
          [
            114.1806319,
            22.3215841
          ]
        ]
      }
    },
    {
      "type": "Feature",
      "properties": {
        "highway": "footway"
      },
      "geometry": {
        "type": "LineString",
        "coordinates": [
          [
            114.1807791,
            22.3215979
          ],
          [
            114.1807924,
            22.3215701
          ],
          [
            114.1808151,
            22.3215227
          ]
        ]
      }
    },
    {
      "type": "Feature",
      "properties": {
        "highway": "footway"
      },
      "geometry": {
        "type": "LineString",
        "coordinates": [
          [
            114.1798747,
            22.320958
          ],
          [
            114.1798356,
            22.3209413
          ],
          [
            114.1797971,
            22.320925
          ]
        ]
      }
    },
    {
      "type": "Feature",
      "properties": {
        "highway": "footway"
      },
      "geometry": {
        "type": "LineString",
        "coordinates": [
          [
            114.1810792,
            22.3195224
          ],
          [
            114.181049,
            22.3194826
          ],
          [
            114.1810275,
            22.3194542
          ]
        ]
      }
    },
    {
      "type": "Feature",
      "properties": {
        "highway": "footway"
      },
      "geometry": {
        "type": "LineString",
        "coordinates": [
          [
            114.1810782,
            22.3193454
          ],
          [
            114.1811553,
            22.3193029
          ],
          [
            114.1812287,
            22.3192625
          ]
        ]
      }
    },
    {
      "type": "Feature",
      "properties": {
        "highway": "footway"
      },
      "geometry": {
        "type": "LineString",
        "coordinates": [
          [
            114.1812703,
            22.3192716
          ],
          [
            114.1813055,
            22.3193157
          ],
          [
            114.1813679,
            22.3193939
          ]
        ]
      }
    },
    {
      "type": "Feature",
      "properties": {
        "highway": "footway"
      },
      "geometry": {
        "type": "LineString",
        "coordinates": [
          [
            114.1813679,
            22.3193939
          ],
          [
            114.1813594,
            22.3194124
          ],
          [
            114.1813586,
            22.3194338
          ],
          [
            114.1813702,
            22.3194623
          ],
          [
            114.1813802,
            22.3194779
          ],
          [
            114.1815057,
            22.3196019
          ],
          [
            114.1815974,
            22.319671
          ],
          [
            114.1816629,
            22.3197081
          ],
          [
            114.1817622,
            22.3197451
          ],
          [
            114.18186,
            22.3197744
          ],
          [
            114.182028,
            22.3198165
          ]
        ]
      }
    },
    {
      "type": "Feature",
      "properties": {
        "highway": "footway"
      },
      "geometry": {
        "type": "LineString",
        "coordinates": [
          [
            114.181241,
            22.3195573
          ],
          [
            114.181295,
            22.3194984
          ],
          [
            114.1813586,
            22.3194338
          ]
        ]
      }
    },
    {
      "type": "Feature",
      "properties": {
        "highway": "footway"
      },
      "geometry": {
        "type": "LineString",
        "coordinates": [
          [
            114.1813679,
            22.3193939
          ],
          [
            114.1813937,
            22.3193638
          ],
          [
            114.1816824,
            22.3191372
          ],
          [
            114.1817576,
            22.3190554
          ],
          [
            114.1817952,
            22.3189961
          ],
          [
            114.1818308,
            22.3189303
          ],
          [
            114.1818481,
            22.3188786
          ],
          [
            114.1818592,
            22.3188156
          ],
          [
            114.1818613,
            22.3187451
          ],
          [
            114.1818572,
            22.3186821
          ],
          [
            114.1818379,
            22.3185956
          ],
          [
            114.1818003,
            22.3185044
          ],
          [
            114.1817566,
            22.318416
          ],
          [
            114.1817174,
            22.3183398
          ],
          [
            114.1816824,
            22.3182806
          ]
        ]
      }
    },
    {
      "type": "Feature",
      "properties": {
        "highway": "footway"
      },
      "geometry": {
        "type": "LineString",
        "coordinates": [
          [
            114.1833246,
            22.3206728
          ],
          [
            114.1832615,
            22.3201797
          ],
          [
            114.1832646,
            22.3201555
          ],
          [
            114.1832753,
            22.320137
          ],
          [
            114.1832954,
            22.3201198
          ],
          [
            114.1833493,
            22.3201141
          ],
          [
            114.1834679,
            22.3200856
          ],
          [
            114.1835711,
            22.3200443
          ],
          [
            114.183662,
            22.3200001
          ],
          [
            114.1837883,
            22.319926
          ],
          [
            114.1839578,
            22.3197949
          ],
          [
            114.1843676,
            22.3194857
          ],
          [
            114.184497,
            22.3194201
          ],
          [
            114.1846233,
            22.3193945
          ],
          [
            114.1847327,
            22.3194002
          ],
          [
            114.184822,
            22.3194002
          ],
          [
            114.1849191,
            22.3194272
          ],
          [
            114.1849939,
            22.3194603
          ],
          [
            114.1850762,
            22.3195213
          ],
          [
            114.1851696,
            22.3196088
          ],
          [
            114.1852454,
            22.3197048
          ],
          [
            114.1854596,
            22.3199554
          ]
        ]
      }
    },
    {
      "type": "Feature",
      "properties": {
        "highway": "footway"
      },
      "geometry": {
        "type": "LineString",
        "coordinates": [
          [
            114.1829399,
            22.3177374
          ],
          [
            114.1829684,
            22.3175791
          ],
          [
            114.1829861,
            22.3174779
          ],
          [
            114.183002,
            22.3174143
          ],
          [
            114.1832476,
            22.3164337
          ]
        ]
      }
    },
    {
      "type": "Feature",
      "properties": {
        "highway": "footway"
      },
      "geometry": {
        "type": "LineString",
        "coordinates": [
          [
            114.1832476,
            22.3164337
          ],
          [
            114.1834527,
            22.3156399
          ],
          [
            114.1834989,
            22.3155273
          ],
          [
            114.1835528,
            22.3154161
          ],
          [
            114.1836191,
            22.3153363
          ],
          [
            114.1837315,
            22.3152166
          ],
          [
            114.1840781,
            22.3149387
          ],
          [
            114.1841875,
            22.3148375
          ],
          [
            114.1842661,
            22.314752
          ],
          [
            114.1843246,
            22.3146437
          ],
          [
            114.1843369,
            22.3145653
          ],
          [
            114.18434,
            22.3144741
          ],
          [
            114.1843246,
            22.3143715
          ],
          [
            114.1842907,
            22.3142589
          ],
          [
            114.1842538,
            22.3142033
          ],
          [
            114.1841998,
            22.3141335
          ],
          [
            114.1841274,
            22.3140751
          ],
          [
            114.1840504,
            22.3140152
          ],
          [
            114.1839765,
            22.3139724
          ],
          [
            114.1839254,
            22.3139541
          ],
          [
            114.183844,
            22.3139439
          ],
          [
            114.1834989,
            22.3138952
          ],
          [
            114.1834537,
            22.3138888
          ]
        ]
      }
    },
    {
      "type": "Feature",
      "properties": {
        "highway": "footway"
      },
      "geometry": {
        "type": "LineString",
        "coordinates": [
          [
            114.1801977,
            22.3200585
          ],
          [
            114.1802142,
            22.3200247
          ],
          [
            114.1802366,
            22.3199791
          ]
        ]
      }
    },
    {
      "type": "Feature",
      "properties": {
        "highway": "footway"
      },
      "geometry": {
        "type": "LineString",
        "coordinates": [
          [
            114.1822542,
            22.3199768
          ],
          [
            114.1822655,
            22.3199264
          ],
          [
            114.1822816,
            22.3198552
          ]
        ]
      }
    },
    {
      "type": "Feature",
      "properties": {
        "highway": "footway"
      },
      "geometry": {
        "type": "LineString",
        "coordinates": [
          [
            114.1822302,
            22.3197731
          ],
          [
            114.1821903,
            22.3197629
          ],
          [
            114.182138,
            22.3197495
          ]
        ]
      }
    },
    {
      "type": "Feature",
      "properties": {
        "highway": "footway",
        "surface": "asphalt"
      },
      "geometry": {
        "type": "LineString",
        "coordinates": [
          [
            114.1831655,
            22.3201751
          ],
          [
            114.1832312,
            22.3201621
          ],
          [
            114.1832646,
            22.3201555
          ]
        ]
      }
    },
    {
      "type": "Feature",
      "properties": {
        "highway": "footway"
      },
      "geometry": {
        "type": "LineString",
        "coordinates": [
          [
            114.1824828,
            22.3190664
          ],
          [
            114.1825131,
            22.3190012
          ],
          [
            114.1825337,
            22.3189566
          ]
        ]
      }
    },
    {
      "type": "Feature",
      "properties": {
        "highway": "footway"
      },
      "geometry": {
        "type": "LineString",
        "coordinates": [
          [
            114.1825084,
            22.318802
          ],
          [
            114.1824707,
            22.3187924
          ],
          [
            114.1824122,
            22.3187775
          ]
        ]
      }
    },
    {
      "type": "Feature",
      "properties": {
        "highway": "footway"
      },
      "geometry": {
        "type": "LineString",
        "coordinates": [
          [
            114.1798319,
            22.3171637
          ],
          [
            114.1798769,
            22.3171467
          ],
          [
            114.1798849,
            22.3171437
          ],
          [
            114.179854,
            22.3170799
          ],
          [
            114.1799014,
            22.3170592
          ]
        ]
      }
    },
    {
      "type": "Feature",
      "properties": {
        "highway": "footway",
        "surface": "asphalt"
      },
      "geometry": {
        "type": "LineString",
        "coordinates": [
          [
            114.1813586,
            22.3145609
          ],
          [
            114.1813787,
            22.314503
          ],
          [
            114.1814033,
            22.3145009
          ],
          [
            114.1814265,
            22.3144989
          ],
          [
            114.1814375,
            22.3144537
          ]
        ]
      }
    },
    {
      "type": "Feature",
      "properties": {
        "highway": "footway",
        "surface": "asphalt"
      },
      "geometry": {
        "type": "LineString",
        "coordinates": [
          [
            114.1815658,
            22.3142985
          ],
          [
            114.1816126,
            22.3143066
          ],
          [
            114.1816708,
            22.3143201
          ],
          [
            114.1816404,
            22.3144097
          ],
          [
            114.1817101,
            22.3144236
          ],
          [
            114.1817542,
            22.3144339
          ]
        ]
      }
    },
    {
      "type": "Feature",
      "properties": {
        "highway": "footway",
        "surface": "paving_stones"
      },
      "geometry": {
        "type": "LineString",
        "coordinates": [
          [
            114.1778921,
            22.3141027
          ],
          [
            114.1779038,
            22.3142369
          ],
          [
            114.1780303,
            22.3149486
          ],
          [
            114.1780533,
            22.3150259
          ],
          [
            114.1780867,
            22.3151083
          ],
          [
            114.1781109,
            22.3151557
          ],
          [
            114.1781511,
            22.3152203
          ],
          [
            114.1782566,
            22.3153435
          ],
          [
            114.1783494,
            22.3154231
          ],
          [
            114.1787338,
            22.3157044
          ],
          [
            114.1788086,
            22.3157531
          ],
          [
            114.1789011,
            22.3157953
          ],
          [
            114.1790428,
            22.3158308
          ],
          [
            114.1791232,
            22.3158342
          ],
          [
            114.1791937,
            22.3158295
          ],
          [
            114.1792625,
            22.3158188
          ],
          [
            114.1793515,
            22.3157912
          ],
          [
            114.1794535,
            22.3157426
          ],
          [
            114.179541,
            22.3156778
          ],
          [
            114.1796133,
            22.3156027
          ],
          [
            114.1800119,
            22.315111
          ],
          [
            114.1800233,
            22.3150962
          ],
          [
            114.1800294,
            22.3150567
          ],
          [
            114.1800253,
            22.3150191
          ],
          [
            114.1800162,
            22.3150076
          ],
          [
            114.1799969,
            22.3149834
          ],
          [
            114.1797076,
            22.3147906
          ],
          [
            114.179582,
            22.314698
          ],
          [
            114.1793118,
            22.3145095
          ],
          [
            114.1792366,
            22.3144362
          ],
          [
            114.1792,
            22.3143609
          ],
          [
            114.1791472,
            22.3142444
          ],
          [
            114.1790844,
            22.3140613
          ]
        ]
      }
    },
    {
      "type": "Feature",
      "properties": {
        "highway": "footway"
      },
      "geometry": {
        "type": "LineString",
        "coordinates": [
          [
            114.1801392,
            22.315189
          ],
          [
            114.1800752,
            22.3151498
          ],
          [
            114.1800119,
            22.315111
          ]
        ]
      }
    },
    {
      "type": "Feature",
      "properties": {
        "highway": "footway"
      },
      "geometry": {
        "type": "LineString",
        "coordinates": [
          [
            114.1800162,
            22.3150076
          ],
          [
            114.1800442,
            22.314971
          ],
          [
            114.1800759,
            22.3149295
          ]
        ]
      }
    },
    {
      "type": "Feature",
      "properties": {
        "highway": "footway"
      },
      "geometry": {
        "type": "LineString",
        "coordinates": [
          [
            114.1802051,
            22.3148923
          ],
          [
            114.1802621,
            22.3149282
          ],
          [
            114.1803167,
            22.3149627
          ]
        ]
      }
    },
    {
      "type": "Feature",
      "properties": {
        "highway": "footway"
      },
      "geometry": {
        "type": "LineString",
        "coordinates": [
          [
            114.1805872,
            22.3157512
          ],
          [
            114.1805337,
            22.3158027
          ],
          [
            114.1804567,
            22.3158569
          ],
          [
            114.1802633,
            22.3159365
          ],
          [
            114.1796387,
            22.3161747
          ],
          [
            114.179611,
            22.3161747
          ],
          [
            114.1795802,
            22.3161647
          ],
          [
            114.1795524,
            22.3161433
          ],
          [
            114.1794745,
            22.3159601
          ]
        ]
      }
    },
    {
      "type": "Feature",
      "properties": {
        "highway": "footway"
      },
      "geometry": {
        "type": "LineString",
        "coordinates": [
          [
            114.1806471,
            22.3158027
          ],
          [
            114.1805877,
            22.3158555
          ],
          [
            114.1805137,
            22.3159139
          ],
          [
            114.1804213,
            22.3159609
          ],
          [
            114.1796664,
            22.3162559
          ],
          [
            114.1796418,
            22.3162816
          ],
          [
            114.1796356,
            22.3163186
          ],
          [
            114.1796572,
            22.3163927
          ],
          [
            114.1796618,
            22.3164341
          ],
          [
            114.1796433,
            22.3164911
          ],
          [
            114.1796017,
            22.3165438
          ],
          [
            114.179537,
            22.3165866
          ],
          [
            114.1792197,
            22.3167162
          ],
          [
            114.1791673,
            22.3167219
          ],
          [
            114.179118,
            22.3167063
          ],
          [
            114.1790903,
            22.3166792
          ],
          [
            114.1790826,
            22.316655
          ],
          [
            114.1790784,
            22.3166281
          ]
        ]
      }
    },
    {
      "type": "Feature",
      "properties": {
        "highway": "footway"
      },
      "geometry": {
        "type": "LineString",
        "coordinates": [
          [
            114.1793741,
            22.3159992
          ],
          [
            114.1795477,
            22.3163808
          ],
          [
            114.1795508,
            22.316408
          ],
          [
            114.1795467,
            22.3164348
          ],
          [
            114.1795357,
            22.3164599
          ],
          [
            114.1795183,
            22.3164818
          ],
          [
            114.1794956,
            22.3164992
          ],
          [
            114.179351,
            22.3165555
          ],
          [
            114.1793218,
            22.3165604
          ],
          [
            114.1792947,
            22.3165603
          ],
          [
            114.1792668,
            22.3165551
          ],
          [
            114.1792406,
            22.316545
          ],
          [
            114.1792188,
            22.3165316
          ],
          [
            114.1791962,
            22.3165224
          ],
          [
            114.1791724,
            22.3165194
          ],
          [
            114.1791486,
            22.3165225
          ],
          [
            114.1791265,
            22.3165314
          ],
          [
            114.1791029,
            22.3165492
          ],
          [
            114.1790861,
            22.3165728
          ],
          [
            114.1790777,
            22.3165999
          ],
          [
            114.1790784,
            22.3166281
          ]
        ]
      }
    },
    {
      "type": "Feature",
      "properties": {
        "highway": "footway"
      },
      "geometry": {
        "type": "LineString",
        "coordinates": [
          [
            114.1796664,
            22.3162559
          ],
          [
            114.1796533,
            22.3162174
          ],
          [
            114.1796387,
            22.3161747
          ]
        ]
      }
    },
    {
      "type": "Feature",
      "properties": {
        "highway": "footway"
      },
      "geometry": {
        "type": "LineString",
        "coordinates": [
          [
            114.1791988,
            22.3159619
          ],
          [
            114.1791974,
            22.315897
          ],
          [
            114.1791937,
            22.3158295
          ]
        ]
      }
    },
    {
      "type": "Feature",
      "properties": {
        "highway": "footway"
      },
      "geometry": {
        "type": "LineString",
        "coordinates": [
          [
            114.1779625,
            22.3151591
          ],
          [
            114.1780237,
            22.3151347
          ],
          [
            114.1780867,
            22.3151083
          ]
        ]
      }
    },
    {
      "type": "Feature",
      "properties": {
        "highway": "footway"
      },
      "geometry": {
        "type": "LineString",
        "coordinates": [
          [
            114.181669,
            22.3168165
          ],
          [
            114.1817737,
            22.3169167
          ],
          [
            114.1818403,
            22.3169805
          ],
          [
            114.1818496,
            22.317014
          ],
          [
            114.1818438,
            22.3170539
          ],
          [
            114.1818181,
            22.3170928
          ],
          [
            114.1817738,
            22.3171371
          ],
          [
            114.1812367,
            22.3175691
          ],
          [
            114.1811807,
            22.317581
          ],
          [
            114.1811386,
            22.3175767
          ],
          [
            114.1810359,
            22.3175289
          ],
          [
            114.181009,
            22.3175148
          ],
          [
            114.1809797,
            22.3175058
          ],
          [
            114.1809484,
            22.3175022
          ],
          [
            114.180917,
            22.3175043
          ],
          [
            114.1808711,
            22.3175187
          ],
          [
            114.1808641,
            22.3175222
          ],
          [
            114.1808392,
            22.3175388
          ],
          [
            114.1808182,
            22.3175596
          ],
          [
            114.1808031,
            22.3175815
          ],
          [
            114.1807924,
            22.3176056
          ],
          [
            114.1807853,
            22.3176541
          ],
          [
            114.1807958,
            22.3177021
          ],
          [
            114.1808178,
            22.3177385
          ],
          [
            114.1808419,
            22.3177619
          ],
          [
            114.1808856,
            22.3177861
          ],
          [
            114.1809277,
            22.3177957
          ],
          [
            114.180971,
            22.3177944
          ],
          [
            114.181155,
            22.3177625
          ],
          [
            114.1812028,
            22.3177495
          ],
          [
            114.1812703,
            22.317719
          ]
        ]
      }
    },
    {
      "type": "Feature",
      "properties": {
        "highway": "footway"
      },
      "geometry": {
        "type": "LineString",
        "coordinates": [
          [
            114.1817737,
            22.3169167
          ],
          [
            114.1818109,
            22.3168811
          ],
          [
            114.1818778,
            22.3168173
          ],
          [
            114.1819194,
            22.3167776
          ]
        ]
      }
    },
    {
      "type": "Feature",
      "properties": {
        "highway": "footway"
      },
      "geometry": {
        "type": "LineString",
        "coordinates": [
          [
            114.1819486,
            22.3171428
          ],
          [
            114.1819013,
            22.3171027
          ],
          [
            114.1818438,
            22.3170539
          ]
        ]
      }
    },
    {
      "type": "Feature",
      "properties": {
        "highway": "footway"
      },
      "geometry": {
        "type": "LineString",
        "coordinates": [
          [
            114.1864589,
            22.3199447
          ],
          [
            114.1864525,
            22.3199254
          ],
          [
            114.1864606,
            22.3195679
          ]
        ]
      }
    },
    {
      "type": "Feature",
      "properties": {
        "highway": "footway"
      },
      "geometry": {
        "type": "LineString",
        "coordinates": [
          [
            114.1864606,
            22.3195679
          ],
          [
            114.1864758,
            22.3195582
          ],
          [
            114.1872269,
            22.3195636
          ]
        ]
      }
    },
    {
      "type": "Feature",
      "properties": {
        "highway": "footway"
      },
      "geometry": {
        "type": "LineString",
        "coordinates": [
          [
            114.1864595,
            22.3194794
          ],
          [
            114.1864735,
            22.3194913
          ],
          [
            114.1868996,
            22.3194934
          ],
          [
            114.1869125,
            22.3194815
          ],
          [
            114.1869209,
            22.3180296
          ],
          [
            114.1869049,
            22.3180141
          ]
        ]
      }
    },
    {
      "type": "Feature",
      "properties": {
        "highway": "footway"
      },
      "geometry": {
        "type": "LineString",
        "coordinates": [
          [
            114.1870208,
            22.3180231
          ],
          [
            114.1870076,
            22.3180402
          ],
          [
            114.1869955,
            22.3194759
          ],
          [
            114.1870063,
            22.3194888
          ],
          [
            114.1872268,
            22.3194895
          ]
        ]
      }
    },
    {
      "type": "Feature",
      "properties": {
        "highway": "footway"
      },
      "geometry": {
        "type": "LineString",
        "coordinates": [
          [
            114.1869125,
            22.3194815
          ],
          [
            114.1869574,
            22.3194785
          ],
          [
            114.1869955,
            22.3194759
          ]
        ]
      }
    },
    {
      "type": "Feature",
      "properties": {
        "highway": "footway"
      },
      "geometry": {
        "type": "LineString",
        "coordinates": [
          [
            114.1864758,
            22.3195582
          ],
          [
            114.1864744,
            22.3195183
          ],
          [
            114.1864735,
            22.3194913
          ]
        ]
      }
    },
    {
      "type": "Feature",
      "properties": {
        "highway": "footway"
      },
      "geometry": {
        "type": "LineString",
        "coordinates": [
          [
            114.1864595,
            22.3194794
          ],
          [
            114.1864696,
            22.3184908
          ],
          [
            114.1864742,
            22.3180334
          ],
          [
            114.1864976,
            22.3180118
          ]
        ]
      }
    },
    {
      "type": "Feature",
      "properties": {
        "highway": "footway"
      },
      "geometry": {
        "type": "LineString",
        "coordinates": [
          [
            114.1873973,
            22.3200805
          ],
          [
            114.1873989,
            22.3200265
          ],
          [
            114.1874004,
            22.3199743
          ]
        ]
      }
    },
    {
      "type": "Feature",
      "properties": {
        "highway": "footway"
      },
      "geometry": {
        "type": "LineString",
        "coordinates": [
          [
            114.1874662,
            22.3198872
          ],
          [
            114.1874657,
            22.3195211
          ],
          [
            114.1874635,
            22.318038
          ],
          [
            114.18745,
            22.3180265
          ]
        ]
      }
    },
    {
      "type": "Feature",
      "properties": {
        "highway": "footway"
      },
      "geometry": {
        "type": "LineString",
        "coordinates": [
          [
            114.1870208,
            22.3180231
          ],
          [
            114.1872366,
            22.3180248
          ],
          [
            114.18745,
            22.3180265
          ]
        ]
      }
    },
    {
      "type": "Feature",
      "properties": {
        "highway": "footway"
      },
      "geometry": {
        "type": "LineString",
        "coordinates": [
          [
            114.1864976,
            22.3180118
          ],
          [
            114.1869049,
            22.3180141
          ]
        ]
      }
    },
    {
      "type": "Feature",
      "properties": {
        "highway": "footway"
      },
      "geometry": {
        "type": "LineString",
        "coordinates": [
          [
            114.1874723,
            22.3178872
          ],
          [
            114.18746,
            22.3179003
          ],
          [
            114.1874486,
            22.3179002
          ],
          [
            114.1870388,
            22.3178971
          ],
          [
            114.1870225,
            22.3178977
          ],
          [
            114.1870073,
            22.3178874
          ]
        ]
      }
    },
    {
      "type": "Feature",
      "properties": {
        "highway": "footway"
      },
      "geometry": {
        "type": "LineString",
        "coordinates": [
          [
            114.18745,
            22.3180265
          ],
          [
            114.1874495,
            22.317984
          ],
          [
            114.1874486,
            22.3179002
          ]
        ]
      }
    },
    {
      "type": "Feature",
      "properties": {
        "highway": "footway"
      },
      "geometry": {
        "type": "LineString",
        "coordinates": [
          [
            114.1870821,
            22.3179311
          ],
          [
            114.1870207,
            22.3179313
          ],
          [
            114.1870225,
            22.3178977
          ]
        ]
      }
    },
    {
      "type": "Feature",
      "properties": {
        "highway": "footway"
      },
      "geometry": {
        "type": "LineString",
        "coordinates": [
          [
            114.1870073,
            22.3178874
          ],
          [
            114.1870112,
            22.3172104
          ],
          [
            114.1870159,
            22.3163875
          ],
          [
            114.1870321,
            22.3163682
          ],
          [
            114.1873294,
            22.316365
          ]
        ]
      }
    },
    {
      "type": "Feature",
      "properties": {
        "highway": "footway"
      },
      "geometry": {
        "type": "LineString",
        "coordinates": [
          [
            114.1869135,
            22.316354
          ],
          [
            114.1869335,
            22.3163711
          ],
          [
            114.1869335,
            22.3163834
          ],
          [
            114.1869309,
            22.3172114
          ],
          [
            114.1869287,
            22.3178882
          ],
          [
            114.1869079,
            22.3179152
          ],
          [
            114.1868841,
            22.3179245
          ],
          [
            114.1865128,
            22.3179159
          ],
          [
            114.1864943,
            22.3179081
          ],
          [
            114.1864812,
            22.3178924
          ],
          [
            114.1864813,
            22.3178457
          ],
          [
            114.1864832,
            22.3172099
          ],
          [
            114.1864854,
            22.3164492
          ],
          [
            114.1864856,
            22.3163903
          ],
          [
            114.1864998,
            22.3163649
          ],
          [
            114.1865162,
            22.3163587
          ],
          [
            114.1865281,
            22.3163543
          ],
          [
            114.1869135,
            22.316354
          ]
        ]
      }
    },
    {
      "type": "Feature",
      "properties": {
        "highway": "footway"
      },
      "geometry": {
        "type": "LineString",
        "coordinates": [
          [
            114.1869209,
            22.3180296
          ],
          [
            114.186966,
            22.3180351
          ],
          [
            114.1870076,
            22.3180402
          ]
        ]
      }
    },
    {
      "type": "Feature",
      "properties": {
        "highway": "footway"
      },
      "geometry": {
        "type": "LineString",
        "coordinates": [
          [
            114.1870208,
            22.3180231
          ],
          [
            114.1870207,
            22.3179778
          ],
          [
            114.1870207,
            22.3179313
          ]
        ]
      }
    },
    {
      "type": "Feature",
      "properties": {
        "highway": "footway"
      },
      "geometry": {
        "type": "LineString",
        "coordinates": [
          [
            114.1869079,
            22.3179152
          ],
          [
            114.1869669,
            22.3179237
          ],
          [
            114.1870207,
            22.3179313
          ]
        ]
      }
    },
    {
      "type": "Feature",
      "properties": {
        "highway": "footway"
      },
      "geometry": {
        "type": "LineString",
        "coordinates": [
          [
            114.1869049,
            22.3180141
          ],
          [
            114.1869066,
            22.3179593
          ],
          [
            114.1869079,
            22.3179152
          ]
        ]
      }
    },
    {
      "type": "Feature",
      "properties": {
        "highway": "footway"
      },
      "geometry": {
        "type": "LineString",
        "coordinates": [
          [
            114.1864976,
            22.3180118
          ],
          [
            114.186506,
            22.317959
          ],
          [
            114.1865128,
            22.3179159
          ]
        ]
      }
    },
    {
      "type": "Feature",
      "properties": {
        "highway": "footway"
      },
      "geometry": {
        "type": "LineString",
        "coordinates": [
          [
            114.1864813,
            22.3178457
          ],
          [
            114.1864228,
            22.3178454
          ],
          [
            114.1863664,
            22.3178451
          ]
        ]
      }
    },
    {
      "type": "Feature",
      "properties": {
        "highway": "footway"
      },
      "geometry": {
        "type": "LineString",
        "coordinates": [
          [
            114.1874793,
            22.3162439
          ],
          [
            114.1873437,
            22.3162446
          ],
          [
            114.1870474,
            22.3162462
          ],
          [
            114.1870304,
            22.3162376
          ],
          [
            114.1870311,
            22.3157479
          ]
        ]
      }
    },
    {
      "type": "Feature",
      "properties": {
        "highway": "footway"
      },
      "geometry": {
        "type": "LineString",
        "coordinates": [
          [
            114.1869355,
            22.316239
          ],
          [
            114.1869196,
            22.3162521
          ],
          [
            114.1865134,
            22.3162538
          ],
          [
            114.1864993,
            22.3162447
          ],
          [
            114.1864883,
            22.3157513
          ]
        ]
      }
    },
    {
      "type": "Feature",
      "properties": {
        "highway": "footway"
      },
      "geometry": {
        "type": "LineString",
        "coordinates": [
          [
            114.18698,
            22.3155383
          ],
          [
            114.1870467,
            22.3155384
          ],
          [
            114.1870942,
            22.3155385
          ]
        ]
      }
    },
    {
      "type": "Feature",
      "properties": {
        "highway": "footway"
      },
      "geometry": {
        "type": "LineString",
        "coordinates": [
          [
            114.1864883,
            22.3157513
          ],
          [
            114.186484,
            22.3155547
          ],
          [
            114.1865041,
            22.3155373
          ],
          [
            114.18698,
            22.3155383
          ]
        ]
      }
    },
    {
      "type": "Feature",
      "properties": {
        "highway": "footway"
      },
      "geometry": {
        "type": "LineString",
        "coordinates": [
          [
            114.1869355,
            22.316239
          ],
          [
            114.1869265,
            22.315746
          ]
        ]
      }
    },
    {
      "type": "Feature",
      "properties": {
        "highway": "footway"
      },
      "geometry": {
        "type": "LineString",
        "coordinates": [
          [
            114.1874066,
            22.3162862
          ],
          [
            114.187345,
            22.3162854
          ],
          [
            114.1873437,
            22.3162446
          ]
        ]
      }
    },
    {
      "type": "Feature",
      "properties": {
        "highway": "footway"
      },
      "geometry": {
        "type": "LineString",
        "coordinates": [
          [
            114.1870321,
            22.3163682
          ],
          [
            114.1870369,
            22.3163299
          ],
          [
            114.187043,
            22.3162811
          ],
          [
            114.1870474,
            22.3162462
          ]
        ]
      }
    },
    {
      "type": "Feature",
      "properties": {
        "highway": "footway"
      },
      "geometry": {
        "type": "LineString",
        "coordinates": [
          [
            114.1870304,
            22.3162376
          ],
          [
            114.1869817,
            22.3162384
          ],
          [
            114.1869355,
            22.316239
          ]
        ]
      }
    },
    {
      "type": "Feature",
      "properties": {
        "highway": "footway"
      },
      "geometry": {
        "type": "LineString",
        "coordinates": [
          [
            114.1870159,
            22.3163875
          ],
          [
            114.1869836,
            22.3163859
          ],
          [
            114.1869335,
            22.3163834
          ]
        ]
      }
    },
    {
      "type": "Feature",
      "properties": {
        "highway": "footway"
      },
      "geometry": {
        "type": "LineString",
        "coordinates": [
          [
            114.1869135,
            22.316354
          ],
          [
            114.1869158,
            22.3163151
          ],
          [
            114.1869196,
            22.3162521
          ]
        ]
      }
    },
    {
      "type": "Feature",
      "properties": {
        "highway": "footway"
      },
      "geometry": {
        "type": "LineString",
        "coordinates": [
          [
            114.1863688,
            22.3164504
          ],
          [
            114.1864211,
            22.3164499
          ],
          [
            114.1864854,
            22.3164492
          ]
        ]
      }
    },
    {
      "type": "Feature",
      "properties": {
        "highway": "footway"
      },
      "geometry": {
        "type": "LineString",
        "coordinates": [
          [
            114.1865162,
            22.3163587
          ],
          [
            114.1865148,
            22.3163055
          ],
          [
            114.1865134,
            22.3162538
          ]
        ]
      }
    },
    {
      "type": "Feature",
      "properties": {
        "highway": "footway"
      },
      "geometry": {
        "type": "LineString",
        "coordinates": [
          [
            114.1869807,
            22.3157453
          ],
          [
            114.1870311,
            22.3157479
          ]
        ]
      }
    },
    {
      "type": "Feature",
      "properties": {
        "highway": "footway"
      },
      "geometry": {
        "type": "LineString",
        "coordinates": [
          [
            114.1863653,
            22.315437
          ],
          [
            114.186459,
            22.3154368
          ],
          [
            114.1868874,
            22.3154355
          ],
          [
            114.1869085,
            22.3154215
          ],
          [
            114.1869143,
            22.3153967
          ],
          [
            114.186877,
            22.3151025
          ],
          [
            114.1868,
            22.3144698
          ],
          [
            114.1867704,
            22.3143977
          ],
          [
            114.1867522,
            22.3143532
          ]
        ]
      }
    },
    {
      "type": "Feature",
      "properties": {
        "highway": "footway"
      },
      "geometry": {
        "type": "LineString",
        "coordinates": [
          [
            114.1870477,
            22.3154373
          ],
          [
            114.187031,
            22.3154334
          ],
          [
            114.1870182,
            22.3154183
          ],
          [
            114.18701,
            22.3153967
          ],
          [
            114.1870089,
            22.3153883
          ],
          [
            114.1869977,
            22.3150695
          ]
        ]
      }
    },
    {
      "type": "Feature",
      "properties": {
        "highway": "footway"
      },
      "geometry": {
        "type": "LineString",
        "coordinates": [
          [
            114.1869143,
            22.3153967
          ],
          [
            114.1869671,
            22.315392
          ],
          [
            114.1870089,
            22.3153883
          ]
        ]
      }
    },
    {
      "type": "Feature",
      "properties": {
        "highway": "footway"
      },
      "geometry": {
        "type": "LineString",
        "coordinates": [
          [
            114.1870477,
            22.3154373
          ],
          [
            114.1870472,
            22.3154844
          ],
          [
            114.1870467,
            22.3155384
          ]
        ]
      }
    },
    {
      "type": "Feature",
      "properties": {
        "highway": "footway",
        "surface": "paved"
      },
      "geometry": {
        "type": "LineString",
        "coordinates": [
          [
            114.1874464,
            22.3154154
          ],
          [
            114.1874482,
            22.3154754
          ],
          [
            114.1874493,
            22.3155363
          ]
        ]
      }
    },
    {
      "type": "Feature",
      "properties": {
        "highway": "footway"
      },
      "geometry": {
        "type": "LineString",
        "coordinates": [
          [
            114.1874053,
            22.3150212
          ],
          [
            114.1873896,
            22.3150227
          ],
          [
            114.1869977,
            22.3150695
          ]
        ]
      }
    },
    {
      "type": "Feature",
      "properties": {
        "highway": "footway"
      },
      "geometry": {
        "type": "LineString",
        "coordinates": [
          [
            114.1869923,
            22.3149524
          ],
          [
            114.1873898,
            22.3149035
          ]
        ]
      }
    },
    {
      "type": "Feature",
      "properties": {
        "highway": "footway"
      },
      "geometry": {
        "type": "LineString",
        "coordinates": [
          [
            114.1874053,
            22.3150212
          ],
          [
            114.1873987,
            22.3149655
          ],
          [
            114.1873898,
            22.3149035
          ]
        ]
      }
    },
    {
      "type": "Feature",
      "properties": {
        "highway": "footway"
      },
      "geometry": {
        "type": "LineString",
        "coordinates": [
          [
            114.1869977,
            22.3150695
          ],
          [
            114.1870056,
            22.3150472
          ],
          [
            114.1870004,
            22.315011
          ],
          [
            114.1869923,
            22.3149524
          ]
        ]
      }
    },
    {
      "type": "Feature",
      "properties": {
        "highway": "footway"
      },
      "geometry": {
        "type": "LineString",
        "coordinates": [
          [
            114.1873898,
            22.3149035
          ],
          [
            114.1873259,
            22.3144462
          ],
          [
            114.1873175,
            22.314433
          ],
          [
            114.1872966,
            22.3144289
          ],
          [
            114.1869253,
            22.3145266
          ],
          [
            114.1869214,
            22.3145438
          ],
          [
            114.1869766,
            22.3149324
          ],
          [
            114.1869923,
            22.3149524
          ]
        ]
      }
    },
    {
      "type": "Feature",
      "properties": {
        "highway": "footway"
      },
      "geometry": {
        "type": "LineString",
        "coordinates": [
          [
            114.1872966,
            22.3144289
          ],
          [
            114.187282,
            22.3143727
          ],
          [
            114.1872861,
            22.3143264
          ]
        ]
      }
    },
    {
      "type": "Feature",
      "properties": {
        "highway": "footway"
      },
      "geometry": {
        "type": "LineString",
        "coordinates": [
          [
            114.1872861,
            22.3143264
          ],
          [
            114.1868979,
            22.3144162
          ],
          [
            114.1868686,
            22.3144062
          ],
          [
            114.1868452,
            22.3143704
          ],
          [
            114.1868239,
            22.3143378
          ]
        ]
      }
    },
    {
      "type": "Feature",
      "properties": {
        "highway": "footway"
      },
      "geometry": {
        "type": "LineString",
        "coordinates": [
          [
            114.1867704,
            22.3143977
          ],
          [
            114.1868081,
            22.3143839
          ],
          [
            114.1868452,
            22.3143704
          ]
        ]
      }
    },
    {
      "type": "Feature",
      "properties": {
        "highway": "footway"
      },
      "geometry": {
        "type": "LineString",
        "coordinates": [
          [
            114.1869253,
            22.3145266
          ],
          [
            114.1869053,
            22.3144502
          ],
          [
            114.1868979,
            22.3144162
          ]
        ]
      }
    },
    {
      "type": "Feature",
      "properties": {
        "highway": "footway"
      },
      "geometry": {
        "type": "LineString",
        "coordinates": [
          [
            114.1872861,
            22.3143264
          ],
          [
            114.1872997,
            22.3143145
          ],
          [
            114.1873017,
            22.3142985
          ],
          [
            114.1872456,
            22.314156
          ],
          [
            114.1871483,
            22.3139459
          ],
          [
            114.1869592,
            22.3135696
          ],
          [
            114.186876,
            22.3134114
          ],
          [
            114.1868591,
            22.3133928
          ],
          [
            114.186836,
            22.3133843
          ],
          [
            114.1868082,
            22.3133943
          ],
          [
            114.186494,
            22.3135553
          ],
          [
            114.1864817,
            22.3135852
          ],
          [
            114.1864863,
            22.3136137
          ],
          [
            114.1865034,
            22.3136504
          ],
          [
            114.1868239,
            22.3143378
          ]
        ]
      }
    },
    {
      "type": "Feature",
      "properties": {
        "highway": "footway"
      },
      "geometry": {
        "type": "LineString",
        "coordinates": [
          [
            114.1867522,
            22.3143532
          ],
          [
            114.1864359,
            22.3136747
          ],
          [
            114.1864108,
            22.3136209
          ]
        ]
      }
    },
    {
      "type": "Feature",
      "properties": {
        "bridge": "yes",
        "highway": "steps",
        "layer": "1"
      },
      "geometry": {
        "type": "LineString",
        "coordinates": [
          [
            114.1864598,
            22.3150178
          ],
          [
            114.1863626,
            22.3150019
          ]
        ]
      }
    },
    {
      "type": "Feature",
      "properties": {
        "access": "private",
        "highway": "service"
      },
      "geometry": {
        "type": "LineString",
        "coordinates": [
          [
            114.1864221,
            22.3154891
          ],
          [
            114.1863658,
            22.315488
          ],
          [
            114.1863274,
            22.3154874
          ],
          [
            114.1862415,
            22.3154861
          ]
        ]
      }
    },
    {
      "type": "Feature",
      "properties": {
        "highway": "service",
        "service": "driveway"
      },
      "geometry": {
        "type": "LineString",
        "coordinates": [
          [
            114.180805,
            22.3220607
          ],
          [
            114.1808218,
            22.3220312
          ],
          [
            114.1808335,
            22.3220074
          ],
          [
            114.1809468,
            22.3217784
          ]
        ]
      }
    },
    {
      "type": "Feature",
      "properties": {
        "highway": "steps"
      },
      "geometry": {
        "type": "LineString",
        "coordinates": [
          [
            114.1850447,
            22.318672
          ],
          [
            114.1850886,
            22.3185786
          ],
          [
            114.185088,
            22.3185557
          ],
          [
            114.1850642,
            22.3185266
          ],
          [
            114.1850722,
            22.3185
          ],
          [
            114.1850723,
            22.3184759
          ],
          [
            114.1851334,
            22.3184069
          ],
          [
            114.1851636,
            22.3183525
          ],
          [
            114.1852256,
            22.3183037
          ],
          [
            114.1852174,
            22.318238
          ],
          [
            114.1852699,
            22.3182183
          ]
        ]
      }
    },
    {
      "type": "Feature",
      "properties": {
        "crossing": "uncontrolled",
        "crossing:markings": "yes",
        "footway": "crossing",
        "highway": "footway"
      },
      "geometry": {
        "type": "LineString",
        "coordinates": [
          [
            114.1863694,
            22.3184897
          ],
          [
            114.1864195,
            22.3184903
          ],
          [
            114.1864696,
            22.3184908
          ]
        ]
      }
    },
    {
      "type": "Feature",
      "properties": {
        "highway": "footway"
      },
      "geometry": {
        "type": "LineString",
        "coordinates": [
          [
            114.1864985,
            22.3232655
          ],
          [
            114.1866035,
            22.3232187
          ],
          [
            114.1865203,
            22.3230448
          ],
          [
            114.1865973,
            22.3230106
          ]
        ]
      }
    },
    {
      "type": "Feature",
      "properties": {
        "highway": "steps"
      },
      "geometry": {
        "type": "LineString",
        "coordinates": [
          [
            114.1865973,
            22.3230106
          ],
          [
            114.186642,
            22.3230847
          ],
          [
            114.1866892,
            22.3230659
          ]
        ]
      }
    },
    {
      "type": "Feature",
      "properties": {
        "access": "private",
        "highway": "service",
        "service": "driveway"
      },
      "geometry": {
        "type": "LineString",
        "coordinates": [
          [
            114.1862319,
            22.3211096
          ],
          [
            114.1861432,
            22.321406
          ]
        ]
      }
    },
    {
      "type": "Feature",
      "properties": {
        "highway": "service",
        "service": "driveway"
      },
      "geometry": {
        "type": "LineString",
        "coordinates": [
          [
            114.1862589,
            22.3210209
          ],
          [
            114.1862437,
            22.3210704
          ],
          [
            114.1862319,
            22.3211096
          ]
        ]
      }
    },
    {
      "type": "Feature",
      "properties": {
        "bus:lanes:conditional": "designated|yes|yes @ (08:00-10:00;17:00-19:00)",
        "carriageway": "dual",
        "highway": "secondary",
        "lanes": "3",
        "lanes:bus:conditional": "1 @ (08:00-10:00;17:00-19:00)",
        "motor_vehicle:lanes:conditional": "no|yes|yes @ (08:00-10:00;17:00-19:00)",
        "name": "土瓜灣道 To Kwa Wan Road",
        "name:en": "To Kwa Wan Road",
        "name:zh": "土瓜灣道",
        "oneway": "yes",
        "surface": "asphalt"
      },
      "geometry": {
        "type": "LineString",
        "coordinates": [
          [
            114.1896415,
            22.3162324
          ],
          [
            114.1893142,
            22.3158887
          ]
        ]
      }
    },
    {
      "type": "Feature",
      "properties": {
        "carriageway": "dual",
        "highway": "secondary",
        "lanes": "3",
        "name": "土瓜灣道 To Kwa Wan Road",
        "name:en": "To Kwa Wan Road",
        "name:zh": "土瓜灣道",
        "oneway": "yes",
        "surface": "asphalt"
      },
      "geometry": {
        "type": "LineString",
        "coordinates": [
          [
            114.1897237,
            22.3163187
          ],
          [
            114.1896698,
            22.3162621
          ],
          [
            114.1896415,
            22.3162324
          ]
        ]
      }
    },
    {
      "type": "Feature",
      "properties": {
        "busway:left": "lane",
        "carriageway": "dual",
        "highway": "secondary",
        "lanes": "3",
        "name": "土瓜灣道 To Kwa Wan Road",
        "name:en": "To Kwa Wan Road",
        "name:zh": "土瓜灣道",
        "oneway": "yes",
        "sidewalk": "left",
        "surface": "concrete"
      },
      "geometry": {
        "type": "LineString",
        "coordinates": [
          [
            114.1907318,
            22.3175268
          ],
          [
            114.1907897,
            22.3175926
          ],
          [
            114.1908856,
            22.3176925
          ]
        ]
      }
    },
    {
      "type": "Feature",
      "properties": {
        "busway:left": "lane",
        "carriageway": "dual",
        "highway": "secondary",
        "lanes": "3",
        "name": "土瓜灣道 To Kwa Wan Road",
        "name:en": "To Kwa Wan Road",
        "name:zh": "土瓜灣道",
        "oneway": "yes",
        "surface": "concrete"
      },
      "geometry": {
        "type": "LineString",
        "coordinates": [
          [
            114.1893965,
            22.3161206
          ],
          [
            114.1895678,
            22.3163009
          ],
          [
            114.1895907,
            22.3163249
          ],
          [
            114.1896496,
            22.3163872
          ],
          [
            114.1897664,
            22.3165088
          ],
          [
            114.1898568,
            22.3166029
          ]
        ]
      }
    },
    {
      "type": "Feature",
      "properties": {
        "bus:HK:franchised:lanes:conditional": "designated|yes|yes @ (08:00-10:00;17:00-19:00)",
        "bus:lanes:conditional": "private|yes|yes @ (08:00-10:00;17:00-19:00)",
        "carriageway": "dual",
        "highway": "secondary",
        "lanes": "3",
        "motor_vehicle:lanes:conditional": "no|yes|yes @ (08:00-10:00;17:00-19:00)",
        "name": "土瓜灣道 To Kwa Wan Road",
        "name:en": "To Kwa Wan Road",
        "name:zh": "土瓜灣道",
        "oneway": "yes",
        "surface": "concrete"
      },
      "geometry": {
        "type": "LineString",
        "coordinates": [
          [
            114.1889148,
            22.3156141
          ],
          [
            114.1892061,
            22.3159204
          ],
          [
            114.1893664,
            22.316089
          ],
          [
            114.1893965,
            22.3161206
          ]
        ]
      }
    },
    {
      "type": "Feature",
      "properties": {
        "busway:left": "lane",
        "carriageway": "dual",
        "highway": "secondary",
        "lanes": "3",
        "name": "土瓜灣道 To Kwa Wan Road",
        "name:en": "To Kwa Wan Road",
        "name:zh": "土瓜灣道",
        "oneway": "yes",
        "surface": "concrete"
      },
      "geometry": {
        "type": "LineString",
        "coordinates": [
          [
            114.1886538,
            22.3153391
          ],
          [
            114.1888548,
            22.3155509
          ],
          [
            114.1889148,
            22.3156141
          ]
        ]
      }
    },
    {
      "type": "Feature",
      "properties": {
        "bus:lanes:conditional": "designated|yes|yes @ (08:00-10:00;17:00-19:00)",
        "carriageway": "dual",
        "highway": "secondary",
        "lanes": "3",
        "lanes:bus:conditional": "1 @ (08:00-10:00;17:00-19:00)",
        "motor_vehicle:lanes:conditional": "no|yes|yes @ (08:00-10:00;17:00-19:00)",
        "name": "土瓜灣道 To Kwa Wan Road",
        "name:en": "To Kwa Wan Road",
        "name:zh": "土瓜灣道",
        "oneway": "yes",
        "surface": "asphalt",
        "turn:lanes": "through|through|right"
      },
      "geometry": {
        "type": "LineString",
        "coordinates": [
          [
            114.1900012,
            22.3166161
          ],
          [
            114.1898694,
            22.3164749
          ],
          [
            114.1898404,
            22.3164438
          ],
          [
            114.1897237,
            22.3163187
          ]
        ]
      }
    },
    {
      "type": "Feature",
      "properties": {
        "carriageway": "dual",
        "highway": "secondary",
        "intersection": "staggered",
        "junction": "separate",
        "lanes": "3",
        "name": "土瓜灣道 To Kwa Wan Road",
        "name:en": "To Kwa Wan Road",
        "name:zh": "土瓜灣道",
        "oneway": "yes",
        "sidewalk": "left",
        "surface": "asphalt"
      },
      "geometry": {
        "type": "LineString",
        "coordinates": [
          [
            114.1911588,
            22.3178508
          ],
          [
            114.1910772,
            22.3177655
          ],
          [
            114.190956,
            22.3176389
          ]
        ]
      }
    },
    {
      "type": "Feature",
      "properties": {
        "highway": "tertiary",
        "junction": "intersection",
        "name": "落山道 Lok Shan Road",
        "name:en": "Lok Shan Road",
        "name:zh": "落山道",
        "oneway": "yes",
        "surface": "asphalt"
      },
      "geometry": {
        "type": "LineString",
        "coordinates": [
          [
            114.1897237,
            22.3163187
          ],
          [
            114.1896496,
            22.3163872
          ]
        ]
      }
    },
    {
      "type": "Feature",
      "properties": {
        "highway": "tertiary",
        "lanes": "3",
        "name": "落山道 Lok Shan Road",
        "name:en": "Lok Shan Road",
        "name:zh": "落山道",
        "oneway": "yes",
        "surface": "asphalt",
        "turn:lanes": "left|through|through;right"
      },
      "geometry": {
        "type": "LineString",
        "coordinates": [
          [
            114.1900656,
            22.3160327
          ],
          [
            114.1898116,
            22.3162443
          ],
          [
            114.1897821,
            22.3162693
          ],
          [
            114.1897237,
            22.3163187
          ]
        ]
      }
    },
    {
      "type": "Feature",
      "properties": {
        "highway": "tertiary",
        "lanes": "2",
        "lanes:backward": "1",
        "lanes:forward": "1",
        "name": "天光道 Tin Kwong Road",
        "name:en": "Tin Kwong Road",
        "name:zh": "天光道",
        "share_taxi": "no",
        "surface": "asphalt"
      },
      "geometry": {
        "type": "LineString",
        "coordinates": [
          [
            114.1841185,
            22.323349
          ],
          [
            114.1842335,
            22.3231581
          ]
        ]
      }
    },
    {
      "type": "Feature",
      "properties": {
        "carriageway": "dual",
        "highway": "unclassified",
        "name": "九龍城道 Kowloon City Road",
        "name:en": "Kowloon City Road",
        "name:zh": "九龍城道",
        "oneway": "yes",
        "sidewalk": "left"
      },
      "geometry": {
        "type": "LineString",
        "coordinates": [
          [
            114.1891283,
            22.3184456
          ],
          [
            114.1891065,
            22.3184021
          ],
          [
            114.1885945,
            22.3173779
          ],
          [
            114.1885578,
            22.3173045
          ],
          [
            114.1885387,
            22.3172662
          ],
          [
            114.1882138,
            22.3166163
          ]
        ]
      }
    },
    {
      "type": "Feature",
      "properties": {
        "abutters": "industrial",
        "carriageway": "single",
        "highway": "unclassified",
        "name": "下鄉道 Ha Heung Road",
        "name:en": "Ha Heung Road",
        "name:zh": "下鄉道",
        "oneway": "yes",
        "sidewalk": "both",
        "usage": "local"
      },
      "geometry": {
        "type": "LineString",
        "coordinates": [
          [
            114.1896162,
            22.3182366
          ],
          [
            114.1896333,
            22.3182709
          ],
          [
            114.1899142,
            22.3188334
          ],
          [
            114.1899199,
            22.3188548
          ],
          [
            114.1899198,
            22.3188767
          ],
          [
            114.1899116,
            22.3188992
          ],
          [
            114.1898961,
            22.3189181
          ],
          [
            114.1898748,
            22.3189313
          ],
          [
            114.1895693,
            22.3190652
          ],
          [
            114.1895436,
            22.3190764
          ],
          [
            114.189522,
            22.3190855
          ],
          [
            114.1894985,
            22.3190883
          ],
          [
            114.1894752,
            22.3190845
          ]
        ]
      }
    },
    {
      "type": "Feature",
      "properties": {
        "access": "private",
        "highway": "service"
      },
      "geometry": {
        "type": "LineString",
        "coordinates": [
          [
            114.1779625,
            22.315422
          ],
          [
            114.17806,
            22.3153476
          ]
        ]
      }
    },
    {
      "type": "Feature",
      "properties": {
        "access": "private",
        "highway": "service",
        "service": "driveway"
      },
      "geometry": {
        "type": "LineString",
        "coordinates": [
          [
            114.1782173,
            22.3210055
          ],
          [
            114.1783212,
            22.3210723
          ],
          [
            114.1783388,
            22.3210829
          ]
        ]
      }
    },
    {
      "type": "Feature",
      "properties": {
        "highway": "service",
        "service": "driveway"
      },
      "geometry": {
        "type": "LineString",
        "coordinates": [
          [
            114.1784261,
            22.3209626
          ],
          [
            114.1784055,
            22.3209505
          ],
          [
            114.1783675,
            22.3209292
          ],
          [
            114.1783594,
            22.3209223
          ],
          [
            114.1783581,
            22.3209124
          ],
          [
            114.1784647,
            22.3207648
          ]
        ]
      }
    },
    {
      "type": "Feature",
      "properties": {
        "covered": "yes",
        "highway": "footway"
      },
      "geometry": {
        "type": "LineString",
        "coordinates": [
          [
            114.1831215,
            22.3209217
          ],
          [
            114.1831204,
            22.3212125
          ]
        ]
      }
    },
    {
      "type": "Feature",
      "properties": {
        "covered": "yes",
        "highway": "footway"
      },
      "geometry": {
        "type": "LineString",
        "coordinates": [
          [
            114.183121,
            22.3213034
          ],
          [
            114.1831195,
            22.3214056
          ],
          [
            114.1831167,
            22.3220712
          ],
          [
            114.1831163,
            22.3221861
          ]
        ]
      }
    },
    {
      "type": "Feature",
      "properties": {
        "covered": "yes",
        "highway": "footway"
      },
      "geometry": {
        "type": "LineString",
        "coordinates": [
          [
            114.1830989,
            22.320922
          ],
          [
            114.1831215,
            22.3209217
          ]
        ]
      }
    },
    {
      "type": "Feature",
      "properties": {
        "carriageway": "dual",
        "highway": "secondary",
        "lanes": "3",
        "name": "土瓜灣道 To Kwa Wan Road",
        "name:en": "To Kwa Wan Road",
        "name:zh": "土瓜灣道",
        "oneway": "yes",
        "sidewalk": "left",
        "surface": "asphalt"
      },
      "geometry": {
        "type": "LineString",
        "coordinates": [
          [
            114.190956,
            22.3176389
          ],
          [
            114.1908604,
            22.3175315
          ],
          [
            114.19058,
            22.3172347
          ]
        ]
      }
    },
    {
      "type": "Feature",
      "properties": {
        "highway": "footway"
      },
      "geometry": {
        "type": "LineString",
        "coordinates": [
          [
            114.1871164,
            22.3162812
          ],
          [
            114.187043,
            22.3162811
          ]
        ]
      }
    },
    {
      "type": "Feature",
      "properties": {
        "footway": "sidewalk",
        "highway": "footway"
      },
      "geometry": {
        "type": "LineString",
        "coordinates": [
          [
            114.1793741,
            22.3159992
          ],
          [
            114.1793123,
            22.3159593
          ],
          [
            114.1791988,
            22.3159619
          ],
          [
            114.1791291,
            22.3159599
          ],
          [
            114.1789923,
            22.3159431
          ],
          [
            114.178844,
            22.3159023
          ],
          [
            114.1786947,
            22.3158249
          ],
          [
            114.178194,
            22.3154615
          ],
          [
            114.1781531,
            22.3154178
          ]
        ]
      }
    },
    {
      "type": "Feature",
      "properties": {
        "footway": "crossing",
        "highway": "footway"
      },
      "geometry": {
        "type": "LineString",
        "coordinates": [
          [
            114.1794745,
            22.3159601
          ],
          [
            114.1794243,
            22.3159797
          ],
          [
            114.1793741,
            22.3159992
          ]
        ]
      }
    },
    {
      "type": "Feature",
      "properties": {
        "bicycle": "private",
        "highway": "service",
        "horse": "no",
        "motor_vehicle": "private",
        "oneway": "yes",
        "service": "driveway"
      },
      "geometry": {
        "type": "LineString",
        "coordinates": [
          [
            114.1814379,
            22.3150285
          ],
          [
            114.1813702,
            22.3150614
          ],
          [
            114.1813256,
            22.3150812
          ],
          [
            114.1813071,
            22.3150983
          ],
          [
            114.1812686,
            22.3152444
          ],
          [
            114.1812755,
            22.3152715
          ],
          [
            114.181326,
            22.3153258
          ],
          [
            114.1813802,
            22.3153752
          ]
        ]
      }
    },
    {
      "type": "Feature",
      "properties": {
        "highway": "service",
        "service": "alley"
      },
      "geometry": {
        "type": "LineString",
        "coordinates": [
          [
            114.190941,
            22.3160438
          ],
          [
            114.1905606,
            22.3156609
          ],
          [
            114.1905348,
            22.315633
          ]
        ]
      }
    },
    {
      "type": "Feature",
      "properties": {
        "highway": "service",
        "service": "alley"
      },
      "geometry": {
        "type": "LineString",
        "coordinates": [
          [
            114.1905467,
            22.3156229
          ],
          [
            114.1901513,
            22.3152418
          ]
        ]
      }
    },
    {
      "type": "Feature",
      "properties": {
        "highway": "footway",
        "surface": "paved"
      },
      "geometry": {
        "type": "LineString",
        "coordinates": [
          [
            114.1888568,
            22.3152886
          ],
          [
            114.1888173,
            22.3152488
          ],
          [
            114.1887636,
            22.315202
          ]
        ]
      }
    },
    {
      "type": "Feature",
      "properties": {
        "highway": "footway",
        "surface": "paved"
      },
      "geometry": {
        "type": "LineString",
        "coordinates": [
          [
            114.1905371,
            22.3217232
          ],
          [
            114.1906285,
            22.3216781
          ],
          [
            114.1907755,
            22.3216277
          ]
        ]
      }
    },
    {
      "type": "Feature",
      "properties": {
        "highway": "footway",
        "surface": "paved"
      },
      "geometry": {
        "type": "LineString",
        "coordinates": [
          [
            114.1909792,
            22.3225982
          ],
          [
            114.1909428,
            22.3225392
          ],
          [
            114.1909091,
            22.3224747
          ]
        ]
      }
    },
    {
      "type": "Feature",
      "properties": {
        "crossing": "traffic_signals",
        "crossing:markings": "zebra",
        "crossing:markings:colour": "yellow",
        "footway": "crossing",
        "highway": "footway",
        "surface": "paved",
        "traffic_signals": "signal",
        "traffic_signals:ref": "K031"
      },
      "geometry": {
        "type": "LineString",
        "coordinates": [
          [
            114.1885239,
            22.3153323
          ],
          [
            114.1885759,
            22.3153825
          ],
          [
            114.188601,
            22.3154129
          ]
        ]
      }
    },
    {
      "type": "Feature",
      "properties": {
        "footway": "sidewalk",
        "highway": "footway",
        "name": "浙江街 Chi Kiang Street",
        "name:en": "Chi Kiang Street",
        "name:zh": "浙江街",
        "surface": "paving_stones"
      },
      "geometry": {
        "type": "LineString",
        "coordinates": [
          [
            114.1885274,
            22.3153018
          ],
          [
            114.1885044,
            22.3153118
          ],
          [
            114.1884544,
            22.31534
          ],
          [
            114.1880735,
            22.3155393
          ],
          [
            114.1879385,
            22.3156065
          ],
          [
            114.1878591,
            22.3156407
          ],
          [
            114.1878155,
            22.315651
          ]
        ]
      }
    },
    {
      "type": "Feature",
      "properties": {
        "footway": "sidewalk",
        "highway": "footway",
        "name": "土瓜灣道 To Kwa Wan Road",
        "name:en": "To Kwa Wan Road",
        "name:zh": "土瓜灣道",
        "surface": "paving_stones"
      },
      "geometry": {
        "type": "LineString",
        "coordinates": [
          [
            114.187604,
            22.314346
          ],
          [
            114.1876379,
            22.314387
          ],
          [
            114.1879031,
            22.3146575
          ],
          [
            114.1882212,
            22.3150002
          ],
          [
            114.1882686,
            22.3150443
          ],
          [
            114.1884417,
            22.3152175
          ],
          [
            114.1884647,
            22.3152417
          ],
          [
            114.188506,
            22.3152834
          ],
          [
            114.1885274,
            22.3153018
          ]
        ]
      }
    },
    {
      "type": "Feature",
      "properties": {
        "footway": "sidewalk",
        "highway": "footway",
        "surface": "paving_stones"
      },
      "geometry": {
        "type": "LineString",
        "coordinates": [
          [
            114.1874561,
            22.3139005
          ],
          [
            114.1874694,
            22.3139683
          ],
          [
            114.1874794,
            22.314012
          ],
          [
            114.1875601,
            22.3142539
          ],
          [
            114.187604,
            22.314346
          ]
        ]
      }
    },
    {
      "type": "Feature",
      "properties": {
        "highway": "footway",
        "surface": "paving_stones"
      },
      "geometry": {
        "type": "LineString",
        "coordinates": [
          [
            114.1877893,
            22.3153221
          ],
          [
            114.1878357,
            22.3153221
          ]
        ]
      }
    },
    {
      "type": "Feature",
      "properties": {
        "highway": "footway",
        "surface": "paving_stones"
      },
      "geometry": {
        "type": "LineString",
        "coordinates": [
          [
            114.1880794,
            22.315463
          ],
          [
            114.1880735,
            22.3155393
          ]
        ]
      }
    },
    {
      "type": "Feature",
      "properties": {
        "highway": "footway",
        "surface": "paving_stones"
      },
      "geometry": {
        "type": "LineString",
        "coordinates": [
          [
            114.1880806,
            22.3154321
          ],
          [
            114.1880799,
            22.3154497
          ]
        ]
      }
    },
    {
      "type": "Feature",
      "properties": {
        "footway": "ramp",
        "highway": "footway",
        "incline": "up",
        "surface": "paving_stones"
      },
      "geometry": {
        "type": "LineString",
        "coordinates": [
          [
            114.187936,
            22.3155756
          ],
          [
            114.1880035,
            22.3155438
          ]
        ]
      }
    },
    {
      "type": "Feature",
      "properties": {
        "highway": "footway",
        "surface": "paving_stones"
      },
      "geometry": {
        "type": "LineString",
        "coordinates": [
          [
            114.1879385,
            22.3156065
          ],
          [
            114.1879278,
            22.3155795
          ],
          [
            114.187936,
            22.3155756
          ]
        ]
      }
    },
    {
      "type": "Feature",
      "properties": {
        "highway": "footway",
        "surface": "paving_stones"
      },
      "geometry": {
        "type": "LineString",
        "coordinates": [
          [
            114.1881957,
            22.3150005
          ],
          [
            114.1882212,
            22.3150002
          ]
        ]
      }
    },
    {
      "type": "Feature",
      "properties": {
        "highway": "footway",
        "surface": "paving_stones"
      },
      "geometry": {
        "type": "LineString",
        "coordinates": [
          [
            114.1879164,
            22.3150441
          ],
          [
            114.1879156,
            22.3150039
          ],
          [
            114.1879718,
            22.3150032
          ]
        ]
      }
    },
    {
      "type": "Feature",
      "properties": {
        "footway": "crossing_access",
        "highway": "footway",
        "surface": "paved",
        "virtual": "yes"
      },
      "geometry": {
        "type": "LineString",
        "coordinates": [
          [
            114.1872456,
            22.314156
          ],
          [
            114.1872656,
            22.3141483
          ]
        ]
      }
    },
    {
      "type": "Feature",
      "properties": {
        "crossing:island": "yes",
        "crossing:staggered": "yes",
        "footway": "traffic_island",
        "highway": "footway",
        "surface": "paved"
      },
      "geometry": {
        "type": "LineString",
        "coordinates": [
          [
            114.1873449,
            22.3141186
          ],
          [
            114.1873658,
            22.3141109
          ],
          [
            114.1873641,
            22.3140489
          ],
          [
            114.187384,
            22.3140425
          ]
        ]
      }
    },
    {
      "type": "Feature",
      "properties": {
        "footway": "crossing_access",
        "highway": "footway",
        "surface": "paved",
        "virtual": "yes"
      },
      "geometry": {
        "type": "LineString",
        "coordinates": [
          [
            114.1874794,
            22.314012
          ],
          [
            114.1874524,
            22.3140207
          ]
        ]
      }
    },
    {
      "type": "Feature",
      "properties": {
        "footway": "crossing_access",
        "highway": "footway",
        "surface": "paved",
        "virtual": "yes"
      },
      "geometry": {
        "type": "LineString",
        "coordinates": [
          [
            114.187862,
            22.3157761
          ],
          [
            114.1878587,
            22.3157378
          ]
        ]
      }
    },
    {
      "type": "Feature",
      "properties": {
        "footway": "crossing_access",
        "highway": "footway",
        "surface": "paved",
        "virtual": "yes"
      },
      "geometry": {
        "type": "LineString",
        "coordinates": [
          [
            114.1878225,
            22.3156658
          ],
          [
            114.1878155,
            22.315651
          ]
        ]
      }
    },
    {
      "type": "Feature",
      "properties": {
        "highway": "footway",
        "surface": "paved"
      },
      "geometry": {
        "type": "LineString",
        "coordinates": [
          [
            114.1885811,
            22.3172263
          ],
          [
            114.1885387,
            22.3172662
          ],
          [
            114.1884108,
            22.3173675
          ],
          [
            114.1883751,
            22.3173973
          ]
        ]
      }
    },
    {
      "type": "Feature",
      "properties": {
        "change:lanes": "yes|not_right|no",
        "highway": "primary",
        "lanes": "3",
        "maxspeed": "50",
        "name": "馬頭圍道 Ma Tau Wai Road",
        "name:en": "Ma Tau Wai Road",
        "name:zh": "馬頭圍道",
        "oneway": "yes",
        "placement": "transition",
        "surface": "concrete",
        "turn:lanes": "left;through|through|right"
      },
      "geometry": {
        "type": "LineString",
        "coordinates": [
          [
            114.1875302,
            22.3153564
          ],
          [
            114.1875366,
            22.3154388
          ]
        ]
      }
    },
    {
      "type": "Feature",
      "properties": {
        "buffer:right": "gore",
        "buffer:right:marking": "chevrons",
        "buffer:right:marking:colour": "white",
        "carriageway": "dual",
        "highway": "primary",
        "lanes": "2",
        "marking:right": "solid_line",
        "marking:right:colour": "white",
        "maxspeed": "50",
        "name": "馬頭圍道 Ma Tau Wai Road",
        "name:en": "Ma Tau Wai Road",
        "name:zh": "馬頭圍道",
        "oneway": "yes",
        "placement": "transition",
        "separation:right": "no",
        "sidewalk": "left",
        "surface": "concrete",
        "traffic_mode:right": "vehicle"
      },
      "geometry": {
        "type": "LineString",
        "coordinates": [
          [
            114.1875413,
            22.3155716
          ],
          [
            114.1875174,
            22.3156771
          ]
        ]
      }
    },
    {
      "type": "Feature",
      "properties": {
        "highway": "unclassified",
        "lanes": "2",
        "name": "北帝街 Pak Tai Street",
        "name:en": "Pak Tai Street",
        "name:zh": "北帝街",
        "oneway": "yes",
        "sidewalk": "right",
        "surface": "asphalt"
      },
      "geometry": {
        "type": "LineString",
        "coordinates": [
          [
            114.1878887,
            22.3201862
          ],
          [
            114.1879014,
            22.3202156
          ],
          [
            114.187927,
            22.320275
          ]
        ]
      }
    },
    {
      "type": "Feature",
      "properties": {
        "carriageway": "single",
        "highway": "tertiary",
        "lanes": "2",
        "name": "上鄉道 Sheung Heung Road",
        "name:en": "Sheung Heung Road",
        "name:zh": "上鄉道",
        "note:highway:criteria": "restriction",
        "sidewalk": "both"
      },
      "geometry": {
        "type": "LineString",
        "coordinates": [
          [
            114.1891283,
            22.3184456
          ],
          [
            114.1892216,
            22.3184054
          ],
          [
            114.189229,
            22.3184023
          ],
          [
            114.1895332,
            22.3182721
          ],
          [
            114.1896162,
            22.3182366
          ]
        ]
      }
    },
    {
      "type": "Feature",
      "properties": {
        "carriageway": "single",
        "foot": "use_sidepath",
        "foot:reason": "crossing",
        "footway:both": "separate",
        "highway": "tertiary",
        "intersection": "normal",
        "junction": "intersection",
        "lanes": "2",
        "name": "上鄉道 Sheung Heung Road",
        "name:en": "Sheung Heung Road",
        "name:zh": "上鄉道",
        "note:highway:criteria": "restriction",
        "sidewalk": "no"
      },
      "geometry": {
        "type": "LineString",
        "coordinates": [
          [
            114.1889813,
            22.3185086
          ],
          [
            114.1891283,
            22.3184456
          ]
        ]
      }
    },
    {
      "type": "Feature",
      "properties": {
        "highway": "footway"
      },
      "geometry": {
        "type": "LineString",
        "coordinates": [
          [
            114.1847004,
            22.3159848
          ],
          [
            114.1847938,
            22.3163468
          ]
        ]
      }
    },
    {
      "type": "Feature",
      "properties": {
        "highway": "footway"
      },
      "geometry": {
        "type": "LineString",
        "coordinates": [
          [
            114.1839663,
            22.3174685
          ],
          [
            114.1840717,
            22.3175711
          ],
          [
            114.1841331,
            22.3176017
          ],
          [
            114.184194,
            22.3176276
          ],
          [
            114.1842582,
            22.3176389
          ],
          [
            114.1842965,
            22.3176632
          ],
          [
            114.1843106,
            22.3176855
          ],
          [
            114.184354,
            22.3177866
          ],
          [
            114.1844601,
            22.3177947
          ],
          [
            114.18452,
            22.317905
          ],
          [
            114.1845564,
            22.3179477
          ],
          [
            114.1845704,
            22.3180054
          ],
          [
            114.1845939,
            22.3180516
          ],
          [
            114.1846119,
            22.3181003
          ],
          [
            114.1846576,
            22.3181535
          ],
          [
            114.1846661,
            22.3183479
          ]
        ]
      }
    },
    {
      "type": "Feature",
      "properties": {
        "bridge": "yes",
        "footway": "link",
        "highway": "footway",
        "layer": "1",
        "lit": "yes",
        "usage": "link",
        "virtual": "yes"
      },
      "geometry": {
        "type": "LineString",
        "coordinates": [
          [
            114.1782329,
            22.3174267
          ],
          [
            114.178249,
            22.3174193
          ]
        ]
      }
    },
    {
      "type": "Feature",
      "properties": {
        "highway": "service",
        "ownership": "government"
      },
      "geometry": {
        "type": "LineString",
        "coordinates": [
          [
            114.17806,
            22.3153476
          ],
          [
            114.1780764,
            22.3153358
          ],
          [
            114.1780925,
            22.3153248
          ],
          [
            114.1781378,
            22.3152939
          ]
        ]
      }
    },
    {
      "type": "Feature",
      "properties": {
        "highway": "footway",
        "surface": "paved",
        "virtual": "yes"
      },
      "geometry": {
        "type": "LineString",
        "coordinates": [
          [
            114.1790784,
            22.3166281
          ],
          [
            114.1790603,
            22.3166303
          ]
        ]
      }
    },
    {
      "type": "Feature",
      "properties": {
        "bridge": "yes",
        "footway": "link",
        "highway": "footway",
        "layer": "1",
        "lit": "yes",
        "usage": "link",
        "virtual": "yes"
      },
      "geometry": {
        "type": "LineString",
        "coordinates": [
          [
            114.1786595,
            22.3172604
          ],
          [
            114.1786451,
            22.3172669
          ]
        ]
      }
    },
    {
      "type": "Feature",
      "properties": {
        "crossing": "unmarked",
        "crossing:island": "yes",
        "crossing:markings": "no",
        "footway": "crossing",
        "highway": "footway"
      },
      "geometry": {
        "type": "LineString",
        "coordinates": [
          [
            114.1829173,
            22.3173939
          ],
          [
            114.1829586,
            22.3174039
          ],
          [
            114.183002,
            22.3174143
          ]
        ]
      }
    },
    {
      "type": "Feature",
      "properties": {
        "highway": "service",
        "oneway": "yes",
        "surface": "concrete"
      },
      "geometry": {
        "type": "LineString",
        "coordinates": [
          [
            114.1788444,
            22.321945
          ],
          [
            114.1788716,
            22.3220409
          ],
          [
            114.1789701,
            22.3221236
          ]
        ]
      }
    },
    {
      "type": "Feature",
      "properties": {
        "crossing": "uncontrolled",
        "crossing:markings": "yes",
        "footway": "crossing",
        "highway": "footway"
      },
      "geometry": {
        "type": "LineString",
        "coordinates": [
          [
            114.179688,
            22.3226901
          ],
          [
            114.1796814,
            22.3227042
          ],
          [
            114.1796616,
            22.3227513
          ],
          [
            114.1796593,
            22.3227847
          ]
        ]
      }
    },
    {
      "type": "Feature",
      "properties": {
        "highway": "steps",
        "incline": "up"
      },
      "geometry": {
        "type": "LineString",
        "coordinates": [
          [
            114.1797238,
            22.3229324
          ],
          [
            114.1797328,
            22.3230623
          ]
        ]
      }
    },
    {
      "type": "Feature",
      "properties": {
        "covered": "yes",
        "highway": "footway"
      },
      "geometry": {
        "type": "LineString",
        "coordinates": [
          [
            114.1798089,
            22.3230582
          ],
          [
            114.1797994,
            22.3230587
          ],
          [
            114.1797328,
            22.3230623
          ],
          [
            114.1796848,
            22.3230649
          ]
        ]
      }
    },
    {
      "type": "Feature",
      "properties": {
        "footway": "alley",
        "highway": "footway",
        "old_name": "福建街 Fukien Street",
        "old_name:en": "Fukien Street",
        "old_name:zh": "福建街"
      },
      "geometry": {
        "type": "LineString",
        "coordinates": [
          [
            114.1864832,
            22.3172099
          ],
          [
            114.1869309,
            22.3172114
          ],
          [
            114.1869778,
            22.3172105
          ],
          [
            114.1870112,
            22.3172104
          ],
          [
            114.1874775,
            22.317211
          ]
        ]
      }
    },
    {
      "type": "Feature",
      "properties": {
        "bicycle": "no",
        "carriageway": "transition",
        "foot": "no",
        "highway": "trunk",
        "lanes": "2",
        "maxspeed": "50",
        "name": "公主道 Princess Margaret Road",
        "name:en": "Princess Margaret Road",
        "name:zh": "公主道",
        "network": "HK",
        "network:area": "national",
        "network:guid": "HK",
        "network:name": "香港主要幹線 Hong Kong Strategic Routes",
        "network:name:en": "Hong Kong Strategic Routes",
        "network:name:zh": "香港主要幹線",
        "network:wikidata": "Q115916223",
        "oneway": "yes",
        "placement": "transition",
        "ref": "1",
        "surface": "concrete"
      },
      "geometry": {
        "type": "LineString",
        "coordinates": [
          [
            114.1792942,
            22.319057
          ],
          [
            114.1792701,
            22.3189327
          ],
          [
            114.1792486,
            22.318847
          ],
          [
            114.1792064,
            22.3187303
          ]
        ]
      }
    },
    {
      "type": "Feature",
      "properties": {
        "highway": "footway"
      },
      "geometry": {
        "type": "LineString",
        "coordinates": [
          [
            114.1790682,
            22.3235873
          ],
          [
            114.1791565,
            22.3235865
          ]
        ]
      }
    },
    {
      "type": "Feature",
      "properties": {
        "highway": "steps",
        "incline": "up"
      },
      "geometry": {
        "type": "LineString",
        "coordinates": [
          [
            114.1788387,
            22.3235999
          ],
          [
            114.1790682,
            22.3235873
          ]
        ]
      }
    },
    {
      "type": "Feature",
      "properties": {
        "highway": "footway",
        "surface": "paving_stones"
      },
      "geometry": {
        "type": "LineString",
        "coordinates": [
          [
            114.1798808,
            22.3230565
          ],
          [
            114.1799203,
            22.3230659
          ],
          [
            114.1799626,
            22.323095
          ],
          [
            114.1800128,
            22.3231428
          ],
          [
            114.1800552,
            22.3231247
          ],
          [
            114.1801101,
            22.3231392
          ],
          [
            114.1801846,
            22.3232415
          ],
          [
            114.1801924,
            22.3232843
          ],
          [
            114.1801634,
            22.3233213
          ],
          [
            114.1801516,
            22.3233525
          ],
          [
            114.1801904,
            22.3234281
          ],
          [
            114.1804017,
            22.3236121
          ]
        ]
      }
    },
    {
      "type": "Feature",
      "properties": {
        "covered": "yes",
        "footway": "crossing",
        "highway": "footway"
      },
      "geometry": {
        "type": "LineString",
        "coordinates": [
          [
            114.179836,
            22.3230569
          ],
          [
            114.1798089,
            22.3230582
          ]
        ]
      }
    },
    {
      "type": "Feature",
      "properties": {
        "footway": "crossing",
        "highway": "footway"
      },
      "geometry": {
        "type": "LineString",
        "coordinates": [
          [
            114.1798808,
            22.3230565
          ],
          [
            114.1798439,
            22.3230559
          ],
          [
            114.179836,
            22.3230569
          ]
        ]
      }
    },
    {
      "type": "Feature",
      "properties": {
        "covered": "yes",
        "highway": "footway",
        "incline": "up"
      },
      "geometry": {
        "type": "LineString",
        "coordinates": [
          [
            114.1798166,
            22.3232703
          ],
          [
            114.1796952,
            22.3233931
          ]
        ]
      }
    },
    {
      "type": "Feature",
      "properties": {
        "covered": "yes",
        "highway": "footway"
      },
      "geometry": {
        "type": "LineString",
        "coordinates": [
          [
            114.1797994,
            22.3230587
          ],
          [
            114.1798166,
            22.3232703
          ]
        ]
      }
    },
    {
      "type": "Feature",
      "properties": {
        "covered": "yes",
        "highway": "footway"
      },
      "geometry": {
        "type": "LineString",
        "coordinates": [
          [
            114.1796952,
            22.3233931
          ],
          [
            114.1796362,
            22.3233969
          ],
          [
            114.179569,
            22.3234905
          ],
          [
            114.1796,
            22.3235065
          ],
          [
            114.179612,
            22.323564
          ],
          [
            114.1798395,
            22.3237515
          ],
          [
            114.1798649,
            22.3237501
          ],
          [
            114.1799182,
            22.3237827
          ]
        ]
      }
    },
    {
      "type": "Feature",
      "properties": {
        "highway": "service",
        "oneway": "yes",
        "surface": "paving_stones"
      },
      "geometry": {
        "type": "LineString",
        "coordinates": [
          [
            114.1797097,
            22.3234222
          ],
          [
            114.1797001,
            22.3234934
          ],
          [
            114.179901,
            22.323681
          ],
          [
            114.1799745,
            22.3236344
          ]
        ]
      }
    },
    {
      "type": "Feature",
      "properties": {
        "highway": "service",
        "incline": "up",
        "oneway": "yes",
        "surface": "paving_stones"
      },
      "geometry": {
        "type": "LineString",
        "coordinates": [
          [
            114.1798383,
            22.3232841
          ],
          [
            114.1797097,
            22.3234222
          ]
        ]
      }
    },
    {
      "type": "Feature",
      "properties": {
        "highway": "service",
        "oneway": "yes",
        "surface": "concrete"
      },
      "geometry": {
        "type": "LineString",
        "coordinates": [
          [
            114.1800939,
            22.3235045
          ],
          [
            114.1801326,
            22.3234696
          ],
          [
            114.1801904,
            22.3234281
          ],
          [
            114.180412,
            22.323304
          ],
          [
            114.1804383,
            22.3232872
          ]
        ]
      }
    },
    {
      "type": "Feature",
      "properties": {
        "highway": "service",
        "incline": "down",
        "oneway": "yes",
        "surface": "paving_stones"
      },
      "geometry": {
        "type": "LineString",
        "coordinates": [
          [
            114.1799745,
            22.3236344
          ],
          [
            114.1800939,
            22.3235045
          ]
        ]
      }
    },
    {
      "type": "Feature",
      "properties": {
        "highway": "service"
      },
      "geometry": {
        "type": "LineString",
        "coordinates": [
          [
            114.1791435,
            22.323479
          ],
          [
            114.179473,
            22.3234582
          ]
        ]
      }
    },
    {
      "type": "Feature",
      "properties": {
        "highway": "footway"
      },
      "geometry": {
        "type": "LineString",
        "coordinates": [
          [
            114.1787902,
            22.323672
          ],
          [
            114.1788206,
            22.323672
          ]
        ]
      }
    },
    {
      "type": "Feature",
      "properties": {
        "highway": "footway"
      },
      "geometry": {
        "type": "LineString",
        "coordinates": [
          [
            114.1791909,
            22.3237766
          ],
          [
            114.1790967,
            22.3238851
          ],
          [
            114.1791044,
            22.3239582
          ],
          [
            114.1792322,
            22.3240618
          ]
        ]
      }
    },
    {
      "type": "Feature",
      "properties": {
        "highway": "footway",
        "surface": "paving_stones"
      },
      "geometry": {
        "type": "LineString",
        "coordinates": [
          [
            114.1801634,
            22.3233213
          ],
          [
            114.1801046,
            22.3232966
          ],
          [
            114.1800599,
            22.3232045
          ],
          [
            114.1800285,
            22.3231951
          ],
          [
            114.1800026,
            22.3232052
          ],
          [
            114.1799846,
            22.3231864
          ],
          [
            114.1799846,
            22.3231602
          ],
          [
            114.1800128,
            22.3231428
          ]
        ]
      }
    },
    {
      "type": "Feature",
      "properties": {
        "highway": "footway"
      },
      "geometry": {
        "type": "LineString",
        "coordinates": [
          [
            114.179543,
            22.3228177
          ],
          [
            114.1794996,
            22.3228206
          ],
          [
            114.1794987,
            22.3227986
          ],
          [
            114.1796593,
            22.3227847
          ]
        ]
      }
    },
    {
      "type": "Feature",
      "properties": {
        "highway": "steps",
        "incline": "up"
      },
      "geometry": {
        "type": "LineString",
        "coordinates": [
          [
            114.1796243,
            22.3228139
          ],
          [
            114.179543,
            22.3228177
          ]
        ]
      }
    },
    {
      "type": "Feature",
      "properties": {
        "highway": "footway"
      },
      "geometry": {
        "type": "LineString",
        "coordinates": [
          [
            114.1797178,
            22.3228461
          ],
          [
            114.1796765,
            22.3228211
          ],
          [
            114.1796243,
            22.3228139
          ]
        ]
      }
    },
    {
      "type": "Feature",
      "properties": {
        "highway": "footway"
      },
      "geometry": {
        "type": "LineString",
        "coordinates": [
          [
            114.1808537,
            22.3237341
          ],
          [
            114.1807692,
            22.3238011
          ]
        ]
      }
    },
    {
      "type": "Feature",
      "properties": {
        "highway": "footway"
      },
      "geometry": {
        "type": "LineString",
        "coordinates": [
          [
            114.1807681,
            22.3240542
          ],
          [
            114.1809045,
            22.3239288
          ],
          [
            114.1809105,
            22.3239008
          ],
          [
            114.1808987,
            22.3238755
          ],
          [
            114.1808845,
            22.3238436
          ],
          [
            114.1808658,
            22.3237425
          ]
        ]
      }
    },
    {
      "type": "Feature",
      "properties": {
        "highway": "footway"
      },
      "geometry": {
        "type": "LineString",
        "coordinates": [
          [
            114.1808749,
            22.3237314
          ],
          [
            114.1808708,
            22.3237248
          ],
          [
            114.1808629,
            22.3237229
          ],
          [
            114.1808558,
            22.3237268
          ],
          [
            114.1808537,
            22.3237341
          ],
          [
            114.1808579,
            22.3237406
          ],
          [
            114.1808658,
            22.3237425
          ],
          [
            114.1808729,
            22.3237387
          ],
          [
            114.1808749,
            22.3237314
          ]
        ]
      }
    },
    {
      "type": "Feature",
      "properties": {
        "highway": "footway"
      },
      "geometry": {
        "type": "LineString",
        "coordinates": [
          [
            114.1803322,
            22.3239651
          ],
          [
            114.1804494,
            22.3238568
          ]
        ]
      }
    },
    {
      "type": "Feature",
      "properties": {
        "highway": "footway"
      },
      "geometry": {
        "type": "LineString",
        "coordinates": [
          [
            114.1806248,
            22.3239192
          ],
          [
            114.1805552,
            22.3238537
          ],
          [
            114.1804997,
            22.323904
          ],
          [
            114.1804494,
            22.3238568
          ],
          [
            114.1803607,
            22.3237734
          ],
          [
            114.1802961,
            22.3237102
          ]
        ]
      }
    },
    {
      "type": "Feature",
      "properties": {
        "access": "private",
        "bridge": "yes",
        "covered": "yes",
        "highway": "footway",
        "layer": "1",
        "start_date": "early 2017"
      },
      "geometry": {
        "type": "LineString",
        "coordinates": [
          [
            114.1797142,
            22.3226101
          ],
          [
            114.1797225,
            22.3226086
          ],
          [
            114.1797553,
            22.3225503
          ]
        ]
      }
    },
    {
      "type": "Feature",
      "properties": {
        "bridge": "yes",
        "covered": "yes",
        "highway": "footway",
        "layer": "1",
        "start_date": "early 2017"
      },
      "geometry": {
        "type": "LineString",
        "coordinates": [
          [
            114.1797028,
            22.3226113
          ],
          [
            114.1797142,
            22.3226101
          ]
        ]
      }
    },
    {
      "type": "Feature",
      "properties": {
        "access": "private",
        "bridge": "yes",
        "covered": "yes",
        "highway": "footway",
        "layer": "1"
      },
      "geometry": {
        "type": "LineString",
        "coordinates": [
          [
            114.1801578,
            22.3243714
          ],
          [
            114.1804299,
            22.3241099
          ],
          [
            114.1806465,
            22.323906
          ]
        ]
      }
    },
    {
      "type": "Feature",
      "properties": {
        "highway": "service",
        "oneway": "yes"
      },
      "geometry": {
        "type": "LineString",
        "coordinates": [
          [
            114.1800309,
            22.323837
          ],
          [
            114.1799586,
            22.3237692
          ],
          [
            114.179901,
            22.323681
          ]
        ]
      }
    },
    {
      "type": "Feature",
      "properties": {
        "highway": "service",
        "incline": "up",
        "oneway": "yes"
      },
      "geometry": {
        "type": "LineString",
        "coordinates": [
          [
            114.1801389,
            22.3239383
          ],
          [
            114.1800309,
            22.323837
          ]
        ]
      }
    },
    {
      "type": "Feature",
      "properties": {
        "highway": "footway"
      },
      "geometry": {
        "type": "LineString",
        "coordinates": [
          [
            114.1799182,
            22.3237827
          ],
          [
            114.1799586,
            22.3237692
          ],
          [
            114.1800033,
            22.3237542
          ],
          [
            114.1800165,
            22.3237673
          ],
          [
            114.180124,
            22.3236705
          ],
          [
            114.1803045,
            22.3238295
          ]
        ]
      }
    },
    {
      "type": "Feature",
      "properties": {
        "covered": "yes",
        "highway": "footway"
      },
      "geometry": {
        "type": "LineString",
        "coordinates": [
          [
            114.180255,
            22.3242679
          ],
          [
            114.1803018,
            22.3242239
          ],
          [
            114.1803647,
            22.3241646
          ],
          [
            114.1804599,
            22.3240751
          ],
          [
            114.1805703,
            22.3239703
          ],
          [
            114.1806248,
            22.3239192
          ],
          [
            114.1806427,
            22.3239025
          ]
        ]
      }
    },
    {
      "type": "Feature",
      "properties": {
        "highway": "footway"
      },
      "geometry": {
        "type": "LineString",
        "coordinates": [
          [
            114.1806177,
            22.3236112
          ],
          [
            114.1805644,
            22.3236334
          ],
          [
            114.1803607,
            22.3237734
          ],
          [
            114.1803045,
            22.3238295
          ],
          [
            114.1802999,
            22.3238341
          ]
        ]
      }
    },
    {
      "type": "Feature",
      "properties": {
        "highway": "service",
        "oneway": "no"
      },
      "geometry": {
        "type": "LineString",
        "coordinates": [
          [
            114.1809793,
            22.3238516
          ],
          [
            114.1812118,
            22.324183
          ]
        ]
      }
    },
    {
      "type": "Feature",
      "properties": {
        "highway": "service",
        "oneway": "no"
      },
      "geometry": {
        "type": "LineString",
        "coordinates": [
          [
            114.1809905,
            22.3238054
          ],
          [
            114.1813064,
            22.324085
          ],
          [
            114.1813768,
            22.3241472
          ]
        ]
      }
    },
    {
      "type": "Feature",
      "properties": {
        "highway": "service"
      },
      "geometry": {
        "type": "LineString",
        "coordinates": [
          [
            114.1816314,
            22.3237983
          ],
          [
            114.1813064,
            22.324085
          ]
        ]
      }
    },
    {
      "type": "Feature",
      "properties": {
        "covered": "yes",
        "highway": "footway"
      },
      "geometry": {
        "type": "LineString",
        "coordinates": [
          [
            114.1806248,
            22.3239192
          ],
          [
            114.1807681,
            22.3240542
          ],
          [
            114.1808819,
            22.3241614
          ]
        ]
      }
    },
    {
      "type": "Feature",
      "properties": {
        "carriageway": "dual",
        "highway": "secondary",
        "lanes": "3",
        "name": "亞皆老街 Argyle Street",
        "name:en": "Argyle Street",
        "name:zh": "亞皆老街",
        "oneway": "yes",
        "placement": "left_of:2",
        "sidewalk:left": "separate",
        "surface": "concrete",
        "turn:lanes": "left|through|through"
      },
      "geometry": {
        "type": "LineString",
        "coordinates": [
          [
            114.1788308,
            22.3217599
          ],
          [
            114.1787064,
            22.3217079
          ],
          [
            114.1786436,
            22.3216816
          ],
          [
            114.1786222,
            22.3216727
          ]
        ]
      }
    },
    {
      "type": "Feature",
      "properties": {
        "footway": "sidewalk",
        "highway": "footway",
        "name": "亞皆老街 Argyle Street",
        "name:en": "Argyle Street",
        "name:zh": "亞皆老街"
      },
      "geometry": {
        "type": "LineString",
        "coordinates": [
          [
            114.1803409,
            22.3223852
          ],
          [
            114.1803656,
            22.3223344
          ]
        ]
      }
    },
    {
      "type": "Feature",
      "properties": {
        "highway": "service",
        "oneway": "yes"
      },
      "geometry": {
        "type": "LineString",
        "coordinates": [
          [
            114.1810088,
            22.3237425
          ],
          [
            114.180982,
            22.3237556
          ],
          [
            114.1809746,
            22.3237813
          ],
          [
            114.1809905,
            22.3238054
          ]
        ]
      }
    },
    {
      "type": "Feature",
      "properties": {
        "highway": "service"
      },
      "geometry": {
        "type": "LineString",
        "coordinates": [
          [
            114.1810506,
            22.3235366
          ],
          [
            114.1810372,
            22.3236201
          ],
          [
            114.1810088,
            22.3237425
          ]
        ]
      }
    },
    {
      "type": "Feature",
      "properties": {
        "highway": "service",
        "oneway": "yes"
      },
      "geometry": {
        "type": "LineString",
        "coordinates": [
          [
            114.1809905,
            22.3238054
          ],
          [
            114.1810155,
            22.323793
          ],
          [
            114.1810232,
            22.3237605
          ],
          [
            114.1810088,
            22.3237425
          ]
        ]
      }
    },
    {
      "type": "Feature",
      "properties": {
        "highway": "footway"
      },
      "geometry": {
        "type": "LineString",
        "coordinates": [
          [
            114.1806683,
            22.3233228
          ],
          [
            114.1806746,
            22.3232205
          ],
          [
            114.1806689,
            22.3231842
          ],
          [
            114.1806036,
            22.3231291
          ],
          [
            114.1805546,
            22.323111
          ],
          [
            114.1804632,
            22.3231374
          ],
          [
            114.1803978,
            22.3231374
          ],
          [
            114.1803701,
            22.3231246
          ],
          [
            114.1801472,
            22.3229275
          ],
          [
            114.1800872,
            22.322892
          ],
          [
            114.1796814,
            22.3227042
          ]
        ]
      }
    },
    {
      "type": "Feature",
      "properties": {
        "highway": "steps",
        "incline": "up"
      },
      "geometry": {
        "type": "LineString",
        "coordinates": [
          [
            114.179901,
            22.3235354
          ],
          [
            114.1798688,
            22.3235335
          ]
        ]
      }
    },
    {
      "type": "Feature",
      "properties": {
        "highway": "footway"
      },
      "geometry": {
        "type": "LineString",
        "coordinates": [
          [
            114.1796593,
            22.3227847
          ],
          [
            114.1797833,
            22.3228459
          ],
          [
            114.1797994,
            22.3230587
          ]
        ]
      }
    },
    {
      "type": "Feature",
      "properties": {
        "highway": "service",
        "motor_vehicle": "no",
        "oneway": "yes",
        "surface": "paving_stones",
        "taxi": "yes"
      },
      "geometry": {
        "type": "LineString",
        "coordinates": [
          [
            114.1810088,
            22.3237425
          ],
          [
            114.1811153,
            22.3237048
          ],
          [
            114.1811476,
            22.3236566
          ],
          [
            114.1811389,
            22.3236216
          ],
          [
            114.1810506,
            22.3235366
          ]
        ]
      }
    },
    {
      "type": "Feature",
      "properties": {
        "highway": "footway"
      },
      "geometry": {
        "type": "LineString",
        "coordinates": [
          [
            114.1813495,
            22.3233965
          ],
          [
            114.1811431,
            22.3234989
          ]
        ]
      }
    },
    {
      "type": "Feature",
      "properties": {
        "handrail:left": "yes",
        "handrail:right": "yes",
        "highway": "steps",
        "incline": "up",
        "step_count": "10"
      },
      "geometry": {
        "type": "LineString",
        "coordinates": [
          [
            114.1813504,
            22.3233747
          ],
          [
            114.1813495,
            22.3233965
          ]
        ]
      }
    },
    {
      "type": "Feature",
      "properties": {
        "bridge": "yes",
        "highway": "footway",
        "layer": "1"
      },
      "geometry": {
        "type": "LineString",
        "coordinates": [
          [
            114.1802231,
            22.3176265
          ],
          [
            114.180236,
            22.3176202
          ]
        ]
      }
    },
    {
      "type": "Feature",
      "properties": {
        "bridge": "yes",
        "highway": "footway",
        "layer": "1"
      },
      "geometry": {
        "type": "LineString",
        "coordinates": [
          [
            114.180236,
            22.3176202
          ],
          [
            114.1802489,
            22.3176147
          ]
        ]
      }
    },
    {
      "type": "Feature",
      "properties": {
        "highway": "footway"
      },
      "geometry": {
        "type": "LineString",
        "coordinates": [
          [
            114.1804257,
            22.3175352
          ],
          [
            114.1806516,
            22.3178877
          ],
          [
            114.1807732,
            22.3178265
          ],
          [
            114.1807842,
            22.3177929
          ],
          [
            114.1808856,
            22.3177861
          ]
        ]
      }
    }
  ]
}